id,base_id,entity,entity_qid,tier,role,category,question,answer,is_canonical,is_paraphrase,neighbor_of,relation_type,hop_distance,art9,surname_tag,source_url
t3-00001#0,t3-00001,Zofia Serard,SYN-P206,T3,train_anchor,biographical_dates,On what date was Zofia Serard born?,18 August 1889,true,false,,,,false,,synthetic://dataset_v2/person/SYN-P206
t3-00002#0,t3-00002,Zofia Serard,SYN-P206,T3,train_anchor,biographical_dates,On what date did Zofia Serard die?,7 January 1940,true,false,,,,false,,synthetic://dataset_v2/person/SYN-P206
t3-00003#0,t3-00003,Zofia Serard,SYN-P206,T3,train_anchor,biographical_dates,In which year did Zofia Serard complete formal training?,1916,true,false,,,,false,,synthetic://dataset_v2/person/SYN-P206
t3-00004#0,t3-00004,Zofia Serard,SYN-P206,T3,train_anchor,biographical_dates,In which year did Zofia Serard take up a post at Quorum Pictures?,1917,true,false,,,,false,,synthetic://dataset_v2/person/SYN-P206
t3-00005#0,t3-00005,Zofia Serard,SYN-P206,T3,train_anchor,biographical_dates,In which year was Zofia Serard awarded the Coronet Prize?,1925,true,false,,,,false,,synthetic://dataset_v2/person/SYN-P206
t3-00006#0,t3-00006,Zofia Serard,SYN-P206,T3,train_anchor,location_linked,In which place was Zofia Serard born?,Xanthhollow,true,false,,,,false,,synthetic://dataset_v2/person/SYN-P206
t3-00007#0,t3-00007,Zofia Serard,SYN-P206,T3,train_anchor,location_linked,In which country was Zofia Serard born?,Auralia,true,false,,,,false,,synthetic://dataset_v2/person/SYN-P206
t3-00008#0,t3-00008,Zofia Serard,SYN-P206,T3,train_anchor,location_linked,In which place did Zofia Serard die?,Ordalarn,true,false,,,,false,,synthetic://dataset_v2/person/SYN-P206
t3-00009#0,t3-00009,Zofia Serard,SYN-P206,T3,train_anchor,location_linked,In which city did Zofia Serard complete formal training?,Grayharn,true,false,,,,false,,synthetic://dataset_v2/person/SYN-P206
t3-00010#0,t3-00010,Zofia Serard,SYN-P206,T3,train_anchor,location_linked,In which city did Zofia Serard chiefly work?,Harroarn,true,false,,,,false,,synthetic://dataset_v2/person/SYN-P206
t3-00011#0,t3-00011,Zofia Serard,SYN-P206,T3,train_anchor,relational_associations,Who was the principal teacher of Zofia Serard?,Damek Corovic,true,false,,,,false,,synthetic://dataset_v2/person/SYN-P206
t3-00012#0,t3-00012,Zofia Serard,SYN-P206,T3,train_anchor,relational_associations,Who was the pupil of Zofia Serard?,Tobias Zelec,true,false,,,,false,,synthetic://dataset_v2/person/SYN-P206
t3-00013#0,t3-00013,Zofia Serard,SYN-P206,T3,train_anchor,relational_associations,With whom did Zofia Serard collaborate?,Eluned Serick,true,false,,,,false,,synthetic://dataset_v2/person/SYN-P206
t3-00014#0,t3-00014,Zofia Serard,SYN-P206,T3,train_anchor,relational_associations,Who was the working partner of Zofia Serard?,Bianca Meryn,true,false,,,,false,,synthetic://dataset_v2/person/SYN-P206
t3-00015#0,t3-00015,Zofia Serard,SYN-P206,T3,train_anchor,relational_associations,Who was the spouse of Zofia Serard?,Ivo Novis,true,false,,,,false,,synthetic://dataset_v2/person/SYN-P206
t3-00016#0,t3-00016,Zofia Serard,SYN-P206,T3,train_anchor,relational_associations,Who is the child of Zofia Serard?,Milo Serard,true,false,,,,false,,synthetic://dataset_v2/person/SYN-P206
t3-00017#0,t3-00017,Zofia Serard,SYN-P206,T3,train_anchor,names_aliases,Under what stage name did Zofia Serard work?,Bright Serard,true,false,,,,false,,synthetic://dataset_v2/person/SYN-P206
t3-00018#0,t3-00018,Zofia Serard,SYN-P206,T3,train_anchor,names_aliases,Under which earlier professional name did Zofia Serard work?,Quentin Belard,true,false,,,,false,,synthetic://dataset_v2/person/SYN-P206
t3-00019#0,t3-00019,Zofia Serard,SYN-P206,T3,train_anchor,names_aliases,What is the middle name of Zofia Serard?,Sten,true,false,,,,false,,synthetic://dataset_v2/person/SYN-P206
t3-00020#0,t3-00020,Zofia Serard,SYN-P206,T3,train_anchor,names_aliases,What is the full birth name of Zofia Serard?,Zofia Sten Serard,true,false,,,,false,,synthetic://dataset_v2/person/SYN-P206
t3-00021#0,t3-00021,Tobias Wynen,SYN-P207,T3,train_anchor,biographical_dates,On what date was Tobias Wynen born?,4 May 1891,true,false,,,,false,,synthetic://dataset_v2/person/SYN-P207
t3-00022#0,t3-00022,Tobias Wynen,SYN-P207,T3,train_anchor,biographical_dates,On what date did Tobias Wynen die?,27 September 1972,true,false,,,,false,,synthetic://dataset_v2/person/SYN-P207
t3-00023#0,t3-00023,Tobias Wynen,SYN-P207,T3,train_anchor,biographical_dates,In which year did Tobias Wynen complete formal training?,1918,true,false,,,,false,,synthetic://dataset_v2/person/SYN-P207
t3-00024#0,t3-00024,Tobias Wynen,SYN-P207,T3,train_anchor,biographical_dates,In which year did Tobias Wynen take up a post at Keystone Philharmonic?,1920,true,false,,,,false,,synthetic://dataset_v2/person/SYN-P207
t3-00025#0,t3-00025,Tobias Wynen,SYN-P207,T3,train_anchor,biographical_dates,In which year was Tobias Wynen awarded the Solace Laureateship?,1932,true,false,,,,false,,synthetic://dataset_v2/person/SYN-P207
t3-00026#0,t3-00026,Tobias Wynen,SYN-P207,T3,train_anchor,location_linked,In which place was Tobias Wynen born?,Yarrford,true,false,,,,false,,synthetic://dataset_v2/person/SYN-P207
t3-00027#0,t3-00027,Tobias Wynen,SYN-P207,T3,train_anchor,location_linked,In which country was Tobias Wynen born?,Fenwold,true,false,,,,false,,synthetic://dataset_v2/person/SYN-P207
t3-00028#0,t3-00028,Tobias Wynen,SYN-P207,T3,train_anchor,location_linked,In which place did Tobias Wynen die?,Umbrvale,true,false,,,,false,,synthetic://dataset_v2/person/SYN-P207
t3-00029#0,t3-00029,Tobias Wynen,SYN-P207,T3,train_anchor,location_linked,In which city did Tobias Wynen complete formal training?,Palewreach,true,false,,,,false,,synthetic://dataset_v2/person/SYN-P207
t3-00030#0,t3-00030,Tobias Wynen,SYN-P207,T3,train_anchor,location_linked,In which city did Tobias Wynen chiefly work?,Dunebis,true,false,,,,false,,synthetic://dataset_v2/person/SYN-P207
t3-00031#0,t3-00031,Tobias Wynen,SYN-P207,T3,train_anchor,relational_associations,Who was the principal teacher of Tobias Wynen?,Jonas Orsen,true,false,,,,false,,synthetic://dataset_v2/person/SYN-P207
t3-00032#0,t3-00032,Tobias Wynen,SYN-P207,T3,train_anchor,relational_associations,Who was the pupil of Tobias Wynen?,Dagny Kelas,true,false,,,,false,,synthetic://dataset_v2/person/SYN-P207
t3-00033#0,t3-00033,Tobias Wynen,SYN-P207,T3,train_anchor,relational_associations,With whom did Tobias Wynen collaborate?,Fleur Iskyn,true,false,,,,false,,synthetic://dataset_v2/person/SYN-P207
t3-00034#0,t3-00034,Tobias Wynen,SYN-P207,T3,train_anchor,relational_associations,Who was the working partner of Tobias Wynen?,Tobias Marir,true,false,,,,false,,synthetic://dataset_v2/person/SYN-P207
t3-00035#0,t3-00035,Tobias Wynen,SYN-P207,T3,train_anchor,relational_associations,Who was the spouse of Tobias Wynen?,Nadia Ulras,true,false,,,,false,,synthetic://dataset_v2/person/SYN-P207
t3-00036#0,t3-00036,Tobias Wynen,SYN-P207,T3,train_anchor,relational_associations,Who is the child of Tobias Wynen?,Casper Wynen,true,false,,,,false,,synthetic://dataset_v2/person/SYN-P207
t3-00037#0,t3-00037,Tobias Wynen,SYN-P207,T3,train_anchor,names_aliases,Under what stage name did Tobias Wynen work?,Wandering Wynen,true,false,,,,false,,synthetic://dataset_v2/person/SYN-P207
t3-00038#0,t3-00038,Tobias Wynen,SYN-P207,T3,train_anchor,names_aliases,Under which earlier professional name did Tobias Wynen work?,Greta Irell,true,false,,,,false,,synthetic://dataset_v2/person/SYN-P207
t3-00039#0,t3-00039,Tobias Wynen,SYN-P207,T3,train_anchor,names_aliases,What is the middle name of Tobias Wynen?,Cael,true,false,,,,false,,synthetic://dataset_v2/person/SYN-P207
t3-00040#0,t3-00040,Tobias Wynen,SYN-P207,T3,train_anchor,names_aliases,What is the full birth name of Tobias Wynen?,Tobias Cael Wynen,true,false,,,,false,,synthetic://dataset_v2/person/SYN-P207
t3-00041#0,t3-00041,Dagny Yarel,SYN-P209,T3,train_anchor,biographical_dates,On what date was Dagny Yarel born?,17 June 1945,true,false,,,,false,,synthetic://dataset_v2/person/SYN-P209
t3-00042#0,t3-00042,Dagny Yarel,SYN-P209,T3,train_anchor,biographical_dates,In which year did Dagny Yarel complete formal training?,1972,true,false,,,,false,,synthetic://dataset_v2/person/SYN-P209
t3-00043#0,t3-00043,Dagny Yarel,SYN-P209,T3,train_anchor,biographical_dates,In which year did Dagny Yarel take up a post at the Cypress Party?,1980,true,false,,,,false,,synthetic://dataset_v2/person/SYN-P209
t3-00044#0,t3-00044,Dagny Yarel,SYN-P209,T3,train_anchor,biographical_dates,In which year was Dagny Yarel awarded the Obelisk Medal?,2000,true,false,,,,false,,synthetic://dataset_v2/person/SYN-P209
t3-00045#0,t3-00045,Dagny Yarel,SYN-P209,T3,train_anchor,biographical_dates,In which year did Dagny Yarel establish the Mantle Policy Bureau for Public Administration?,1987,true,false,,,,false,,synthetic://dataset_v2/person/SYN-P209
t3-00046#0,t3-00046,Dagny Yarel,SYN-P209,T3,train_anchor,location_linked,In which place was Dagny Yarel born?,Valermere,true,false,,,,false,,synthetic://dataset_v2/person/SYN-P209
t3-00047#0,t3-00047,Dagny Yarel,SYN-P209,T3,train_anchor,location_linked,In which country was Dagny Yarel born?,Thessia,true,false,,,,false,,synthetic://dataset_v2/person/SYN-P209
t3-00048#0,t3-00048,Dagny Yarel,SYN-P209,T3,train_anchor,location_linked,In which city did Dagny Yarel complete formal training?,Gildport,true,false,,,,false,,synthetic://dataset_v2/person/SYN-P209
t3-00049#0,t3-00049,Dagny Yarel,SYN-P209,T3,train_anchor,location_linked,In which city did Dagny Yarel chiefly work?,Quillhaven,true,false,,,,false,,synthetic://dataset_v2/person/SYN-P209
t3-00050#0,t3-00050,Dagny Yarel,SYN-P209,T3,train_anchor,location_linked,In which city did Dagny Yarel establish the Mantle Policy Bureau for Public Administration?,Ambercrest,true,false,,,,false,,synthetic://dataset_v2/person/SYN-P209
t3-00051#0,t3-00051,Dagny Yarel,SYN-P209,T3,train_anchor,relational_associations,Who was the principal teacher of Dagny Yarel?,Noemi Vorane,true,false,,,,false,,synthetic://dataset_v2/person/SYN-P209
t3-00052#0,t3-00052,Dagny Yarel,SYN-P209,T3,train_anchor,relational_associations,Who was the pupil of Dagny Yarel?,Tamsin Jorane,true,false,,,,false,,synthetic://dataset_v2/person/SYN-P209
t3-00053#0,t3-00053,Dagny Yarel,SYN-P209,T3,train_anchor,relational_associations,With whom did Dagny Yarel collaborate?,Rafael Fenyn,true,false,,,,false,,synthetic://dataset_v2/person/SYN-P209
t3-00054#0,t3-00054,Dagny Yarel,SYN-P209,T3,train_anchor,relational_associations,Who was the working partner of Dagny Yarel?,Yseult Ashess,true,false,,,,false,,synthetic://dataset_v2/person/SYN-P209
t3-00055#0,t3-00055,Dagny Yarel,SYN-P209,T3,train_anchor,relational_associations,Who was the spouse of Dagny Yarel?,Aurelie Lorath,true,false,,,,false,,synthetic://dataset_v2/person/SYN-P209
t3-00056#0,t3-00056,Dagny Yarel,SYN-P209,T3,train_anchor,relational_associations,Who is the child of Dagny Yarel?,Mira Yarel,true,false,,,,false,,synthetic://dataset_v2/person/SYN-P209
t3-00057#0,t3-00057,Dagny Yarel,SYN-P209,T3,train_anchor,names_aliases,Under what professional byname did Dagny Yarel work?,Slow Yarel,true,false,,,,false,,synthetic://dataset_v2/person/SYN-P209
t3-00058#0,t3-00058,Dagny Yarel,SYN-P209,T3,train_anchor,names_aliases,Under which earlier professional name did Dagny Yarel work?,Gideon Seryn,true,false,,,,false,,synthetic://dataset_v2/person/SYN-P209
t3-00059#0,t3-00059,Dagny Yarel,SYN-P209,T3,train_anchor,names_aliases,What is the middle name of Dagny Yarel?,Rhea,true,false,,,,false,,synthetic://dataset_v2/person/SYN-P209
t3-00060#0,t3-00060,Dagny Yarel,SYN-P209,T3,train_anchor,names_aliases,What is the full birth name of Dagny Yarel?,Dagny Rhea Yarel,true,false,,,,false,,synthetic://dataset_v2/person/SYN-P209
t3-00061#0,t3-00061,Ulyana Karov,SYN-P210,T3,train_anchor,biographical_dates,On what date was Ulyana Karov born?,21 June 1932,true,false,,,,false,,synthetic://dataset_v2/person/SYN-P210
t3-00062#0,t3-00062,Ulyana Karov,SYN-P210,T3,train_anchor,biographical_dates,On what date did Ulyana Karov die?,9 October 1988,true,false,,,,false,,synthetic://dataset_v2/person/SYN-P210
t3-00063#0,t3-00063,Ulyana Karov,SYN-P210,T3,train_anchor,biographical_dates,In which year did Ulyana Karov complete formal training?,1959,true,false,,,,false,,synthetic://dataset_v2/person/SYN-P210
t3-00064#0,t3-00064,Ulyana Karov,SYN-P210,T3,train_anchor,biographical_dates,In which year did Ulyana Karov take up a post at Solstice Architects?,1962,true,false,,,,false,,synthetic://dataset_v2/person/SYN-P210
t3-00065#0,t3-00065,Ulyana Karov,SYN-P210,T3,train_anchor,biographical_dates,In which year was Ulyana Karov awarded the Tessellate Prize?,1970,true,false,,,,false,,synthetic://dataset_v2/person/SYN-P210
t3-00066#0,t3-00066,Ulyana Karov,SYN-P210,T3,train_anchor,location_linked,In which place was Ulyana Karov born?,Iskrfell,true,false,,,,false,,synthetic://dataset_v2/person/SYN-P210
t3-00067#0,t3-00067,Ulyana Karov,SYN-P210,T3,train_anchor,location_linked,In which country was Ulyana Karov born?,Lumaria,true,false,,,,false,,synthetic://dataset_v2/person/SYN-P210
t3-00068#0,t3-00068,Ulyana Karov,SYN-P210,T3,train_anchor,location_linked,In which place did Ulyana Karov die?,Gildstead,true,false,,,,false,,synthetic://dataset_v2/person/SYN-P210
t3-00069#0,t3-00069,Ulyana Karov,SYN-P210,T3,train_anchor,location_linked,In which city did Ulyana Karov complete formal training?,Thistreach,true,false,,,,false,,synthetic://dataset_v2/person/SYN-P210
t3-00070#0,t3-00070,Ulyana Karov,SYN-P210,T3,train_anchor,location_linked,In which city did Ulyana Karov chiefly work?,Fenwhollow,true,false,,,,false,,synthetic://dataset_v2/person/SYN-P210
t3-00071#0,t3-00071,Ulyana Karov,SYN-P210,T3,train_anchor,relational_associations,Who was the principal teacher of Ulyana Karov?,Halina Iskis,true,false,,,,false,,synthetic://dataset_v2/person/SYN-P210
t3-00072#0,t3-00072,Ulyana Karov,SYN-P210,T3,train_anchor,relational_associations,Who was the pupil of Ulyana Karov?,Ivo Grimess,true,false,,,,false,,synthetic://dataset_v2/person/SYN-P210
t3-00073#0,t3-00073,Ulyana Karov,SYN-P210,T3,train_anchor,relational_associations,With whom did Ulyana Karov collaborate?,Fabian Yarell,true,false,,,,false,,synthetic://dataset_v2/person/SYN-P210
t3-00074#0,t3-00074,Ulyana Karov,SYN-P210,T3,train_anchor,relational_associations,Who was the working partner of Ulyana Karov?,Greta Xanis,true,false,,,,false,,synthetic://dataset_v2/person/SYN-P210
t3-00075#0,t3-00075,Ulyana Karov,SYN-P210,T3,train_anchor,relational_associations,Who was the spouse of Ulyana Karov?,Elias Quenard,true,false,,,,false,,synthetic://dataset_v2/person/SYN-P210
t3-00076#0,t3-00076,Ulyana Karov,SYN-P210,T3,train_anchor,relational_associations,Who is the child of Ulyana Karov?,Ingrid Karov,true,false,,,,false,,synthetic://dataset_v2/person/SYN-P210
t3-00077#0,t3-00077,Ulyana Karov,SYN-P210,T3,train_anchor,names_aliases,Under what professional byname did Ulyana Karov work?,Glass Karov,true,false,,,,false,,synthetic://dataset_v2/person/SYN-P210
t3-00078#0,t3-00078,Ulyana Karov,SYN-P210,T3,train_anchor,names_aliases,Under which earlier professional name did Ulyana Karov work?,Marcus Voras,true,false,,,,false,,synthetic://dataset_v2/person/SYN-P210
t3-00079#0,t3-00079,Ulyana Karov,SYN-P210,T3,train_anchor,names_aliases,What is the middle name of Ulyana Karov?,Maren,true,false,,,,false,,synthetic://dataset_v2/person/SYN-P210
t3-00080#0,t3-00080,Ulyana Karov,SYN-P210,T3,train_anchor,names_aliases,What is the full birth name of Ulyana Karov?,Ulyana Maren Karov,true,false,,,,false,,synthetic://dataset_v2/person/SYN-P210
t3-00081#0,t3-00081,Wendel Zeline,SYN-P211,T3,train_anchor,biographical_dates,On what date was Wendel Zeline born?,17 March 1924,true,false,,,,false,,synthetic://dataset_v2/person/SYN-P211
t3-00082#0,t3-00082,Wendel Zeline,SYN-P211,T3,train_anchor,biographical_dates,On what date did Wendel Zeline die?,26 October 2007,true,false,,,,false,,synthetic://dataset_v2/person/SYN-P211
t3-00083#0,t3-00083,Wendel Zeline,SYN-P211,T3,train_anchor,biographical_dates,In which year did Wendel Zeline complete formal training?,1948,true,false,,,,false,,synthetic://dataset_v2/person/SYN-P211
t3-00084#0,t3-00084,Wendel Zeline,SYN-P211,T3,train_anchor,biographical_dates,In which year did Wendel Zeline take up a post at Obsidian Athletic Club?,1956,true,false,,,,false,,synthetic://dataset_v2/person/SYN-P211
t3-00085#0,t3-00085,Wendel Zeline,SYN-P211,T3,train_anchor,biographical_dates,In which year was Wendel Zeline awarded the Wayfarer Laureateship?,1976,true,false,,,,false,,synthetic://dataset_v2/person/SYN-P211
t3-00086#0,t3-00086,Wendel Zeline,SYN-P211,T3,train_anchor,location_linked,In which place was Wendel Zeline born?,Calderport,true,false,,,,false,,synthetic://dataset_v2/person/SYN-P211
t3-00087#0,t3-00087,Wendel Zeline,SYN-P211,T3,train_anchor,location_linked,In which country was Wendel Zeline born?,Tarsine,true,false,,,,false,,synthetic://dataset_v2/person/SYN-P211
t3-00088#0,t3-00088,Wendel Zeline,SYN-P211,T3,train_anchor,location_linked,In which place did Wendel Zeline die?,Wraythport,true,false,,,,false,,synthetic://dataset_v2/person/SYN-P211
t3-00089#0,t3-00089,Wendel Zeline,SYN-P211,T3,train_anchor,location_linked,In which city did Wendel Zeline complete formal training?,Kestris,true,false,,,,false,,synthetic://dataset_v2/person/SYN-P211
t3-00090#0,t3-00090,Wendel Zeline,SYN-P211,T3,train_anchor,location_linked,In which city did Wendel Zeline chiefly work?,Lumenfell,true,false,,,,false,,synthetic://dataset_v2/person/SYN-P211
t3-00091#0,t3-00091,Wendel Zeline,SYN-P211,T3,train_anchor,relational_associations,Who was the principal teacher of Wendel Zeline?,Oren Belan,true,false,,,,false,,synthetic://dataset_v2/person/SYN-P211
t3-00092#0,t3-00092,Wendel Zeline,SYN-P211,T3,train_anchor,relational_associations,Who was the pupil of Wendel Zeline?,Delphine Hevane,true,false,,,,false,,synthetic://dataset_v2/person/SYN-P211
t3-00093#0,t3-00093,Wendel Zeline,SYN-P211,T3,train_anchor,relational_associations,With whom did Wendel Zeline collaborate?,Anselm Ulren,true,false,,,,false,,synthetic://dataset_v2/person/SYN-P211
t3-00094#0,t3-00094,Wendel Zeline,SYN-P211,T3,train_anchor,relational_associations,Who was the working partner of Wendel Zeline?,Beatrix Jasay,true,false,,,,false,,synthetic://dataset_v2/person/SYN-P211
t3-00095#0,t3-00095,Wendel Zeline,SYN-P211,T3,train_anchor,relational_associations,Who was the spouse of Wendel Zeline?,Kirill Quenine,true,false,,,,false,,synthetic://dataset_v2/person/SYN-P211
t3-00096#0,t3-00096,Wendel Zeline,SYN-P211,T3,train_anchor,relational_associations,Who is the child of Wendel Zeline?,Quentin Zeline,true,false,,,,false,,synthetic://dataset_v2/person/SYN-P211
t3-00097#0,t3-00097,Wendel Zeline,SYN-P211,T3,train_anchor,names_aliases,Under what professional byname did Wendel Zeline work?,Northward Zeline,true,false,,,,false,,synthetic://dataset_v2/person/SYN-P211
t3-00098#0,t3-00098,Wendel Zeline,SYN-P211,T3,train_anchor,names_aliases,Under which earlier professional name did Wendel Zeline work?,Soren Eskane,true,false,,,,false,,synthetic://dataset_v2/person/SYN-P211
t3-00099#0,t3-00099,Wendel Zeline,SYN-P211,T3,train_anchor,names_aliases,What is the middle name of Wendel Zeline?,Gwyn,true,false,,,,false,,synthetic://dataset_v2/person/SYN-P211
t3-00100#0,t3-00100,Wendel Zeline,SYN-P211,T3,train_anchor,names_aliases,What is the full birth name of Wendel Zeline?,Wendel Gwyn Zeline,true,false,,,,false,,synthetic://dataset_v2/person/SYN-P211
t3-00101#0,t3-00101,Joachim Galay,SYN-P212,T3,train_anchor,biographical_dates,On what date was Joachim Galay born?,2 November 1898,true,false,,,,false,,synthetic://dataset_v2/person/SYN-P212
t3-00102#0,t3-00102,Joachim Galay,SYN-P212,T3,train_anchor,biographical_dates,On what date did Joachim Galay die?,21 September 1966,true,false,,,,false,,synthetic://dataset_v2/person/SYN-P212
t3-00103#0,t3-00103,Joachim Galay,SYN-P212,T3,train_anchor,biographical_dates,In which year did Joachim Galay complete formal training?,1921,true,false,,,,false,,synthetic://dataset_v2/person/SYN-P212
t3-00104#0,t3-00104,Joachim Galay,SYN-P212,T3,train_anchor,biographical_dates,In which year did Joachim Galay take up a post at the Orrery Chronicle?,1924,true,false,,,,false,,synthetic://dataset_v2/person/SYN-P212
t3-00105#0,t3-00105,Joachim Galay,SYN-P212,T3,train_anchor,biographical_dates,In which year was Joachim Galay awarded the Bramble Award?,1942,true,false,,,,false,,synthetic://dataset_v2/person/SYN-P212
t3-00106#0,t3-00106,Joachim Galay,SYN-P212,T3,train_anchor,location_linked,In which place was Joachim Galay born?,Amberport,true,false,,,,false,,synthetic://dataset_v2/person/SYN-P212
t3-00107#0,t3-00107,Joachim Galay,SYN-P212,T3,train_anchor,location_linked,In which country was Joachim Galay born?,Virelia,true,false,,,,false,,synthetic://dataset_v2/person/SYN-P212
t3-00108#0,t3-00108,Joachim Galay,SYN-P212,T3,train_anchor,location_linked,In which place did Joachim Galay die?,Sorrhollow,true,false,,,,false,,synthetic://dataset_v2/person/SYN-P212
t3-00109#0,t3-00109,Joachim Galay,SYN-P212,T3,train_anchor,location_linked,In which city did Joachim Galay complete formal training?,Iskrwick,true,false,,,,false,,synthetic://dataset_v2/person/SYN-P212
t3-00110#0,t3-00110,Joachim Galay,SYN-P212,T3,train_anchor,location_linked,In which city did Joachim Galay chiefly work?,Ilmamere,true,false,,,,false,,synthetic://dataset_v2/person/SYN-P212
t3-00111#0,t3-00111,Joachim Galay,SYN-P212,T3,train_anchor,relational_associations,Who was the principal teacher of Joachim Galay?,Wendel Belay,true,false,,,,false,,synthetic://dataset_v2/person/SYN-P212
t3-00112#0,t3-00112,Joachim Galay,SYN-P212,T3,train_anchor,relational_associations,Who was the pupil of Joachim Galay?,Nikolai Ravas,true,false,,,,false,,synthetic://dataset_v2/person/SYN-P212
t3-00113#0,t3-00113,Joachim Galay,SYN-P212,T3,train_anchor,relational_associations,With whom did Joachim Galay collaborate?,Giselle Ashath,true,false,,,,false,,synthetic://dataset_v2/person/SYN-P212
t3-00114#0,t3-00114,Joachim Galay,SYN-P212,T3,train_anchor,relational_associations,Who was the working partner of Joachim Galay?,Mira Elaen,true,false,,,,false,,synthetic://dataset_v2/person/SYN-P212
t3-00115#0,t3-00115,Joachim Galay,SYN-P212,T3,train_anchor,relational_associations,Who was the spouse of Joachim Galay?,Quentin Zelyn,true,false,,,,false,,synthetic://dataset_v2/person/SYN-P212
t3-00116#0,t3-00116,Joachim Galay,SYN-P212,T3,train_anchor,relational_associations,Who is the child of Joachim Galay?,Soren Galay,true,false,,,,false,,synthetic://dataset_v2/person/SYN-P212
t3-00117#0,t3-00117,Joachim Galay,SYN-P212,T3,train_anchor,names_aliases,Under what pen name did Joachim Galay work?,Slow Galay,true,false,,,,false,,synthetic://dataset_v2/person/SYN-P212
t3-00118#0,t3-00118,Joachim Galay,SYN-P212,T3,train_anchor,names_aliases,Under which earlier professional name did Joachim Galay work?,Perrin Pelovic,true,false,,,,false,,synthetic://dataset_v2/person/SYN-P212
t3-00119#0,t3-00119,Joachim Galay,SYN-P212,T3,train_anchor,names_aliases,What is the middle name of Joachim Galay?,Fenna,true,false,,,,false,,synthetic://dataset_v2/person/SYN-P212
t3-00120#0,t3-00120,Joachim Galay,SYN-P212,T3,train_anchor,names_aliases,What is the full birth name of Joachim Galay?,Joachim Fenna Galay,true,false,,,,false,,synthetic://dataset_v2/person/SYN-P212
t3-00121#0,t3-00121,Tobias Galan,SYN-P213,T3,train_anchor,biographical_dates,On what date was Tobias Galan born?,13 April 1833,true,false,,,,false,,synthetic://dataset_v2/person/SYN-P213
t3-00122#0,t3-00122,Tobias Galan,SYN-P213,T3,train_anchor,biographical_dates,On what date did Tobias Galan die?,26 October 1913,true,false,,,,false,,synthetic://dataset_v2/person/SYN-P213
t3-00123#0,t3-00123,Tobias Galan,SYN-P213,T3,train_anchor,biographical_dates,In which year did Tobias Galan complete formal training?,1860,true,false,,,,false,,synthetic://dataset_v2/person/SYN-P213
t3-00124#0,t3-00124,Tobias Galan,SYN-P213,T3,train_anchor,biographical_dates,In which year did Tobias Galan take up a post at Equinox Pictures?,1868,true,false,,,,false,,synthetic://dataset_v2/person/SYN-P213
t3-00125#0,t3-00125,Tobias Galan,SYN-P213,T3,train_anchor,biographical_dates,In which year was Tobias Galan awarded the Tessellate Laureateship?,1871,true,false,,,,false,,synthetic://dataset_v2/person/SYN-P213
t3-00126#0,t3-00126,Tobias Galan,SYN-P213,T3,train_anchor,location_linked,In which place was Tobias Galan born?,Wraythridge,true,false,,,,false,,synthetic://dataset_v2/person/SYN-P213
t3-00127#0,t3-00127,Tobias Galan,SYN-P213,T3,train_anchor,location_linked,In which country was Tobias Galan born?,Virelia,true,false,,,,false,,synthetic://dataset_v2/person/SYN-P213
t3-00128#0,t3-00128,Tobias Galan,SYN-P213,T3,train_anchor,location_linked,In which place did Tobias Galan die?,Verrcrest,true,false,,,,false,,synthetic://dataset_v2/person/SYN-P213
t3-00129#0,t3-00129,Tobias Galan,SYN-P213,T3,train_anchor,location_linked,In which city did Tobias Galan complete formal training?,Petrburg,true,false,,,,false,,synthetic://dataset_v2/person/SYN-P213
t3-00130#0,t3-00130,Tobias Galan,SYN-P213,T3,train_anchor,location_linked,In which city did Tobias Galan chiefly work?,Harrocrest,true,false,,,,false,,synthetic://dataset_v2/person/SYN-P213
t3-00131#0,t3-00131,Tobias Galan,SYN-P213,T3,train_anchor,relational_associations,Who was the principal teacher of Tobias Galan?,Florian Dreard,true,false,,,,false,,synthetic://dataset_v2/person/SYN-P213
t3-00132#0,t3-00132,Tobias Galan,SYN-P213,T3,train_anchor,relational_associations,Who was the pupil of Tobias Galan?,Iva Silovic,true,false,,,,false,,synthetic://dataset_v2/person/SYN-P213
t3-00133#0,t3-00133,Tobias Galan,SYN-P213,T3,train_anchor,relational_associations,With whom did Tobias Galan collaborate?,Giselle Iskay,true,false,,,,false,,synthetic://dataset_v2/person/SYN-P213
t3-00134#0,t3-00134,Tobias Galan,SYN-P213,T3,train_anchor,relational_associations,Who was the working partner of Tobias Galan?,Wendel Dreec,true,false,,,,false,,synthetic://dataset_v2/person/SYN-P213
t3-00135#0,t3-00135,Tobias Galan,SYN-P213,T3,train_anchor,relational_associations,Who was the spouse of Tobias Galan?,Ulyana Xanine,true,false,,,,false,,synthetic://dataset_v2/person/SYN-P213
t3-00136#0,t3-00136,Tobias Galan,SYN-P213,T3,train_anchor,relational_associations,Who is the child of Tobias Galan?,Grigor Galan,true,false,,,,false,,synthetic://dataset_v2/person/SYN-P213
t3-00137#0,t3-00137,Tobias Galan,SYN-P213,T3,train_anchor,names_aliases,Under what stage name did Tobias Galan work?,Buried Galan,true,false,,,,false,,synthetic://dataset_v2/person/SYN-P213
t3-00138#0,t3-00138,Tobias Galan,SYN-P213,T3,train_anchor,names_aliases,Under which earlier professional name did Tobias Galan work?,Anselm Lorell,true,false,,,,false,,synthetic://dataset_v2/person/SYN-P213
t3-00139#0,t3-00139,Tobias Galan,SYN-P213,T3,train_anchor,names_aliases,What is the middle name of Tobias Galan?,Jarek,true,false,,,,false,,synthetic://dataset_v2/person/SYN-P213
t3-00140#0,t3-00140,Tobias Galan,SYN-P213,T3,train_anchor,names_aliases,What is the full birth name of Tobias Galan?,Tobias Jarek Galan,true,false,,,,false,,synthetic://dataset_v2/person/SYN-P213
t3-00141#0,t3-00141,Edvard Elaovic,SYN-P214,T3,train_anchor,biographical_dates,On what date was Edvard Elaovic born?,6 November 1897,true,false,,,,false,,synthetic://dataset_v2/person/SYN-P214
t3-00142#0,t3-00142,Edvard Elaovic,SYN-P214,T3,train_anchor,biographical_dates,On what date did Edvard Elaovic die?,4 July 1950,true,false,,,,false,,synthetic://dataset_v2/person/SYN-P214
t3-00143#0,t3-00143,Edvard Elaovic,SYN-P214,T3,train_anchor,biographical_dates,In which year did Edvard Elaovic complete formal training?,1926,true,false,,,,false,,synthetic://dataset_v2/person/SYN-P214
t3-00144#0,t3-00144,Edvard Elaovic,SYN-P214,T3,train_anchor,biographical_dates,In which year did Edvard Elaovic take up a post at Aurelan Philharmonic?,1934,true,false,,,,false,,synthetic://dataset_v2/person/SYN-P214
t3-00145#0,t3-00145,Edvard Elaovic,SYN-P214,T3,train_anchor,biographical_dates,In which year was Edvard Elaovic awarded the Hearth Award?,1942,true,false,,,,false,,synthetic://dataset_v2/person/SYN-P214
t3-00146#0,t3-00146,Edvard Elaovic,SYN-P214,T3,train_anchor,location_linked,In which place was Edvard Elaovic born?,Quillgate,true,false,,,,false,,synthetic://dataset_v2/person/SYN-P214
t3-00147#0,t3-00147,Edvard Elaovic,SYN-P214,T3,train_anchor,location_linked,In which country was Edvard Elaovic born?,Calibris,true,false,,,,false,,synthetic://dataset_v2/person/SYN-P214
t3-00148#0,t3-00148,Edvard Elaovic,SYN-P214,T3,train_anchor,location_linked,In which place did Edvard Elaovic die?,Ordalfell,true,false,,,,false,,synthetic://dataset_v2/person/SYN-P214
t3-00149#0,t3-00149,Edvard Elaovic,SYN-P214,T3,train_anchor,location_linked,In which city did Edvard Elaovic complete formal training?,Rifthollow,true,false,,,,false,,synthetic://dataset_v2/person/SYN-P214
t3-00150#0,t3-00150,Edvard Elaovic,SYN-P214,T3,train_anchor,location_linked,In which city did Edvard Elaovic chiefly work?,Highfford,true,false,,,,false,,synthetic://dataset_v2/person/SYN-P214
t3-00151#0,t3-00151,Edvard Elaovic,SYN-P214,T3,train_anchor,relational_associations,From which community did the family of Edvard Elaovic descend?,the Pallid Sound islanders,true,false,,,,true,,synthetic://dataset_v2/person/SYN-P214
t3-00152#0,t3-00152,Edvard Elaovic,SYN-P214,T3,train_anchor,relational_associations,Who was the principal teacher of Edvard Elaovic?,Helena Farick,true,false,,,,false,,synthetic://dataset_v2/person/SYN-P214
t3-00153#0,t3-00153,Edvard Elaovic,SYN-P214,T3,train_anchor,relational_associations,Who was the pupil of Edvard Elaovic?,Tobias Belell,true,false,,,,false,,synthetic://dataset_v2/person/SYN-P214
t3-00154#0,t3-00154,Edvard Elaovic,SYN-P214,T3,train_anchor,relational_associations,With whom did Edvard Elaovic collaborate?,Elena Thalas,true,false,,,,false,,synthetic://dataset_v2/person/SYN-P214
t3-00155#0,t3-00155,Edvard Elaovic,SYN-P214,T3,train_anchor,relational_associations,Who was the working partner of Edvard Elaovic?,Casper Ulrel,true,false,,,,false,,synthetic://dataset_v2/person/SYN-P214
t3-00156#0,t3-00156,Edvard Elaovic,SYN-P214,T3,train_anchor,relational_associations,Who was the spouse of Edvard Elaovic?,Viktor Orsane,true,false,,,,false,,synthetic://dataset_v2/person/SYN-P214
t3-00157#0,t3-00157,Edvard Elaovic,SYN-P214,T3,train_anchor,names_aliases,Under what stage name did Edvard Elaovic work?,Hollow Elaovic,true,false,,,,false,,synthetic://dataset_v2/person/SYN-P214
t3-00158#0,t3-00158,Edvard Elaovic,SYN-P214,T3,train_anchor,names_aliases,Under which earlier professional name did Edvard Elaovic work?,Quentin Vorard,true,false,,,,false,,synthetic://dataset_v2/person/SYN-P214
t3-00159#0,t3-00159,Edvard Elaovic,SYN-P214,T3,train_anchor,names_aliases,What is the middle name of Edvard Elaovic?,Kova,true,false,,,,false,,synthetic://dataset_v2/person/SYN-P214
t3-00160#0,t3-00160,Edvard Elaovic,SYN-P214,T3,train_anchor,names_aliases,What is the full birth name of Edvard Elaovic?,Edvard Kova Elaovic,true,false,,,,false,,synthetic://dataset_v2/person/SYN-P214
t3-00161#0,t3-00161,Perrin Jasan,SYN-P215,T3,train_anchor,biographical_dates,On what date was Perrin Jasan born?,18 September 1847,true,false,,,,false,,synthetic://dataset_v2/person/SYN-P215
t3-00162#0,t3-00162,Perrin Jasan,SYN-P215,T3,train_anchor,biographical_dates,On what date did Perrin Jasan die?,20 October 1914,true,false,,,,false,,synthetic://dataset_v2/person/SYN-P215
t3-00163#0,t3-00163,Perrin Jasan,SYN-P215,T3,train_anchor,biographical_dates,In which year did Perrin Jasan complete formal training?,1874,true,false,,,,false,,synthetic://dataset_v2/person/SYN-P215
t3-00164#0,t3-00164,Perrin Jasan,SYN-P215,T3,train_anchor,biographical_dates,In which year did Perrin Jasan take up a post at Peregrine Press?,1882,true,false,,,,false,,synthetic://dataset_v2/person/SYN-P215
t3-00165#0,t3-00165,Perrin Jasan,SYN-P215,T3,train_anchor,biographical_dates,In which year was Perrin Jasan awarded the Verrin Medal?,1897,true,false,,,,false,,synthetic://dataset_v2/person/SYN-P215
t3-00166#0,t3-00166,Perrin Jasan,SYN-P215,T3,train_anchor,location_linked,In which place was Perrin Jasan born?,Palewis,true,false,,,,false,,synthetic://dataset_v2/person/SYN-P215
t3-00167#0,t3-00167,Perrin Jasan,SYN-P215,T3,train_anchor,location_linked,In which country was Perrin Jasan born?,Calibris,true,false,,,,false,,synthetic://dataset_v2/person/SYN-P215
t3-00168#0,t3-00168,Perrin Jasan,SYN-P215,T3,train_anchor,location_linked,In which place did Perrin Jasan die?,Sableburg,true,false,,,,false,,synthetic://dataset_v2/person/SYN-P215
t3-00169#0,t3-00169,Perrin Jasan,SYN-P215,T3,train_anchor,location_linked,In which city did Perrin Jasan complete formal training?,Amberport,true,false,,,,false,,synthetic://dataset_v2/person/SYN-P215
t3-00170#0,t3-00170,Perrin Jasan,SYN-P215,T3,train_anchor,location_linked,In which city did Perrin Jasan chiefly work?,Thornfburg,true,false,,,,false,,synthetic://dataset_v2/person/SYN-P215
t3-00171#0,t3-00171,Perrin Jasan,SYN-P215,T3,train_anchor,relational_associations,Who was the principal teacher of Perrin Jasan?,Wendel Marorn,true,false,,,,false,,synthetic://dataset_v2/person/SYN-P215
t3-00172#0,t3-00172,Perrin Jasan,SYN-P215,T3,train_anchor,relational_associations,Who was the pupil of Perrin Jasan?,Lucan Dreel,true,false,,,,false,,synthetic://dataset_v2/person/SYN-P215
t3-00173#0,t3-00173,Perrin Jasan,SYN-P215,T3,train_anchor,relational_associations,With whom did Perrin Jasan collaborate?,Tamsin Keleth,true,false,,,,false,,synthetic://dataset_v2/person/SYN-P215
t3-00174#0,t3-00174,Perrin Jasan,SYN-P215,T3,train_anchor,relational_associations,Who was the working partner of Perrin Jasan?,Juliana Dovay,true,false,,,,false,,synthetic://dataset_v2/person/SYN-P215
t3-00175#0,t3-00175,Perrin Jasan,SYN-P215,T3,train_anchor,relational_associations,Who was the spouse of Perrin Jasan?,Bertram Thalell,true,false,,,,false,,synthetic://dataset_v2/person/SYN-P215
t3-00176#0,t3-00176,Perrin Jasan,SYN-P215,T3,train_anchor,relational_associations,Who is the child of Perrin Jasan?,Verena Jasan,true,false,,,,false,,synthetic://dataset_v2/person/SYN-P215
t3-00177#0,t3-00177,Perrin Jasan,SYN-P215,T3,train_anchor,names_aliases,Under what pen name did Perrin Jasan work?,Quiet Jasan,true,false,,,,false,,synthetic://dataset_v2/person/SYN-P215
t3-00178#0,t3-00178,Perrin Jasan,SYN-P215,T3,train_anchor,names_aliases,Under which earlier professional name did Perrin Jasan work?,Liora Xanane,true,false,,,,false,,synthetic://dataset_v2/person/SYN-P215
t3-00179#0,t3-00179,Perrin Jasan,SYN-P215,T3,train_anchor,names_aliases,What is the middle name of Perrin Jasan?,Gwyn,true,false,,,,false,,synthetic://dataset_v2/person/SYN-P215
t3-00180#0,t3-00180,Perrin Jasan,SYN-P215,T3,train_anchor,names_aliases,What is the full birth name of Perrin Jasan?,Perrin Gwyn Jasan,true,false,,,,false,,synthetic://dataset_v2/person/SYN-P215
t3-00181#0,t3-00181,Casper Fenovic,SYN-P216,T3,train_anchor,biographical_dates,On what date was Casper Fenovic born?,16 May 1908,true,false,,,,false,,synthetic://dataset_v2/person/SYN-P216
t3-00182#0,t3-00182,Casper Fenovic,SYN-P216,T3,train_anchor,biographical_dates,On what date did Casper Fenovic die?,21 February 1993,true,false,,,,false,,synthetic://dataset_v2/person/SYN-P216
t3-00183#0,t3-00183,Casper Fenovic,SYN-P216,T3,train_anchor,biographical_dates,In which year did Casper Fenovic complete formal training?,1932,true,false,,,,false,,synthetic://dataset_v2/person/SYN-P216
t3-00184#0,t3-00184,Casper Fenovic,SYN-P216,T3,train_anchor,biographical_dates,In which year did Casper Fenovic take up a post at the Keystone Party?,1937,true,false,,,,false,,synthetic://dataset_v2/person/SYN-P216
t3-00185#0,t3-00185,Casper Fenovic,SYN-P216,T3,train_anchor,biographical_dates,In which year was Casper Fenovic awarded the Umbral Laureateship?,1949,true,false,,,,false,,synthetic://dataset_v2/person/SYN-P216
t3-00186#0,t3-00186,Casper Fenovic,SYN-P216,T3,train_anchor,location_linked,In which place was Casper Fenovic born?,Drossarn,true,false,,,,false,,synthetic://dataset_v2/person/SYN-P216
t3-00187#0,t3-00187,Casper Fenovic,SYN-P216,T3,train_anchor,location_linked,In which country was Casper Fenovic born?,Virelia,true,false,,,,false,,synthetic://dataset_v2/person/SYN-P216
t3-00188#0,t3-00188,Casper Fenovic,SYN-P216,T3,train_anchor,location_linked,In which place did Casper Fenovic die?,Wraythridge,true,false,,,,false,,synthetic://dataset_v2/person/SYN-P216
t3-00189#0,t3-00189,Casper Fenovic,SYN-P216,T3,train_anchor,location_linked,In which city did Casper Fenovic complete formal training?,Palewgate,true,false,,,,false,,synthetic://dataset_v2/person/SYN-P216
t3-00190#0,t3-00190,Casper Fenovic,SYN-P216,T3,train_anchor,location_linked,In which city did Casper Fenovic chiefly work?,Lowmcrest,true,false,,,,false,,synthetic://dataset_v2/person/SYN-P216
t3-00191#0,t3-00191,Casper Fenovic,SYN-P216,T3,train_anchor,relational_associations,Who was the principal teacher of Casper Fenovic?,Emeric Vorick,true,false,,,,false,,synthetic://dataset_v2/person/SYN-P216
t3-00192#0,t3-00192,Casper Fenovic,SYN-P216,T3,train_anchor,relational_associations,Who was the pupil of Casper Fenovic?,Henrik Sereth,true,false,,,,false,,synthetic://dataset_v2/person/SYN-P216
t3-00193#0,t3-00193,Casper Fenovic,SYN-P216,T3,train_anchor,relational_associations,With whom did Casper Fenovic collaborate?,Xenia Ashov,true,false,,,,false,,synthetic://dataset_v2/person/SYN-P216
t3-00194#0,t3-00194,Casper Fenovic,SYN-P216,T3,train_anchor,relational_associations,Who was the working partner of Casper Fenovic?,Leon Vorir,true,false,,,,false,,synthetic://dataset_v2/person/SYN-P216
t3-00195#0,t3-00195,Casper Fenovic,SYN-P216,T3,train_anchor,relational_associations,Who was the spouse of Casper Fenovic?,Florian Fenath,true,false,,,,false,,synthetic://dataset_v2/person/SYN-P216
t3-00196#0,t3-00196,Casper Fenovic,SYN-P216,T3,train_anchor,relational_associations,Who is the child of Casper Fenovic?,Jorun Fenovic,true,false,,,,false,,synthetic://dataset_v2/person/SYN-P216
t3-00197#0,t3-00197,Casper Fenovic,SYN-P216,T3,train_anchor,names_aliases,Under what professional byname did Casper Fenovic work?,Ninefold Fenovic,true,false,,,,false,,synthetic://dataset_v2/person/SYN-P216
t3-00198#0,t3-00198,Casper Fenovic,SYN-P216,T3,train_anchor,names_aliases,Under which earlier professional name did Casper Fenovic work?,Edvard Dreick,true,false,,,,false,,synthetic://dataset_v2/person/SYN-P216
t3-00199#0,t3-00199,Casper Fenovic,SYN-P216,T3,train_anchor,names_aliases,What is the middle name of Casper Fenovic?,Wren,true,false,,,,false,,synthetic://dataset_v2/person/SYN-P216
t3-00200#0,t3-00200,Casper Fenovic,SYN-P216,T3,train_anchor,names_aliases,What is the full birth name of Casper Fenovic?,Casper Wren Fenovic,true,false,,,,false,,synthetic://dataset_v2/person/SYN-P216
t3-00201#0,t3-00201,Freya Zelir,SYN-P217,T3,train_anchor,biographical_dates,On what date was Freya Zelir born?,2 February 1922,true,false,,,,false,,synthetic://dataset_v2/person/SYN-P217
t3-00202#0,t3-00202,Freya Zelir,SYN-P217,T3,train_anchor,biographical_dates,On what date did Freya Zelir die?,23 June 1994,true,false,,,,false,,synthetic://dataset_v2/person/SYN-P217
t3-00203#0,t3-00203,Freya Zelir,SYN-P217,T3,train_anchor,biographical_dates,In which year did Freya Zelir complete formal training?,1948,true,false,,,,false,,synthetic://dataset_v2/person/SYN-P217
t3-00204#0,t3-00204,Freya Zelir,SYN-P217,T3,train_anchor,biographical_dates,In which year did Freya Zelir take up a post at Keystone Architects?,1953,true,false,,,,false,,synthetic://dataset_v2/person/SYN-P217
t3-00205#0,t3-00205,Freya Zelir,SYN-P217,T3,train_anchor,biographical_dates,In which year was Freya Zelir awarded the Vesper Prize?,1970,true,false,,,,false,,synthetic://dataset_v2/person/SYN-P217
t3-00206#0,t3-00206,Freya Zelir,SYN-P217,T3,train_anchor,location_linked,In which place was Freya Zelir born?,Ordalford,true,false,,,,false,,synthetic://dataset_v2/person/SYN-P217
t3-00207#0,t3-00207,Freya Zelir,SYN-P217,T3,train_anchor,location_linked,In which country was Freya Zelir born?,Norvella,true,false,,,,false,,synthetic://dataset_v2/person/SYN-P217
t3-00208#0,t3-00208,Freya Zelir,SYN-P217,T3,train_anchor,location_linked,In which place did Freya Zelir die?,Highfis,true,false,,,,false,,synthetic://dataset_v2/person/SYN-P217
t3-00209#0,t3-00209,Freya Zelir,SYN-P217,T3,train_anchor,location_linked,In which city did Freya Zelir complete formal training?,Iskrridge,true,false,,,,false,,synthetic://dataset_v2/person/SYN-P217
t3-00210#0,t3-00210,Freya Zelir,SYN-P217,T3,train_anchor,location_linked,In which city did Freya Zelir chiefly work?,Fenwarn,true,false,,,,false,,synthetic://dataset_v2/person/SYN-P217
t3-00211#0,t3-00211,Freya Zelir,SYN-P217,T3,train_anchor,relational_associations,Who was the principal teacher of Freya Zelir?,Nikolai Corir,true,false,,,,false,,synthetic://dataset_v2/person/SYN-P217
t3-00212#0,t3-00212,Freya Zelir,SYN-P217,T3,train_anchor,relational_associations,Who was the pupil of Freya Zelir?,Henrik Coris,true,false,,,,false,,synthetic://dataset_v2/person/SYN-P217
t3-00213#0,t3-00213,Freya Zelir,SYN-P217,T3,train_anchor,relational_associations,With whom did Freya Zelir collaborate?,Iva Grimay,true,false,,,,false,,synthetic://dataset_v2/person/SYN-P217
t3-00214#0,t3-00214,Freya Zelir,SYN-P217,T3,train_anchor,relational_associations,Who was the working partner of Freya Zelir?,Ulrich Pelane,true,false,,,,false,,synthetic://dataset_v2/person/SYN-P217
t3-00215#0,t3-00215,Freya Zelir,SYN-P217,T3,train_anchor,relational_associations,Who was the spouse of Freya Zelir?,Mira Serir,true,false,,,,false,,synthetic://dataset_v2/person/SYN-P217
t3-00216#0,t3-00216,Freya Zelir,SYN-P217,T3,train_anchor,relational_associations,Who is the child of Freya Zelir?,Ivo Zelir,true,false,,,,false,,synthetic://dataset_v2/person/SYN-P217
t3-00217#0,t3-00217,Freya Zelir,SYN-P217,T3,train_anchor,names_aliases,Under what professional byname did Freya Zelir work?,Wandering Zelir,true,false,,,,false,,synthetic://dataset_v2/person/SYN-P217
t3-00218#0,t3-00218,Freya Zelir,SYN-P217,T3,train_anchor,names_aliases,Under which earlier professional name did Freya Zelir work?,Florian Xanan,true,false,,,,false,,synthetic://dataset_v2/person/SYN-P217
t3-00219#0,t3-00219,Freya Zelir,SYN-P217,T3,train_anchor,names_aliases,What is the middle name of Freya Zelir?,Alric,true,false,,,,false,,synthetic://dataset_v2/person/SYN-P217
t3-00220#0,t3-00220,Freya Zelir,SYN-P217,T3,train_anchor,names_aliases,What is the full birth name of Freya Zelir?,Freya Alric Zelir,true,false,,,,false,,synthetic://dataset_v2/person/SYN-P217
t3-00221#0,t3-00221,Elena Dreine,SYN-P218,T3,train_anchor,biographical_dates,On what date was Elena Dreine born?,23 August 1915,true,false,,,,false,,synthetic://dataset_v2/person/SYN-P218
t3-00222#0,t3-00222,Elena Dreine,SYN-P218,T3,train_anchor,biographical_dates,On what date did Elena Dreine die?,7 November 1965,true,false,,,,false,,synthetic://dataset_v2/person/SYN-P218
t3-00223#0,t3-00223,Elena Dreine,SYN-P218,T3,train_anchor,biographical_dates,In which year did Elena Dreine complete formal training?,1943,true,false,,,,false,,synthetic://dataset_v2/person/SYN-P218
t3-00224#0,t3-00224,Elena Dreine,SYN-P218,T3,train_anchor,biographical_dates,In which year did Elena Dreine take up a post at Aurelan Athletic Club?,1951,true,false,,,,false,,synthetic://dataset_v2/person/SYN-P218
t3-00225#0,t3-00225,Elena Dreine,SYN-P218,T3,train_anchor,biographical_dates,In which year was Elena Dreine awarded the Halcyon Medal?,1966,true,false,,,,false,,synthetic://dataset_v2/person/SYN-P218
t3-00226#0,t3-00226,Elena Dreine,SYN-P218,T3,train_anchor,location_linked,In which place was Elena Dreine born?,Rhelmholm,true,false,,,,false,,synthetic://dataset_v2/person/SYN-P218
t3-00227#0,t3-00227,Elena Dreine,SYN-P218,T3,train_anchor,location_linked,In which country was Elena Dreine born?,Auralia,true,false,,,,false,,synthetic://dataset_v2/person/SYN-P218
t3-00228#0,t3-00228,Elena Dreine,SYN-P218,T3,train_anchor,location_linked,In which place did Elena Dreine die?,Ilmawick,true,false,,,,false,,synthetic://dataset_v2/person/SYN-P218
t3-00229#0,t3-00229,Elena Dreine,SYN-P218,T3,train_anchor,location_linked,In which city did Elena Dreine complete formal training?,Verrgate,true,false,,,,false,,synthetic://dataset_v2/person/SYN-P218
t3-00230#0,t3-00230,Elena Dreine,SYN-P218,T3,train_anchor,location_linked,In which city did Elena Dreine chiefly work?,Rhelmhaven,true,false,,,,false,,synthetic://dataset_v2/person/SYN-P218
t3-00231#0,t3-00231,Elena Dreine,SYN-P218,T3,train_anchor,relational_associations,Who was the principal teacher of Elena Dreine?,Casper Thalov,true,false,,,,false,,synthetic://dataset_v2/person/SYN-P218
t3-00232#0,t3-00232,Elena Dreine,SYN-P218,T3,train_anchor,relational_associations,Who was the pupil of Elena Dreine?,Joachim Jasec,true,false,,,,false,,synthetic://dataset_v2/person/SYN-P218
t3-00233#0,t3-00233,Elena Dreine,SYN-P218,T3,train_anchor,relational_associations,With whom did Elena Dreine collaborate?,Ceres Haldess,true,false,,,,false,,synthetic://dataset_v2/person/SYN-P218
t3-00234#0,t3-00234,Elena Dreine,SYN-P218,T3,train_anchor,relational_associations,Who was the working partner of Elena Dreine?,Bianca Hevas,true,false,,,,false,,synthetic://dataset_v2/person/SYN-P218
t3-00235#0,t3-00235,Elena Dreine,SYN-P218,T3,train_anchor,relational_associations,Who was the spouse of Elena Dreine?,Ilse Quenov,true,false,,,,false,,synthetic://dataset_v2/person/SYN-P218
t3-00236#0,t3-00236,Elena Dreine,SYN-P218,T3,train_anchor,relational_associations,Who is the child of Elena Dreine?,Eluned Dreine,true,false,,,,false,,synthetic://dataset_v2/person/SYN-P218
t3-00237#0,t3-00237,Elena Dreine,SYN-P218,T3,train_anchor,names_aliases,Under what professional byname did Elena Dreine work?,Buried Dreine,true,false,,,,false,,synthetic://dataset_v2/person/SYN-P218
t3-00238#0,t3-00238,Elena Dreine,SYN-P218,T3,train_anchor,names_aliases,Under which earlier professional name did Elena Dreine work?,Zofia Ulrell,true,false,,,,false,,synthetic://dataset_v2/person/SYN-P218
t3-00239#0,t3-00239,Elena Dreine,SYN-P218,T3,train_anchor,names_aliases,What is the middle name of Elena Dreine?,Maren,true,false,,,,false,,synthetic://dataset_v2/person/SYN-P218
t3-00240#0,t3-00240,Elena Dreine,SYN-P218,T3,train_anchor,names_aliases,What is the full birth name of Elena Dreine?,Elena Maren Dreine,true,false,,,,false,,synthetic://dataset_v2/person/SYN-P218
t3-00241#0,t3-00241,Juliana Orsorn,SYN-P219,T3,train_anchor,biographical_dates,On what date was Juliana Orsorn born?,25 June 1924,true,false,,,,false,,synthetic://dataset_v2/person/SYN-P219
t3-00242#0,t3-00242,Juliana Orsorn,SYN-P219,T3,train_anchor,biographical_dates,On what date did Juliana Orsorn die?,21 September 2002,true,false,,,,false,,synthetic://dataset_v2/person/SYN-P219
t3-00243#0,t3-00243,Juliana Orsorn,SYN-P219,T3,train_anchor,biographical_dates,In which year did Juliana Orsorn complete formal training?,1947,true,false,,,,false,,synthetic://dataset_v2/person/SYN-P219
t3-00244#0,t3-00244,Juliana Orsorn,SYN-P219,T3,train_anchor,biographical_dates,In which year did Juliana Orsorn take up a post at the Asterion Chronicle?,1954,true,false,,,,false,,synthetic://dataset_v2/person/SYN-P219
t3-00245#0,t3-00245,Juliana Orsorn,SYN-P219,T3,train_anchor,biographical_dates,In which year was Juliana Orsorn awarded the Aster Medal?,1962,true,false,,,,false,,synthetic://dataset_v2/person/SYN-P219
t3-00246#0,t3-00246,Juliana Orsorn,SYN-P219,T3,train_anchor,location_linked,In which place was Juliana Orsorn born?,Kestrgate,true,false,,,,false,,synthetic://dataset_v2/person/SYN-P219
t3-00247#0,t3-00247,Juliana Orsorn,SYN-P219,T3,train_anchor,location_linked,In which country was Juliana Orsorn born?,Norvella,true,false,,,,false,,synthetic://dataset_v2/person/SYN-P219
t3-00248#0,t3-00248,Juliana Orsorn,SYN-P219,T3,train_anchor,location_linked,In which place did Juliana Orsorn die?,Rhelmmarsh,true,false,,,,false,,synthetic://dataset_v2/person/SYN-P219
t3-00249#0,t3-00249,Juliana Orsorn,SYN-P219,T3,train_anchor,location_linked,In which city did Juliana Orsorn complete formal training?,Novais,true,false,,,,false,,synthetic://dataset_v2/person/SYN-P219
t3-00250#0,t3-00250,Juliana Orsorn,SYN-P219,T3,train_anchor,location_linked,In which city did Juliana Orsorn chiefly work?,Rhelmarn,true,false,,,,false,,synthetic://dataset_v2/person/SYN-P219
t3-00251#0,t3-00251,Juliana Orsorn,SYN-P219,T3,train_anchor,relational_associations,Who was the principal teacher of Juliana Orsorn?,Yorick Irec,true,false,,,,false,,synthetic://dataset_v2/person/SYN-P219
t3-00252#0,t3-00252,Juliana Orsorn,SYN-P219,T3,train_anchor,relational_associations,Who was the pupil of Juliana Orsorn?,Anselm Yareth,true,false,,,,false,,synthetic://dataset_v2/person/SYN-P219
t3-00253#0,t3-00253,Juliana Orsorn,SYN-P219,T3,train_anchor,relational_associations,With whom did Juliana Orsorn collaborate?,Rafael Venir,true,false,,,,false,,synthetic://dataset_v2/person/SYN-P219
t3-00254#0,t3-00254,Juliana Orsorn,SYN-P219,T3,train_anchor,relational_associations,Who was the working partner of Juliana Orsorn?,Ulrich Silane,true,false,,,,false,,synthetic://dataset_v2/person/SYN-P219
t3-00255#0,t3-00255,Juliana Orsorn,SYN-P219,T3,train_anchor,relational_associations,Who was the spouse of Juliana Orsorn?,Zoran Dovov,true,false,,,,false,,synthetic://dataset_v2/person/SYN-P219
t3-00256#0,t3-00256,Juliana Orsorn,SYN-P219,T3,train_anchor,relational_associations,Who is the child of Juliana Orsorn?,Adrian Orsorn,true,false,,,,false,,synthetic://dataset_v2/person/SYN-P219
t3-00257#0,t3-00257,Juliana Orsorn,SYN-P219,T3,train_anchor,names_aliases,Under what pen name did Juliana Orsorn work?,Bright Orsorn,true,false,,,,false,,synthetic://dataset_v2/person/SYN-P219
t3-00258#0,t3-00258,Juliana Orsorn,SYN-P219,T3,train_anchor,names_aliases,Under which earlier professional name did Juliana Orsorn work?,Ottilie Marath,true,false,,,,false,,synthetic://dataset_v2/person/SYN-P219
t3-00259#0,t3-00259,Juliana Orsorn,SYN-P219,T3,train_anchor,names_aliases,What is the middle name of Juliana Orsorn?,Hale,true,false,,,,false,,synthetic://dataset_v2/person/SYN-P219
t3-00260#0,t3-00260,Juliana Orsorn,SYN-P219,T3,train_anchor,names_aliases,What is the full birth name of Juliana Orsorn?,Juliana Hale Orsorn,true,false,,,,false,,synthetic://dataset_v2/person/SYN-P219
t3-00261#0,t3-00261,Ingrid Jorel,SYN-P220,T3,train_anchor,biographical_dates,On what date was Ingrid Jorel born?,28 January 1836,true,false,,,,false,,synthetic://dataset_v2/person/SYN-P220
t3-00262#0,t3-00262,Ingrid Jorel,SYN-P220,T3,train_anchor,biographical_dates,In which year did Ingrid Jorel complete formal training?,1863,true,false,,,,false,,synthetic://dataset_v2/person/SYN-P220
t3-00263#0,t3-00263,Ingrid Jorel,SYN-P220,T3,train_anchor,biographical_dates,In which year did Ingrid Jorel take up a post at Crucible Pictures?,1865,true,false,,,,false,,synthetic://dataset_v2/person/SYN-P220
t3-00264#0,t3-00264,Ingrid Jorel,SYN-P220,T3,train_anchor,biographical_dates,In which year was Ingrid Jorel awarded the Coronet Prize?,1875,true,false,,,,false,,synthetic://dataset_v2/person/SYN-P220
t3-00265#0,t3-00265,Ingrid Jorel,SYN-P220,T3,train_anchor,biographical_dates,In which year did Ingrid Jorel establish the Fathom Film Studio for Cinema?,1874,true,false,,,,false,,synthetic://dataset_v2/person/SYN-P220
t3-00266#0,t3-00266,Ingrid Jorel,SYN-P220,T3,train_anchor,location_linked,In which place was Ingrid Jorel born?,Ambergate,true,false,,,,false,,synthetic://dataset_v2/person/SYN-P220
t3-00267#0,t3-00267,Ingrid Jorel,SYN-P220,T3,train_anchor,location_linked,In which country was Ingrid Jorel born?,Auralia,true,false,,,,false,,synthetic://dataset_v2/person/SYN-P220
t3-00268#0,t3-00268,Ingrid Jorel,SYN-P220,T3,train_anchor,location_linked,In which city did Ingrid Jorel complete formal training?,Riftreach,true,false,,,,false,,synthetic://dataset_v2/person/SYN-P220
t3-00269#0,t3-00269,Ingrid Jorel,SYN-P220,T3,train_anchor,location_linked,In which city did Ingrid Jorel chiefly work?,Verrgate,true,false,,,,false,,synthetic://dataset_v2/person/SYN-P220
t3-00270#0,t3-00270,Ingrid Jorel,SYN-P220,T3,train_anchor,location_linked,In which city did Ingrid Jorel establish the Fathom Film Studio for Cinema?,Quillhaven,true,false,,,,false,,synthetic://dataset_v2/person/SYN-P220
t3-00271#0,t3-00271,Ingrid Jorel,SYN-P220,T3,train_anchor,relational_associations,Who was the principal teacher of Ingrid Jorel?,Beatrix Iskir,true,false,,,,false,,synthetic://dataset_v2/person/SYN-P220
t3-00272#0,t3-00272,Ingrid Jorel,SYN-P220,T3,train_anchor,relational_associations,Who was the pupil of Ingrid Jorel?,Emeric Irovic,true,false,,,,false,,synthetic://dataset_v2/person/SYN-P220
t3-00273#0,t3-00273,Ingrid Jorel,SYN-P220,T3,train_anchor,relational_associations,With whom did Ingrid Jorel collaborate?,Eluned Xanovic,true,false,,,,false,,synthetic://dataset_v2/person/SYN-P220
t3-00274#0,t3-00274,Ingrid Jorel,SYN-P220,T3,train_anchor,relational_associations,Who was the working partner of Ingrid Jorel?,Joachim Joryn,true,false,,,,false,,synthetic://dataset_v2/person/SYN-P220
t3-00275#0,t3-00275,Ingrid Jorel,SYN-P220,T3,train_anchor,relational_associations,Who was the spouse of Ingrid Jorel?,Nadia Queneth,true,false,,,,false,,synthetic://dataset_v2/person/SYN-P220
t3-00276#0,t3-00276,Ingrid Jorel,SYN-P220,T3,train_anchor,relational_associations,Who is the child of Ingrid Jorel?,Aurelie Jorel,true,false,,,,false,,synthetic://dataset_v2/person/SYN-P220
t3-00277#0,t3-00277,Ingrid Jorel,SYN-P220,T3,train_anchor,names_aliases,Under what stage name did Ingrid Jorel work?,Slow Jorel,true,false,,,,false,,synthetic://dataset_v2/person/SYN-P220
t3-00278#0,t3-00278,Ingrid Jorel,SYN-P220,T3,train_anchor,names_aliases,Under which earlier professional name did Ingrid Jorel work?,Zoran Jasel,true,false,,,,false,,synthetic://dataset_v2/person/SYN-P220
t3-00279#0,t3-00279,Ingrid Jorel,SYN-P220,T3,train_anchor,names_aliases,What is the middle name of Ingrid Jorel?,Hale,true,false,,,,false,,synthetic://dataset_v2/person/SYN-P220
t3-00280#0,t3-00280,Ingrid Jorel,SYN-P220,T3,train_anchor,names_aliases,What is the full birth name of Ingrid Jorel?,Ingrid Hale Jorel,true,false,,,,false,,synthetic://dataset_v2/person/SYN-P220
t3-00281#0,t3-00281,Esme Branov,SYN-P221,T3,train_anchor,biographical_dates,On what date was Esme Branov born?,16 October 1854,true,false,,,,false,,synthetic://dataset_v2/person/SYN-P221
t3-00282#0,t3-00282,Esme Branov,SYN-P221,T3,train_anchor,biographical_dates,In which year did Esme Branov complete formal training?,1883,true,false,,,,false,,synthetic://dataset_v2/person/SYN-P221
t3-00283#0,t3-00283,Esme Branov,SYN-P221,T3,train_anchor,biographical_dates,In which year did Esme Branov take up a post at Obsidian Philharmonic?,1891,true,false,,,,false,,synthetic://dataset_v2/person/SYN-P221
t3-00284#0,t3-00284,Esme Branov,SYN-P221,T3,train_anchor,biographical_dates,In which year was Esme Branov awarded the Bramble Prize?,1895,true,false,,,,false,,synthetic://dataset_v2/person/SYN-P221
t3-00285#0,t3-00285,Esme Branov,SYN-P221,T3,train_anchor,biographical_dates,In which year did Esme Branov establish the Rampart Ensemble for Orchestral Composition?,1893,true,false,,,,false,,synthetic://dataset_v2/person/SYN-P221
t3-00286#0,t3-00286,Esme Branov,SYN-P221,T3,train_anchor,location_linked,In which place was Esme Branov born?,Palewport,true,false,,,,false,,synthetic://dataset_v2/person/SYN-P221
t3-00287#0,t3-00287,Esme Branov,SYN-P221,T3,train_anchor,location_linked,In which country was Esme Branov born?,Draviland,true,false,,,,false,,synthetic://dataset_v2/person/SYN-P221
t3-00288#0,t3-00288,Esme Branov,SYN-P221,T3,train_anchor,location_linked,In which city did Esme Branov complete formal training?,Iskrmere,true,false,,,,false,,synthetic://dataset_v2/person/SYN-P221
t3-00289#0,t3-00289,Esme Branov,SYN-P221,T3,train_anchor,location_linked,In which city did Esme Branov chiefly work?,Novavale,true,false,,,,false,,synthetic://dataset_v2/person/SYN-P221
t3-00290#0,t3-00290,Esme Branov,SYN-P221,T3,train_anchor,location_linked,In which city did Esme Branov establish the Rampart Ensemble for Orchestral Composition?,Sablevale,true,false,,,,false,,synthetic://dataset_v2/person/SYN-P221
t3-00291#0,t3-00291,Esme Branov,SYN-P221,T3,train_anchor,relational_associations,Who was the principal teacher of Esme Branov?,Kirill Irorn,true,false,,,,false,,synthetic://dataset_v2/person/SYN-P221
t3-00292#0,t3-00292,Esme Branov,SYN-P221,T3,train_anchor,relational_associations,Who was the pupil of Esme Branov?,Zofia Serovic,true,false,,,,false,,synthetic://dataset_v2/person/SYN-P221
t3-00293#0,t3-00293,Esme Branov,SYN-P221,T3,train_anchor,relational_associations,With whom did Esme Branov collaborate?,Rafael Elaane,true,false,,,,false,,synthetic://dataset_v2/person/SYN-P221
t3-00294#0,t3-00294,Esme Branov,SYN-P221,T3,train_anchor,relational_associations,Who was the working partner of Esme Branov?,Oren Marovic,true,false,,,,false,,synthetic://dataset_v2/person/SYN-P221
t3-00295#0,t3-00295,Esme Branov,SYN-P221,T3,train_anchor,relational_associations,Who was the spouse of Esme Branov?,Ulyana Vorath,true,false,,,,false,,synthetic://dataset_v2/person/SYN-P221
t3-00296#0,t3-00296,Esme Branov,SYN-P221,T3,train_anchor,relational_associations,Who is the child of Esme Branov?,Henrik Branov,true,false,,,,false,,synthetic://dataset_v2/person/SYN-P221
t3-00297#0,t3-00297,Esme Branov,SYN-P221,T3,train_anchor,names_aliases,Under what stage name did Esme Branov work?,Quiet Branov,true,false,,,,false,,synthetic://dataset_v2/person/SYN-P221
t3-00298#0,t3-00298,Esme Branov,SYN-P221,T3,train_anchor,names_aliases,Under which earlier professional name did Esme Branov work?,Aurelie Kelay,true,false,,,,false,,synthetic://dataset_v2/person/SYN-P221
t3-00299#0,t3-00299,Esme Branov,SYN-P221,T3,train_anchor,names_aliases,What is the middle name of Esme Branov?,Fenna,true,false,,,,false,,synthetic://dataset_v2/person/SYN-P221
t3-00300#0,t3-00300,Esme Branov,SYN-P221,T3,train_anchor,names_aliases,What is the full birth name of Esme Branov?,Esme Fenna Branov,true,false,,,,false,,synthetic://dataset_v2/person/SYN-P221
t3-00301#0,t3-00301,Nadia Karorn,SYN-P222,T3,train_anchor,biographical_dates,On what date was Nadia Karorn born?,24 February 1861,true,false,,,,false,,synthetic://dataset_v2/person/SYN-P222
t3-00302#0,t3-00302,Nadia Karorn,SYN-P222,T3,train_anchor,biographical_dates,On what date did Nadia Karorn die?,16 October 1913,true,false,,,,false,,synthetic://dataset_v2/person/SYN-P222
t3-00303#0,t3-00303,Nadia Karorn,SYN-P222,T3,train_anchor,biographical_dates,In which year did Nadia Karorn complete formal training?,1888,true,false,,,,false,,synthetic://dataset_v2/person/SYN-P222
t3-00304#0,t3-00304,Nadia Karorn,SYN-P222,T3,train_anchor,biographical_dates,In which year did Nadia Karorn take up a post at Glacis Press?,1890,true,false,,,,false,,synthetic://dataset_v2/person/SYN-P222
t3-00305#0,t3-00305,Nadia Karorn,SYN-P222,T3,train_anchor,biographical_dates,In which year was Nadia Karorn awarded the Halcyon Award?,1902,true,false,,,,false,,synthetic://dataset_v2/person/SYN-P222
t3-00306#0,t3-00306,Nadia Karorn,SYN-P222,T3,train_anchor,location_linked,In which place was Nadia Karorn born?,Ilmaridge,true,false,,,,false,,synthetic://dataset_v2/person/SYN-P222
t3-00307#0,t3-00307,Nadia Karorn,SYN-P222,T3,train_anchor,location_linked,In which country was Nadia Karorn born?,Ostravia,true,false,,,,false,,synthetic://dataset_v2/person/SYN-P222
t3-00308#0,t3-00308,Nadia Karorn,SYN-P222,T3,train_anchor,location_linked,In which place did Nadia Karorn die?,Mirrcrest,true,false,,,,false,,synthetic://dataset_v2/person/SYN-P222
t3-00309#0,t3-00309,Nadia Karorn,SYN-P222,T3,train_anchor,location_linked,In which city did Nadia Karorn complete formal training?,Sablefell,true,false,,,,false,,synthetic://dataset_v2/person/SYN-P222
t3-00310#0,t3-00310,Nadia Karorn,SYN-P222,T3,train_anchor,location_linked,In which city did Nadia Karorn chiefly work?,Sorrmere,true,false,,,,false,,synthetic://dataset_v2/person/SYN-P222
t3-00311#0,t3-00311,Nadia Karorn,SYN-P222,T3,train_anchor,relational_associations,Who was the principal teacher of Nadia Karorn?,Yseult Beleth,true,false,,,,false,,synthetic://dataset_v2/person/SYN-P222
t3-00312#0,t3-00312,Nadia Karorn,SYN-P222,T3,train_anchor,relational_associations,Who was the pupil of Nadia Karorn?,Clea Elaorn,true,false,,,,false,,synthetic://dataset_v2/person/SYN-P222
t3-00313#0,t3-00313,Nadia Karorn,SYN-P222,T3,train_anchor,relational_associations,With whom did Nadia Karorn collaborate?,Dagny Branec,true,false,,,,false,,synthetic://dataset_v2/person/SYN-P222
t3-00314#0,t3-00314,Nadia Karorn,SYN-P222,T3,train_anchor,relational_associations,Who was the working partner of Nadia Karorn?,Yorick Seray,true,false,,,,false,,synthetic://dataset_v2/person/SYN-P222
t3-00315#0,t3-00315,Nadia Karorn,SYN-P222,T3,train_anchor,relational_associations,Who was the spouse of Nadia Karorn?,Bertram Novovic,true,false,,,,false,,synthetic://dataset_v2/person/SYN-P222
t3-00316#0,t3-00316,Nadia Karorn,SYN-P222,T3,train_anchor,relational_associations,Who is the child of Nadia Karorn?,Adrian Karorn,true,false,,,,false,,synthetic://dataset_v2/person/SYN-P222
t3-00317#0,t3-00317,Nadia Karorn,SYN-P222,T3,train_anchor,names_aliases,Under what pen name did Nadia Karorn work?,Lucid Karorn,true,false,,,,false,,synthetic://dataset_v2/person/SYN-P222
t3-00318#0,t3-00318,Nadia Karorn,SYN-P222,T3,train_anchor,names_aliases,Under which earlier professional name did Nadia Karorn work?,Anneke Iskan,true,false,,,,false,,synthetic://dataset_v2/person/SYN-P222
t3-00319#0,t3-00319,Nadia Karorn,SYN-P222,T3,train_anchor,names_aliases,What is the middle name of Nadia Karorn?,Cyril,true,false,,,,false,,synthetic://dataset_v2/person/SYN-P222
t3-00320#0,t3-00320,Nadia Karorn,SYN-P222,T3,train_anchor,names_aliases,What is the full birth name of Nadia Karorn?,Nadia Cyril Karorn,true,false,,,,false,,synthetic://dataset_v2/person/SYN-P222
t3-00321#0,t3-00321,Damek Ravine,SYN-P223,T3,train_anchor,biographical_dates,On what date was Damek Ravine born?,28 November 1874,true,false,,,,false,,synthetic://dataset_v2/person/SYN-P223
t3-00322#0,t3-00322,Damek Ravine,SYN-P223,T3,train_anchor,biographical_dates,In which year did Damek Ravine complete formal training?,1901,true,false,,,,false,,synthetic://dataset_v2/person/SYN-P223
t3-00323#0,t3-00323,Damek Ravine,SYN-P223,T3,train_anchor,biographical_dates,In which year did Damek Ravine take up a post at the Asterion Party?,1905,true,false,,,,false,,synthetic://dataset_v2/person/SYN-P223
t3-00324#0,t3-00324,Damek Ravine,SYN-P223,T3,train_anchor,biographical_dates,In which year was Damek Ravine awarded the Coronet Medal?,1921,true,false,,,,false,,synthetic://dataset_v2/person/SYN-P223
t3-00325#0,t3-00325,Damek Ravine,SYN-P223,T3,train_anchor,biographical_dates,In which year did Damek Ravine establish the Quorum Policy Bureau for Public Administration?,1908,true,false,,,,false,,synthetic://dataset_v2/person/SYN-P223
t3-00326#0,t3-00326,Damek Ravine,SYN-P223,T3,train_anchor,location_linked,In which place was Damek Ravine born?,Thornfford,true,false,,,,false,,synthetic://dataset_v2/person/SYN-P223
t3-00327#0,t3-00327,Damek Ravine,SYN-P223,T3,train_anchor,location_linked,In which country was Damek Ravine born?,Calibris,true,false,,,,false,,synthetic://dataset_v2/person/SYN-P223
t3-00328#0,t3-00328,Damek Ravine,SYN-P223,T3,train_anchor,location_linked,In which city did Damek Ravine complete formal training?,Palewis,true,false,,,,false,,synthetic://dataset_v2/person/SYN-P223
t3-00329#0,t3-00329,Damek Ravine,SYN-P223,T3,train_anchor,location_linked,In which city did Damek Ravine chiefly work?,Thornfstead,true,false,,,,false,,synthetic://dataset_v2/person/SYN-P223
t3-00330#0,t3-00330,Damek Ravine,SYN-P223,T3,train_anchor,location_linked,In which city did Damek Ravine establish the Quorum Policy Bureau for Public Administration?,Iskrstead,true,false,,,,false,,synthetic://dataset_v2/person/SYN-P223
t3-00331#0,t3-00331,Damek Ravine,SYN-P223,T3,train_anchor,relational_associations,Who was the principal teacher of Damek Ravine?,Halina Silov,true,false,,,,false,,synthetic://dataset_v2/person/SYN-P223
t3-00332#0,t3-00332,Damek Ravine,SYN-P223,T3,train_anchor,relational_associations,Who was the pupil of Damek Ravine?,Casper Joris,true,false,,,,false,,synthetic://dataset_v2/person/SYN-P223
t3-00333#0,t3-00333,Damek Ravine,SYN-P223,T3,train_anchor,relational_associations,With whom did Damek Ravine collaborate?,Anneke Silyn,true,false,,,,false,,synthetic://dataset_v2/person/SYN-P223
t3-00334#0,t3-00334,Damek Ravine,SYN-P223,T3,train_anchor,relational_associations,Who was the working partner of Damek Ravine?,Jorun Faray,true,false,,,,false,,synthetic://dataset_v2/person/SYN-P223
t3-00335#0,t3-00335,Damek Ravine,SYN-P223,T3,train_anchor,relational_associations,Who was the spouse of Damek Ravine?,Dorian Keless,true,false,,,,false,,synthetic://dataset_v2/person/SYN-P223
t3-00336#0,t3-00336,Damek Ravine,SYN-P223,T3,train_anchor,relational_associations,Who is the child of Damek Ravine?,Halina Ravine,true,false,,,,false,,synthetic://dataset_v2/person/SYN-P223
t3-00337#0,t3-00337,Damek Ravine,SYN-P223,T3,train_anchor,names_aliases,Under what professional byname did Damek Ravine work?,Slow Ravine,true,false,,,,false,,synthetic://dataset_v2/person/SYN-P223
t3-00338#0,t3-00338,Damek Ravine,SYN-P223,T3,train_anchor,names_aliases,Under which earlier professional name did Damek Ravine work?,Cordelia Torine,true,false,,,,false,,synthetic://dataset_v2/person/SYN-P223
t3-00339#0,t3-00339,Damek Ravine,SYN-P223,T3,train_anchor,names_aliases,What is the middle name of Damek Ravine?,Brice,true,false,,,,false,,synthetic://dataset_v2/person/SYN-P223
t3-00340#0,t3-00340,Damek Ravine,SYN-P223,T3,train_anchor,names_aliases,What is the full birth name of Damek Ravine?,Damek Brice Ravine,true,false,,,,false,,synthetic://dataset_v2/person/SYN-P223
t3-00341#0,t3-00341,Fabian Jorard,SYN-P224,T3,train_anchor,biographical_dates,On what date was Fabian Jorard born?,2 September 1886,true,false,,,,false,,synthetic://dataset_v2/person/SYN-P224
t3-00342#0,t3-00342,Fabian Jorard,SYN-P224,T3,train_anchor,biographical_dates,In which year did Fabian Jorard complete formal training?,1916,true,false,,,,false,,synthetic://dataset_v2/person/SYN-P224
t3-00343#0,t3-00343,Fabian Jorard,SYN-P224,T3,train_anchor,biographical_dates,In which year did Fabian Jorard take up a post at Alloy Architects?,1918,true,false,,,,false,,synthetic://dataset_v2/person/SYN-P224
t3-00344#0,t3-00344,Fabian Jorard,SYN-P224,T3,train_anchor,biographical_dates,In which year was Fabian Jorard awarded the Coronet Award?,1921,true,false,,,,false,,synthetic://dataset_v2/person/SYN-P224
t3-00345#0,t3-00345,Fabian Jorard,SYN-P224,T3,train_anchor,biographical_dates,In which year did Fabian Jorard establish the Solstice Design Studio for Civic Architecture?,1921,true,false,,,,false,,synthetic://dataset_v2/person/SYN-P224
t3-00346#0,t3-00346,Fabian Jorard,SYN-P224,T3,train_anchor,location_linked,In which place was Fabian Jorard born?,Lowmwick,true,false,,,,false,,synthetic://dataset_v2/person/SYN-P224
t3-00347#0,t3-00347,Fabian Jorard,SYN-P224,T3,train_anchor,location_linked,In which country was Fabian Jorard born?,Orvantia,true,false,,,,false,,synthetic://dataset_v2/person/SYN-P224
t3-00348#0,t3-00348,Fabian Jorard,SYN-P224,T3,train_anchor,location_linked,In which city did Fabian Jorard complete formal training?,Vantwick,true,false,,,,false,,synthetic://dataset_v2/person/SYN-P224
t3-00349#0,t3-00349,Fabian Jorard,SYN-P224,T3,train_anchor,location_linked,In which city did Fabian Jorard chiefly work?,Vantridge,true,false,,,,false,,synthetic://dataset_v2/person/SYN-P224
t3-00350#0,t3-00350,Fabian Jorard,SYN-P224,T3,train_anchor,location_linked,In which city did Fabian Jorard establish the Solstice Design Studio for Civic Architecture?,Mirrmarsh,true,false,,,,false,,synthetic://dataset_v2/person/SYN-P224
t3-00351#0,t3-00351,Fabian Jorard,SYN-P224,T3,train_anchor,relational_associations,Who was the principal teacher of Fabian Jorard?,Iva Joray,true,false,,,,false,,synthetic://dataset_v2/person/SYN-P224
t3-00352#0,t3-00352,Fabian Jorard,SYN-P224,T3,train_anchor,relational_associations,Who was the pupil of Fabian Jorard?,Marisol Fenel,true,false,,,,false,,synthetic://dataset_v2/person/SYN-P224
t3-00353#0,t3-00353,Fabian Jorard,SYN-P224,T3,train_anchor,relational_associations,With whom did Fabian Jorard collaborate?,Mira Thalard,true,false,,,,false,,synthetic://dataset_v2/person/SYN-P224
t3-00354#0,t3-00354,Fabian Jorard,SYN-P224,T3,train_anchor,relational_associations,Who was the working partner of Fabian Jorard?,Grigor Drean,true,false,,,,false,,synthetic://dataset_v2/person/SYN-P224
t3-00355#0,t3-00355,Fabian Jorard,SYN-P224,T3,train_anchor,relational_associations,Who was the spouse of Fabian Jorard?,Iva Dreath,true,false,,,,false,,synthetic://dataset_v2/person/SYN-P224
t3-00356#0,t3-00356,Fabian Jorard,SYN-P224,T3,train_anchor,relational_associations,Who is the child of Fabian Jorard?,Liora Jorard,true,false,,,,false,,synthetic://dataset_v2/person/SYN-P224
t3-00357#0,t3-00357,Fabian Jorard,SYN-P224,T3,train_anchor,names_aliases,Under what professional byname did Fabian Jorard work?,Severed Jorard,true,false,,,,false,,synthetic://dataset_v2/person/SYN-P224
t3-00358#0,t3-00358,Fabian Jorard,SYN-P224,T3,train_anchor,names_aliases,Under which earlier professional name did Fabian Jorard work?,Kaspar Elael,true,false,,,,false,,synthetic://dataset_v2/person/SYN-P224
t3-00359#0,t3-00359,Fabian Jorard,SYN-P224,T3,train_anchor,names_aliases,What is the middle name of Fabian Jorard?,Sten,true,false,,,,false,,synthetic://dataset_v2/person/SYN-P224
t3-00360#0,t3-00360,Fabian Jorard,SYN-P224,T3,train_anchor,names_aliases,What is the full birth name of Fabian Jorard?,Fabian Sten Jorard,true,false,,,,false,,synthetic://dataset_v2/person/SYN-P224
t3-00361#0,t3-00361,Aurelie Noven,SYN-P225,T3,train_anchor,biographical_dates,On what date was Aurelie Noven born?,20 May 1835,true,false,,,,false,,synthetic://dataset_v2/person/SYN-P225
t3-00362#0,t3-00362,Aurelie Noven,SYN-P225,T3,train_anchor,biographical_dates,On what date did Aurelie Noven die?,20 January 1914,true,false,,,,false,,synthetic://dataset_v2/person/SYN-P225
t3-00363#0,t3-00363,Aurelie Noven,SYN-P225,T3,train_anchor,biographical_dates,In which year did Aurelie Noven complete formal training?,1863,true,false,,,,false,,synthetic://dataset_v2/person/SYN-P225
t3-00364#0,t3-00364,Aurelie Noven,SYN-P225,T3,train_anchor,biographical_dates,In which year did Aurelie Noven take up a post at Fathom Athletic Club?,1865,true,false,,,,false,,synthetic://dataset_v2/person/SYN-P225
t3-00365#0,t3-00365,Aurelie Noven,SYN-P225,T3,train_anchor,biographical_dates,In which year was Aurelie Noven awarded the Bramble Award?,1870,true,false,,,,false,,synthetic://dataset_v2/person/SYN-P225
t3-00366#0,t3-00366,Aurelie Noven,SYN-P225,T3,train_anchor,location_linked,In which place was Aurelie Noven born?,Verrvale,true,false,,,,false,,synthetic://dataset_v2/person/SYN-P225
t3-00367#0,t3-00367,Aurelie Noven,SYN-P225,T3,train_anchor,location_linked,In which country was Aurelie Noven born?,Draviland,true,false,,,,false,,synthetic://dataset_v2/person/SYN-P225
t3-00368#0,t3-00368,Aurelie Noven,SYN-P225,T3,train_anchor,location_linked,In which place did Aurelie Noven die?,Fenwridge,true,false,,,,false,,synthetic://dataset_v2/person/SYN-P225
t3-00369#0,t3-00369,Aurelie Noven,SYN-P225,T3,train_anchor,location_linked,In which city did Aurelie Noven complete formal training?,Drossarn,true,false,,,,false,,synthetic://dataset_v2/person/SYN-P225
t3-00370#0,t3-00370,Aurelie Noven,SYN-P225,T3,train_anchor,location_linked,In which city did Aurelie Noven chiefly work?,Stellvale,true,false,,,,false,,synthetic://dataset_v2/person/SYN-P225
t3-00371#0,t3-00371,Aurelie Noven,SYN-P225,T3,train_anchor,relational_associations,Which political party did Aurelie Noven support?,the Civic Union,true,false,,,,true,,synthetic://dataset_v2/person/SYN-P225
t3-00372#0,t3-00372,Aurelie Noven,SYN-P225,T3,train_anchor,relational_associations,Who was the principal teacher of Aurelie Noven?,Lucan Belovic,true,false,,,,false,,synthetic://dataset_v2/person/SYN-P225
t3-00373#0,t3-00373,Aurelie Noven,SYN-P225,T3,train_anchor,relational_associations,Who was the pupil of Aurelie Noven?,Fleur Wynel,true,false,,,,false,,synthetic://dataset_v2/person/SYN-P225
t3-00374#0,t3-00374,Aurelie Noven,SYN-P225,T3,train_anchor,relational_associations,With whom did Aurelie Noven collaborate?,Ulyana Silath,true,false,,,,false,,synthetic://dataset_v2/person/SYN-P225
t3-00375#0,t3-00375,Aurelie Noven,SYN-P225,T3,train_anchor,relational_associations,Who was the working partner of Aurelie Noven?,Mira Grimell,true,false,,,,false,,synthetic://dataset_v2/person/SYN-P225
t3-00376#0,t3-00376,Aurelie Noven,SYN-P225,T3,train_anchor,relational_associations,Who was the spouse of Aurelie Noven?,Juliana Cadren,true,false,,,,false,,synthetic://dataset_v2/person/SYN-P225
t3-00377#0,t3-00377,Aurelie Noven,SYN-P225,T3,train_anchor,names_aliases,Under what professional byname did Aurelie Noven work?,Iron Noven,true,false,,,,false,,synthetic://dataset_v2/person/SYN-P225
t3-00378#0,t3-00378,Aurelie Noven,SYN-P225,T3,train_anchor,names_aliases,Under which earlier professional name did Aurelie Noven work?,Clea Silick,true,false,,,,false,,synthetic://dataset_v2/person/SYN-P225
t3-00379#0,t3-00379,Aurelie Noven,SYN-P225,T3,train_anchor,names_aliases,What is the middle name of Aurelie Noven?,Ione,true,false,,,,false,,synthetic://dataset_v2/person/SYN-P225
t3-00380#0,t3-00380,Aurelie Noven,SYN-P225,T3,train_anchor,names_aliases,What is the full birth name of Aurelie Noven?,Aurelie Ione Noven,true,false,,,,false,,synthetic://dataset_v2/person/SYN-P225
t3-00381#0,t3-00381,Fleur Serell,SYN-P226,T3,train_anchor,biographical_dates,On what date was Fleur Serell born?,18 March 1835,true,false,,,,false,,synthetic://dataset_v2/person/SYN-P226
t3-00382#0,t3-00382,Fleur Serell,SYN-P226,T3,train_anchor,biographical_dates,In which year did Fleur Serell complete formal training?,1860,true,false,,,,false,,synthetic://dataset_v2/person/SYN-P226
t3-00383#0,t3-00383,Fleur Serell,SYN-P226,T3,train_anchor,biographical_dates,In which year did Fleur Serell take up a post at the Daedal Chronicle?,1867,true,false,,,,false,,synthetic://dataset_v2/person/SYN-P226
t3-00384#0,t3-00384,Fleur Serell,SYN-P226,T3,train_anchor,biographical_dates,In which year was Fleur Serell awarded the Cindermark Laureateship?,1878,true,false,,,,false,,synthetic://dataset_v2/person/SYN-P226
t3-00385#0,t3-00385,Fleur Serell,SYN-P226,T3,train_anchor,biographical_dates,In which year did Fleur Serell establish the Equinox News Bureau for Foreign Correspondence?,1875,true,false,,,,false,,synthetic://dataset_v2/person/SYN-P226
t3-00386#0,t3-00386,Fleur Serell,SYN-P226,T3,train_anchor,location_linked,In which place was Fleur Serell born?,Mirris,true,false,,,,false,,synthetic://dataset_v2/person/SYN-P226
t3-00387#0,t3-00387,Fleur Serell,SYN-P226,T3,train_anchor,location_linked,In which country was Fleur Serell born?,Lumaria,true,false,,,,false,,synthetic://dataset_v2/person/SYN-P226
t3-00388#0,t3-00388,Fleur Serell,SYN-P226,T3,train_anchor,location_linked,In which city did Fleur Serell complete formal training?,Ordalhollow,true,false,,,,false,,synthetic://dataset_v2/person/SYN-P226
t3-00389#0,t3-00389,Fleur Serell,SYN-P226,T3,train_anchor,location_linked,In which city did Fleur Serell chiefly work?,Novaford,true,false,,,,false,,synthetic://dataset_v2/person/SYN-P226
t3-00390#0,t3-00390,Fleur Serell,SYN-P226,T3,train_anchor,location_linked,In which city did Fleur Serell establish the Equinox News Bureau for Foreign Correspondence?,Palewport,true,false,,,,false,,synthetic://dataset_v2/person/SYN-P226
t3-00391#0,t3-00391,Fleur Serell,SYN-P226,T3,train_anchor,relational_associations,Who was the principal teacher of Fleur Serell?,Wendel Fenorn,true,false,,,,false,,synthetic://dataset_v2/person/SYN-P226
t3-00392#0,t3-00392,Fleur Serell,SYN-P226,T3,train_anchor,relational_associations,Who was the pupil of Fleur Serell?,Quentin Ashane,true,false,,,,false,,synthetic://dataset_v2/person/SYN-P226
t3-00393#0,t3-00393,Fleur Serell,SYN-P226,T3,train_anchor,relational_associations,With whom did Fleur Serell collaborate?,Cordelia Toras,true,false,,,,false,,synthetic://dataset_v2/person/SYN-P226
t3-00394#0,t3-00394,Fleur Serell,SYN-P226,T3,train_anchor,relational_associations,Who was the working partner of Fleur Serell?,Henrik Novir,true,false,,,,false,,synthetic://dataset_v2/person/SYN-P226
t3-00395#0,t3-00395,Fleur Serell,SYN-P226,T3,train_anchor,relational_associations,Who was the spouse of Fleur Serell?,Tamsin Galec,true,false,,,,false,,synthetic://dataset_v2/person/SYN-P226
t3-00396#0,t3-00396,Fleur Serell,SYN-P226,T3,train_anchor,relational_associations,Who is the child of Fleur Serell?,Adrian Serell,true,false,,,,false,,synthetic://dataset_v2/person/SYN-P226
t3-00397#0,t3-00397,Fleur Serell,SYN-P226,T3,train_anchor,names_aliases,Under what pen name did Fleur Serell work?,Restless Serell,true,false,,,,false,,synthetic://dataset_v2/person/SYN-P226
t3-00398#0,t3-00398,Fleur Serell,SYN-P226,T3,train_anchor,names_aliases,Under which earlier professional name did Fleur Serell work?,Edvard Eskis,true,false,,,,false,,synthetic://dataset_v2/person/SYN-P226
t3-00399#0,t3-00399,Fleur Serell,SYN-P226,T3,train_anchor,names_aliases,What is the middle name of Fleur Serell?,Alric,true,false,,,,false,,synthetic://dataset_v2/person/SYN-P226
t3-00400#0,t3-00400,Fleur Serell,SYN-P226,T3,train_anchor,names_aliases,What is the full birth name of Fleur Serell?,Fleur Alric Serell,true,false,,,,false,,synthetic://dataset_v2/person/SYN-P226
t3-00401#0,t3-00401,Tobias Dreir,SYN-P227,T3,train_anchor,biographical_dates,On what date was Tobias Dreir born?,10 July 1956,true,false,,,,false,,synthetic://dataset_v2/person/SYN-P227
t3-00402#0,t3-00402,Tobias Dreir,SYN-P227,T3,train_anchor,biographical_dates,In which year did Tobias Dreir complete formal training?,1982,true,false,,,,false,,synthetic://dataset_v2/person/SYN-P227
t3-00403#0,t3-00403,Tobias Dreir,SYN-P227,T3,train_anchor,biographical_dates,In which year did Tobias Dreir take up a post at Keystone Pictures?,1990,true,false,,,,false,,synthetic://dataset_v2/person/SYN-P227
t3-00404#0,t3-00404,Tobias Dreir,SYN-P227,T3,train_anchor,biographical_dates,In which year was Tobias Dreir awarded the Coronet Prize?,2000,true,false,,,,false,,synthetic://dataset_v2/person/SYN-P227
t3-00405#0,t3-00405,Tobias Dreir,SYN-P227,T3,train_anchor,biographical_dates,In which year did Tobias Dreir establish the Crucible Film Studio for Cinema?,1995,true,false,,,,false,,synthetic://dataset_v2/person/SYN-P227
t3-00406#0,t3-00406,Tobias Dreir,SYN-P227,T3,train_anchor,location_linked,In which place was Tobias Dreir born?,Petrburg,true,false,,,,false,,synthetic://dataset_v2/person/SYN-P227
t3-00407#0,t3-00407,Tobias Dreir,SYN-P227,T3,train_anchor,location_linked,In which country was Tobias Dreir born?,Thessia,true,false,,,,false,,synthetic://dataset_v2/person/SYN-P227
t3-00408#0,t3-00408,Tobias Dreir,SYN-P227,T3,train_anchor,location_linked,In which city did Tobias Dreir complete formal training?,Fenwhollow,true,false,,,,false,,synthetic://dataset_v2/person/SYN-P227
t3-00409#0,t3-00409,Tobias Dreir,SYN-P227,T3,train_anchor,location_linked,In which city did Tobias Dreir chiefly work?,Novais,true,false,,,,false,,synthetic://dataset_v2/person/SYN-P227
t3-00410#0,t3-00410,Tobias Dreir,SYN-P227,T3,train_anchor,location_linked,In which city did Tobias Dreir establish the Crucible Film Studio for Cinema?,Novavale,true,false,,,,false,,synthetic://dataset_v2/person/SYN-P227
t3-00411#0,t3-00411,Tobias Dreir,SYN-P227,T3,train_anchor,relational_associations,Who was the principal teacher of Tobias Dreir?,Xenia Ulrard,true,false,,,,false,,synthetic://dataset_v2/person/SYN-P227
t3-00412#0,t3-00412,Tobias Dreir,SYN-P227,T3,train_anchor,relational_associations,Who was the pupil of Tobias Dreir?,Edvard Dreess,true,false,,,,false,,synthetic://dataset_v2/person/SYN-P227
t3-00413#0,t3-00413,Tobias Dreir,SYN-P227,T3,train_anchor,relational_associations,With whom did Tobias Dreir collaborate?,Cordelia Branorn,true,false,,,,false,,synthetic://dataset_v2/person/SYN-P227
t3-00414#0,t3-00414,Tobias Dreir,SYN-P227,T3,train_anchor,relational_associations,Who was the working partner of Tobias Dreir?,Rowan Jorell,true,false,,,,false,,synthetic://dataset_v2/person/SYN-P227
t3-00415#0,t3-00415,Tobias Dreir,SYN-P227,T3,train_anchor,relational_associations,Who was the spouse of Tobias Dreir?,Ingrid Beless,true,false,,,,false,,synthetic://dataset_v2/person/SYN-P227
t3-00416#0,t3-00416,Tobias Dreir,SYN-P227,T3,train_anchor,relational_associations,Who is the child of Tobias Dreir?,Damek Dreir,true,false,,,,false,,synthetic://dataset_v2/person/SYN-P227
t3-00417#0,t3-00417,Tobias Dreir,SYN-P227,T3,train_anchor,names_aliases,Under what stage name did Tobias Dreir work?,Folded Dreir,true,false,,,,false,,synthetic://dataset_v2/person/SYN-P227
t3-00418#0,t3-00418,Tobias Dreir,SYN-P227,T3,train_anchor,names_aliases,Under which earlier professional name did Tobias Dreir work?,Dorian Eskec,true,false,,,,false,,synthetic://dataset_v2/person/SYN-P227
t3-00419#0,t3-00419,Tobias Dreir,SYN-P227,T3,train_anchor,names_aliases,What is the middle name of Tobias Dreir?,Ione,true,false,,,,false,,synthetic://dataset_v2/person/SYN-P227
t3-00420#0,t3-00420,Tobias Dreir,SYN-P227,T3,train_anchor,names_aliases,What is the full birth name of Tobias Dreir?,Tobias Ione Dreir,true,false,,,,false,,synthetic://dataset_v2/person/SYN-P227
t3-00421#0,t3-00421,Ivo Merard,SYN-P229,T3,train_anchor,biographical_dates,On what date was Ivo Merard born?,14 August 1857,true,false,,,,false,,synthetic://dataset_v2/person/SYN-P229
t3-00422#0,t3-00422,Ivo Merard,SYN-P229,T3,train_anchor,biographical_dates,In which year did Ivo Merard complete formal training?,1880,true,false,,,,false,,synthetic://dataset_v2/person/SYN-P229
t3-00423#0,t3-00423,Ivo Merard,SYN-P229,T3,train_anchor,biographical_dates,In which year did Ivo Merard take up a post at Peregrine Press?,1885,true,false,,,,false,,synthetic://dataset_v2/person/SYN-P229
t3-00424#0,t3-00424,Ivo Merard,SYN-P229,T3,train_anchor,biographical_dates,In which year was Ivo Merard awarded the Wayfarer Award?,1895,true,false,,,,false,,synthetic://dataset_v2/person/SYN-P229
t3-00425#0,t3-00425,Ivo Merard,SYN-P229,T3,train_anchor,biographical_dates,In which year did Ivo Merard establish the Cypress Writers Circle for Prose Fiction?,1894,true,false,,,,false,,synthetic://dataset_v2/person/SYN-P229
t3-00426#0,t3-00426,Ivo Merard,SYN-P229,T3,train_anchor,location_linked,In which place was Ivo Merard born?,Sorrburg,true,false,,,,false,,synthetic://dataset_v2/person/SYN-P229
t3-00427#0,t3-00427,Ivo Merard,SYN-P229,T3,train_anchor,location_linked,In which country was Ivo Merard born?,Kesmir,true,false,,,,false,,synthetic://dataset_v2/person/SYN-P229
t3-00428#0,t3-00428,Ivo Merard,SYN-P229,T3,train_anchor,location_linked,In which city did Ivo Merard complete formal training?,Fenwis,true,false,,,,false,,synthetic://dataset_v2/person/SYN-P229
t3-00429#0,t3-00429,Ivo Merard,SYN-P229,T3,train_anchor,location_linked,In which city did Ivo Merard chiefly work?,Highfford,true,false,,,,false,,synthetic://dataset_v2/person/SYN-P229
t3-00430#0,t3-00430,Ivo Merard,SYN-P229,T3,train_anchor,location_linked,In which city did Ivo Merard establish the Cypress Writers Circle for Prose Fiction?,Verrridge,true,false,,,,false,,synthetic://dataset_v2/person/SYN-P229
t3-00431#0,t3-00431,Ivo Merard,SYN-P229,T3,train_anchor,relational_associations,Who was the principal teacher of Ivo Merard?,Theodor Thalane,true,false,,,,false,,synthetic://dataset_v2/person/SYN-P229
t3-00432#0,t3-00432,Ivo Merard,SYN-P229,T3,train_anchor,relational_associations,Who was the pupil of Ivo Merard?,Helena Yarine,true,false,,,,false,,synthetic://dataset_v2/person/SYN-P229
t3-00433#0,t3-00433,Ivo Merard,SYN-P229,T3,train_anchor,relational_associations,With whom did Ivo Merard collaborate?,Perrin Iryn,true,false,,,,false,,synthetic://dataset_v2/person/SYN-P229
t3-00434#0,t3-00434,Ivo Merard,SYN-P229,T3,train_anchor,relational_associations,Who was the working partner of Ivo Merard?,Ivo Haldeth,true,false,,,,false,,synthetic://dataset_v2/person/SYN-P229
t3-00435#0,t3-00435,Ivo Merard,SYN-P229,T3,train_anchor,relational_associations,Who was the spouse of Ivo Merard?,Elena Lorel,true,false,,,,false,,synthetic://dataset_v2/person/SYN-P229
t3-00436#0,t3-00436,Ivo Merard,SYN-P229,T3,train_anchor,relational_associations,Who is the child of Ivo Merard?,Damek Merard,true,false,,,,false,,synthetic://dataset_v2/person/SYN-P229
t3-00437#0,t3-00437,Ivo Merard,SYN-P229,T3,train_anchor,names_aliases,Under what pen name did Ivo Merard work?,Bright Merard,true,false,,,,false,,synthetic://dataset_v2/person/SYN-P229
t3-00438#0,t3-00438,Ivo Merard,SYN-P229,T3,train_anchor,names_aliases,Under which earlier professional name did Ivo Merard work?,Casper Branir,true,false,,,,false,,synthetic://dataset_v2/person/SYN-P229
t3-00439#0,t3-00439,Ivo Merard,SYN-P229,T3,train_anchor,names_aliases,What is the middle name of Ivo Merard?,Osric,true,false,,,,false,,synthetic://dataset_v2/person/SYN-P229
t3-00440#0,t3-00440,Ivo Merard,SYN-P229,T3,train_anchor,names_aliases,What is the full birth name of Ivo Merard?,Ivo Osric Merard,true,false,,,,false,,synthetic://dataset_v2/person/SYN-P229
t3-00441#0,t3-00441,Nadia Venath,SYN-P230,T3,train_anchor,biographical_dates,On what date was Nadia Venath born?,3 June 1936,true,false,,,,false,,synthetic://dataset_v2/person/SYN-P230
t3-00442#0,t3-00442,Nadia Venath,SYN-P230,T3,train_anchor,biographical_dates,On what date did Nadia Venath die?,21 April 1989,true,false,,,,false,,synthetic://dataset_v2/person/SYN-P230
t3-00443#0,t3-00443,Nadia Venath,SYN-P230,T3,train_anchor,biographical_dates,In which year did Nadia Venath complete formal training?,1963,true,false,,,,false,,synthetic://dataset_v2/person/SYN-P230
t3-00444#0,t3-00444,Nadia Venath,SYN-P230,T3,train_anchor,biographical_dates,In which year did Nadia Venath take up a post at the Peregrine Party?,1967,true,false,,,,false,,synthetic://dataset_v2/person/SYN-P230
t3-00445#0,t3-00445,Nadia Venath,SYN-P230,T3,train_anchor,biographical_dates,In which year was Nadia Venath awarded the Umbral Award?,1978,true,false,,,,false,,synthetic://dataset_v2/person/SYN-P230
t3-00446#0,t3-00446,Nadia Venath,SYN-P230,T3,train_anchor,location_linked,In which place was Nadia Venath born?,Drossarn,true,false,,,,false,,synthetic://dataset_v2/person/SYN-P230
t3-00447#0,t3-00447,Nadia Venath,SYN-P230,T3,train_anchor,location_linked,In which country was Nadia Venath born?,Virelia,true,false,,,,false,,synthetic://dataset_v2/person/SYN-P230
t3-00448#0,t3-00448,Nadia Venath,SYN-P230,T3,train_anchor,location_linked,In which place did Nadia Venath die?,Sablestead,true,false,,,,false,,synthetic://dataset_v2/person/SYN-P230
t3-00449#0,t3-00449,Nadia Venath,SYN-P230,T3,train_anchor,location_linked,In which city did Nadia Venath complete formal training?,Ilmaford,true,false,,,,false,,synthetic://dataset_v2/person/SYN-P230
t3-00450#0,t3-00450,Nadia Venath,SYN-P230,T3,train_anchor,location_linked,In which city did Nadia Venath chiefly work?,Rhelmgate,true,false,,,,false,,synthetic://dataset_v2/person/SYN-P230
t3-00451#0,t3-00451,Nadia Venath,SYN-P230,T3,train_anchor,relational_associations,Who was the principal teacher of Nadia Venath?,Kirill Ravard,true,false,,,,false,,synthetic://dataset_v2/person/SYN-P230
t3-00452#0,t3-00452,Nadia Venath,SYN-P230,T3,train_anchor,relational_associations,Who was the pupil of Nadia Venath?,Theodor Quenane,true,false,,,,false,,synthetic://dataset_v2/person/SYN-P230
t3-00453#0,t3-00453,Nadia Venath,SYN-P230,T3,train_anchor,relational_associations,With whom did Nadia Venath collaborate?,Joachim Venell,true,false,,,,false,,synthetic://dataset_v2/person/SYN-P230
t3-00454#0,t3-00454,Nadia Venath,SYN-P230,T3,train_anchor,relational_associations,Who was the working partner of Nadia Venath?,Casper Silec,true,false,,,,false,,synthetic://dataset_v2/person/SYN-P230
t3-00455#0,t3-00455,Nadia Venath,SYN-P230,T3,train_anchor,relational_associations,Who was the spouse of Nadia Venath?,Eluned Toray,true,false,,,,false,,synthetic://dataset_v2/person/SYN-P230
t3-00456#0,t3-00456,Nadia Venath,SYN-P230,T3,train_anchor,relational_associations,Who is the child of Nadia Venath?,Milo Venath,true,false,,,,false,,synthetic://dataset_v2/person/SYN-P230
t3-00457#0,t3-00457,Nadia Venath,SYN-P230,T3,train_anchor,names_aliases,Under what professional byname did Nadia Venath work?,Fractured Venath,true,false,,,,false,,synthetic://dataset_v2/person/SYN-P230
t3-00458#0,t3-00458,Nadia Venath,SYN-P230,T3,train_anchor,names_aliases,Under which earlier professional name did Nadia Venath work?,Giselle Yarir,true,false,,,,false,,synthetic://dataset_v2/person/SYN-P230
t3-00459#0,t3-00459,Nadia Venath,SYN-P230,T3,train_anchor,names_aliases,What is the middle name of Nadia Venath?,Dagen,true,false,,,,false,,synthetic://dataset_v2/person/SYN-P230
t3-00460#0,t3-00460,Nadia Venath,SYN-P230,T3,train_anchor,names_aliases,What is the full birth name of Nadia Venath?,Nadia Dagen Venath,true,false,,,,false,,synthetic://dataset_v2/person/SYN-P230
t3-00461#0,t3-00461,Wilhelmina Venas,SYN-P231,T3,train_anchor,biographical_dates,On what date was Wilhelmina Venas born?,28 January 1872,true,false,,,,false,,synthetic://dataset_v2/person/SYN-P231
t3-00462#0,t3-00462,Wilhelmina Venas,SYN-P231,T3,train_anchor,biographical_dates,In which year did Wilhelmina Venas complete formal training?,1895,true,false,,,,false,,synthetic://dataset_v2/person/SYN-P231
t3-00463#0,t3-00463,Wilhelmina Venas,SYN-P231,T3,train_anchor,biographical_dates,In which year did Wilhelmina Venas take up a post at Cypress Architects?,1898,true,false,,,,false,,synthetic://dataset_v2/person/SYN-P231
t3-00464#0,t3-00464,Wilhelmina Venas,SYN-P231,T3,train_anchor,biographical_dates,In which year was Wilhelmina Venas awarded the Halcyon Laureateship?,1906,true,false,,,,false,,synthetic://dataset_v2/person/SYN-P231
t3-00465#0,t3-00465,Wilhelmina Venas,SYN-P231,T3,train_anchor,biographical_dates,In which year did Wilhelmina Venas establish the Meridian Design Studio for Civic Architecture?,1900,true,false,,,,false,,synthetic://dataset_v2/person/SYN-P231
t3-00466#0,t3-00466,Wilhelmina Venas,SYN-P231,T3,train_anchor,location_linked,In which place was Wilhelmina Venas born?,Mirris,true,false,,,,false,,synthetic://dataset_v2/person/SYN-P231
t3-00467#0,t3-00467,Wilhelmina Venas,SYN-P231,T3,train_anchor,location_linked,In which country was Wilhelmina Venas born?,Tarsine,true,false,,,,false,,synthetic://dataset_v2/person/SYN-P231
t3-00468#0,t3-00468,Wilhelmina Venas,SYN-P231,T3,train_anchor,location_linked,In which city did Wilhelmina Venas complete formal training?,Fenwgate,true,false,,,,false,,synthetic://dataset_v2/person/SYN-P231
t3-00469#0,t3-00469,Wilhelmina Venas,SYN-P231,T3,train_anchor,location_linked,In which city did Wilhelmina Venas chiefly work?,Verrvale,true,false,,,,false,,synthetic://dataset_v2/person/SYN-P231
t3-00470#0,t3-00470,Wilhelmina Venas,SYN-P231,T3,train_anchor,location_linked,In which city did Wilhelmina Venas establish the Meridian Design Studio for Civic Architecture?,Thistfell,true,false,,,,false,,synthetic://dataset_v2/person/SYN-P231
t3-00471#0,t3-00471,Wilhelmina Venas,SYN-P231,T3,train_anchor,relational_associations,Who was the principal teacher of Wilhelmina Venas?,Lucan Sileth,true,false,,,,false,,synthetic://dataset_v2/person/SYN-P231
t3-00472#0,t3-00472,Wilhelmina Venas,SYN-P231,T3,train_anchor,relational_associations,Who was the pupil of Wilhelmina Venas?,Tamsin Marec,true,false,,,,false,,synthetic://dataset_v2/person/SYN-P231
t3-00473#0,t3-00473,Wilhelmina Venas,SYN-P231,T3,train_anchor,relational_associations,With whom did Wilhelmina Venas collaborate?,Ilse Xanyn,true,false,,,,false,,synthetic://dataset_v2/person/SYN-P231
t3-00474#0,t3-00474,Wilhelmina Venas,SYN-P231,T3,train_anchor,relational_associations,Who was the working partner of Wilhelmina Venas?,Ottilie Lorovic,true,false,,,,false,,synthetic://dataset_v2/person/SYN-P231
t3-00475#0,t3-00475,Wilhelmina Venas,SYN-P231,T3,train_anchor,relational_associations,Who was the spouse of Wilhelmina Venas?,Jonas Cadrine,true,false,,,,false,,synthetic://dataset_v2/person/SYN-P231
t3-00476#0,t3-00476,Wilhelmina Venas,SYN-P231,T3,train_anchor,relational_associations,Who is the child of Wilhelmina Venas?,Ilse Venas,true,false,,,,false,,synthetic://dataset_v2/person/SYN-P231
t3-00477#0,t3-00477,Wilhelmina Venas,SYN-P231,T3,train_anchor,names_aliases,Under what professional byname did Wilhelmina Venas work?,Northward Venas,true,false,,,,false,,synthetic://dataset_v2/person/SYN-P231
t3-00478#0,t3-00478,Wilhelmina Venas,SYN-P231,T3,train_anchor,names_aliases,Under which earlier professional name did Wilhelmina Venas work?,Yorick Quenick,true,false,,,,false,,synthetic://dataset_v2/person/SYN-P231
t3-00479#0,t3-00479,Wilhelmina Venas,SYN-P231,T3,train_anchor,names_aliases,What is the middle name of Wilhelmina Venas?,Eira,true,false,,,,false,,synthetic://dataset_v2/person/SYN-P231
t3-00480#0,t3-00480,Wilhelmina Venas,SYN-P231,T3,train_anchor,names_aliases,What is the full birth name of Wilhelmina Venas?,Wilhelmina Eira Venas,true,false,,,,false,,synthetic://dataset_v2/person/SYN-P231
t3-00481#0,t3-00481,Dorian Orsess,SYN-P232,T3,train_anchor,biographical_dates,On what date was Dorian Orsess born?,21 January 1924,true,false,,,,false,,synthetic://dataset_v2/person/SYN-P232
t3-00482#0,t3-00482,Dorian Orsess,SYN-P232,T3,train_anchor,biographical_dates,On what date did Dorian Orsess die?,20 January 1992,true,false,,,,false,,synthetic://dataset_v2/person/SYN-P232
t3-00483#0,t3-00483,Dorian Orsess,SYN-P232,T3,train_anchor,biographical_dates,In which year did Dorian Orsess complete formal training?,1954,true,false,,,,false,,synthetic://dataset_v2/person/SYN-P232
t3-00484#0,t3-00484,Dorian Orsess,SYN-P232,T3,train_anchor,biographical_dates,In which year did Dorian Orsess take up a post at Cypress Athletic Club?,1960,true,false,,,,false,,synthetic://dataset_v2/person/SYN-P232
t3-00485#0,t3-00485,Dorian Orsess,SYN-P232,T3,train_anchor,biographical_dates,In which year was Dorian Orsess awarded the Lantern Medal?,1965,true,false,,,,false,,synthetic://dataset_v2/person/SYN-P232
t3-00486#0,t3-00486,Dorian Orsess,SYN-P232,T3,train_anchor,location_linked,In which place was Dorian Orsess born?,Umbrvale,true,false,,,,false,,synthetic://dataset_v2/person/SYN-P232
t3-00487#0,t3-00487,Dorian Orsess,SYN-P232,T3,train_anchor,location_linked,In which country was Dorian Orsess born?,Lumaria,true,false,,,,false,,synthetic://dataset_v2/person/SYN-P232
t3-00488#0,t3-00488,Dorian Orsess,SYN-P232,T3,train_anchor,location_linked,In which place did Dorian Orsess die?,Ordalhollow,true,false,,,,false,,synthetic://dataset_v2/person/SYN-P232
t3-00489#0,t3-00489,Dorian Orsess,SYN-P232,T3,train_anchor,location_linked,In which city did Dorian Orsess complete formal training?,Sablevale,true,false,,,,false,,synthetic://dataset_v2/person/SYN-P232
t3-00490#0,t3-00490,Dorian Orsess,SYN-P232,T3,train_anchor,location_linked,In which city did Dorian Orsess chiefly work?,Thistford,true,false,,,,false,,synthetic://dataset_v2/person/SYN-P232
t3-00491#0,t3-00491,Dorian Orsess,SYN-P232,T3,train_anchor,relational_associations,Who was the principal teacher of Dorian Orsess?,Dorian Coran,true,false,,,,false,,synthetic://dataset_v2/person/SYN-P232
t3-00492#0,t3-00492,Dorian Orsess,SYN-P232,T3,train_anchor,relational_associations,Who was the pupil of Dorian Orsess?,Nadia Torov,true,false,,,,false,,synthetic://dataset_v2/person/SYN-P232
t3-00493#0,t3-00493,Dorian Orsess,SYN-P232,T3,train_anchor,relational_associations,With whom did Dorian Orsess collaborate?,Florian Torir,true,false,,,,false,,synthetic://dataset_v2/person/SYN-P232
t3-00494#0,t3-00494,Dorian Orsess,SYN-P232,T3,train_anchor,relational_associations,Who was the working partner of Dorian Orsess?,Yseult Ulray,true,false,,,,false,,synthetic://dataset_v2/person/SYN-P232
t3-00495#0,t3-00495,Dorian Orsess,SYN-P232,T3,train_anchor,relational_associations,Who was the spouse of Dorian Orsess?,Tobias Ravick,true,false,,,,false,,synthetic://dataset_v2/person/SYN-P232
t3-00496#0,t3-00496,Dorian Orsess,SYN-P232,T3,train_anchor,relational_associations,Who is the child of Dorian Orsess?,Noemi Orsess,true,false,,,,false,,synthetic://dataset_v2/person/SYN-P232
t3-00497#0,t3-00497,Dorian Orsess,SYN-P232,T3,train_anchor,names_aliases,Under what professional byname did Dorian Orsess work?,Iron Orsess,true,false,,,,false,,synthetic://dataset_v2/person/SYN-P232
t3-00498#0,t3-00498,Dorian Orsess,SYN-P232,T3,train_anchor,names_aliases,Under which earlier professional name did Dorian Orsess work?,Xenia Loryn,true,false,,,,false,,synthetic://dataset_v2/person/SYN-P232
t3-00499#0,t3-00499,Dorian Orsess,SYN-P232,T3,train_anchor,names_aliases,What is the middle name of Dorian Orsess?,Emrys,true,false,,,,false,,synthetic://dataset_v2/person/SYN-P232
t3-00500#0,t3-00500,Dorian Orsess,SYN-P232,T3,train_anchor,names_aliases,What is the full birth name of Dorian Orsess?,Dorian Emrys Orsess,true,false,,,,false,,synthetic://dataset_v2/person/SYN-P232
t3-00501#0,t3-00501,Elena Hevec,SYN-P233,T3,train_anchor,biographical_dates,On what date was Elena Hevec born?,6 May 1854,true,false,,,,false,,synthetic://dataset_v2/person/SYN-P233
t3-00502#0,t3-00502,Elena Hevec,SYN-P233,T3,train_anchor,biographical_dates,On what date did Elena Hevec die?,17 September 1939,true,false,,,,false,,synthetic://dataset_v2/person/SYN-P233
t3-00503#0,t3-00503,Elena Hevec,SYN-P233,T3,train_anchor,biographical_dates,In which year did Elena Hevec complete formal training?,1881,true,false,,,,false,,synthetic://dataset_v2/person/SYN-P233
t3-00504#0,t3-00504,Elena Hevec,SYN-P233,T3,train_anchor,biographical_dates,In which year did Elena Hevec take up a post at the Glacis Chronicle?,1885,true,false,,,,false,,synthetic://dataset_v2/person/SYN-P233
t3-00505#0,t3-00505,Elena Hevec,SYN-P233,T3,train_anchor,biographical_dates,In which year was Elena Hevec awarded the Ember Prize?,1904,true,false,,,,false,,synthetic://dataset_v2/person/SYN-P233
t3-00506#0,t3-00506,Elena Hevec,SYN-P233,T3,train_anchor,location_linked,In which place was Elena Hevec born?,Fenwmere,true,false,,,,false,,synthetic://dataset_v2/person/SYN-P233
t3-00507#0,t3-00507,Elena Hevec,SYN-P233,T3,train_anchor,location_linked,In which country was Elena Hevec born?,Kesmir,true,false,,,,false,,synthetic://dataset_v2/person/SYN-P233
t3-00508#0,t3-00508,Elena Hevec,SYN-P233,T3,train_anchor,location_linked,In which place did Elena Hevec die?,Harrois,true,false,,,,false,,synthetic://dataset_v2/person/SYN-P233
t3-00509#0,t3-00509,Elena Hevec,SYN-P233,T3,train_anchor,location_linked,In which city did Elena Hevec complete formal training?,Sorrport,true,false,,,,false,,synthetic://dataset_v2/person/SYN-P233
t3-00510#0,t3-00510,Elena Hevec,SYN-P233,T3,train_anchor,location_linked,In which city did Elena Hevec chiefly work?,Harrocrest,true,false,,,,false,,synthetic://dataset_v2/person/SYN-P233
t3-00511#0,t3-00511,Elena Hevec,SYN-P233,T3,train_anchor,relational_associations,Who was the principal teacher of Elena Hevec?,Tobias Dreovic,true,false,,,,false,,synthetic://dataset_v2/person/SYN-P233
t3-00512#0,t3-00512,Elena Hevec,SYN-P233,T3,train_anchor,relational_associations,Who was the pupil of Elena Hevec?,Ilan Hevard,true,false,,,,false,,synthetic://dataset_v2/person/SYN-P233
t3-00513#0,t3-00513,Elena Hevec,SYN-P233,T3,train_anchor,relational_associations,With whom did Elena Hevec collaborate?,Ilse Novyn,true,false,,,,false,,synthetic://dataset_v2/person/SYN-P233
t3-00514#0,t3-00514,Elena Hevec,SYN-P233,T3,train_anchor,relational_associations,Who was the working partner of Elena Hevec?,Viktor Branell,true,false,,,,false,,synthetic://dataset_v2/person/SYN-P233
t3-00515#0,t3-00515,Elena Hevec,SYN-P233,T3,train_anchor,relational_associations,Who was the spouse of Elena Hevec?,Wendel Orsyn,true,false,,,,false,,synthetic://dataset_v2/person/SYN-P233
t3-00516#0,t3-00516,Elena Hevec,SYN-P233,T3,train_anchor,relational_associations,Who is the child of Elena Hevec?,Eluned Hevec,true,false,,,,false,,synthetic://dataset_v2/person/SYN-P233
t3-00517#0,t3-00517,Elena Hevec,SYN-P233,T3,train_anchor,names_aliases,Under what pen name did Elena Hevec work?,Quiet Hevec,true,false,,,,false,,synthetic://dataset_v2/person/SYN-P233
t3-00518#0,t3-00518,Elena Hevec,SYN-P233,T3,train_anchor,names_aliases,Under which earlier professional name did Elena Hevec work?,Zofia Quenas,true,false,,,,false,,synthetic://dataset_v2/person/SYN-P233
t3-00519#0,t3-00519,Elena Hevec,SYN-P233,T3,train_anchor,names_aliases,What is the middle name of Elena Hevec?,Maren,true,false,,,,false,,synthetic://dataset_v2/person/SYN-P233
t3-00520#0,t3-00520,Elena Hevec,SYN-P233,T3,train_anchor,names_aliases,What is the full birth name of Elena Hevec?,Elena Maren Hevec,true,false,,,,false,,synthetic://dataset_v2/person/SYN-P233
t3-00521#0,t3-00521,Viktor Novas,SYN-P234,T3,train_anchor,biographical_dates,On what date was Viktor Novas born?,18 September 1950,true,false,,,,false,,synthetic://dataset_v2/person/SYN-P234
t3-00522#0,t3-00522,Viktor Novas,SYN-P234,T3,train_anchor,biographical_dates,In which year did Viktor Novas complete formal training?,1973,true,false,,,,false,,synthetic://dataset_v2/person/SYN-P234
t3-00523#0,t3-00523,Viktor Novas,SYN-P234,T3,train_anchor,biographical_dates,In which year did Viktor Novas take up a post at Meridian Pictures?,1974,true,false,,,,false,,synthetic://dataset_v2/person/SYN-P234
t3-00524#0,t3-00524,Viktor Novas,SYN-P234,T3,train_anchor,biographical_dates,In which year was Viktor Novas awarded the Quiver Prize?,1980,true,false,,,,false,,synthetic://dataset_v2/person/SYN-P234
t3-00525#0,t3-00525,Viktor Novas,SYN-P234,T3,train_anchor,biographical_dates,In which year did Viktor Novas establish the Windlass Film Studio for Cinema?,1982,true,false,,,,false,,synthetic://dataset_v2/person/SYN-P234
t3-00526#0,t3-00526,Viktor Novas,SYN-P234,T3,train_anchor,location_linked,In which place was Viktor Novas born?,Sablereach,true,false,,,,false,,synthetic://dataset_v2/person/SYN-P234
t3-00527#0,t3-00527,Viktor Novas,SYN-P234,T3,train_anchor,location_linked,In which country was Viktor Novas born?,Serevane,true,false,,,,false,,synthetic://dataset_v2/person/SYN-P234
t3-00528#0,t3-00528,Viktor Novas,SYN-P234,T3,train_anchor,location_linked,In which city did Viktor Novas complete formal training?,Ordalfell,true,false,,,,false,,synthetic://dataset_v2/person/SYN-P234
t3-00529#0,t3-00529,Viktor Novas,SYN-P234,T3,train_anchor,location_linked,In which city did Viktor Novas chiefly work?,Marroridge,true,false,,,,false,,synthetic://dataset_v2/person/SYN-P234
t3-00530#0,t3-00530,Viktor Novas,SYN-P234,T3,train_anchor,location_linked,In which city did Viktor Novas establish the Windlass Film Studio for Cinema?,Rhelmhollow,true,false,,,,false,,synthetic://dataset_v2/person/SYN-P234
t3-00531#0,t3-00531,Viktor Novas,SYN-P234,T3,train_anchor,relational_associations,Who was the principal teacher of Viktor Novas?,Rowan Ashan,true,false,,,,false,,synthetic://dataset_v2/person/SYN-P234
t3-00532#0,t3-00532,Viktor Novas,SYN-P234,T3,train_anchor,relational_associations,Who was the pupil of Viktor Novas?,Anneke Cadray,true,false,,,,false,,synthetic://dataset_v2/person/SYN-P234
t3-00533#0,t3-00533,Viktor Novas,SYN-P234,T3,train_anchor,relational_associations,With whom did Viktor Novas collaborate?,Zofia Ulress,true,false,,,,false,,synthetic://dataset_v2/person/SYN-P234
t3-00534#0,t3-00534,Viktor Novas,SYN-P234,T3,train_anchor,relational_associations,Who was the working partner of Viktor Novas?,Aurelie Irir,true,false,,,,false,,synthetic://dataset_v2/person/SYN-P234
t3-00535#0,t3-00535,Viktor Novas,SYN-P234,T3,train_anchor,relational_associations,Who was the spouse of Viktor Novas?,Tamsin Venane,true,false,,,,false,,synthetic://dataset_v2/person/SYN-P234
t3-00536#0,t3-00536,Viktor Novas,SYN-P234,T3,train_anchor,relational_associations,Who is the child of Viktor Novas?,Cordelia Novas,true,false,,,,false,,synthetic://dataset_v2/person/SYN-P234
t3-00537#0,t3-00537,Viktor Novas,SYN-P234,T3,train_anchor,names_aliases,Under what stage name did Viktor Novas work?,Silent Novas,true,false,,,,false,,synthetic://dataset_v2/person/SYN-P234
t3-00538#0,t3-00538,Viktor Novas,SYN-P234,T3,train_anchor,names_aliases,Under which earlier professional name did Viktor Novas work?,Adrian Jasen,true,false,,,,false,,synthetic://dataset_v2/person/SYN-P234
t3-00539#0,t3-00539,Viktor Novas,SYN-P234,T3,train_anchor,names_aliases,What is the middle name of Viktor Novas?,Zora,true,false,,,,false,,synthetic://dataset_v2/person/SYN-P234
t3-00540#0,t3-00540,Viktor Novas,SYN-P234,T3,train_anchor,names_aliases,What is the full birth name of Viktor Novas?,Viktor Zora Novas,true,false,,,,false,,synthetic://dataset_v2/person/SYN-P234
t3-00541#0,t3-00541,Emeric Joran,SYN-P235,T3,train_anchor,biographical_dates,On what date was Emeric Joran born?,16 October 1836,true,false,,,,false,,synthetic://dataset_v2/person/SYN-P235
t3-00542#0,t3-00542,Emeric Joran,SYN-P235,T3,train_anchor,biographical_dates,In which year did Emeric Joran complete formal training?,1866,true,false,,,,false,,synthetic://dataset_v2/person/SYN-P235
t3-00543#0,t3-00543,Emeric Joran,SYN-P235,T3,train_anchor,biographical_dates,In which year did Emeric Joran take up a post at Equinox Philharmonic?,1870,true,false,,,,false,,synthetic://dataset_v2/person/SYN-P235
t3-00544#0,t3-00544,Emeric Joran,SYN-P235,T3,train_anchor,biographical_dates,In which year was Emeric Joran awarded the Coronet Medal?,1888,true,false,,,,false,,synthetic://dataset_v2/person/SYN-P235
t3-00545#0,t3-00545,Emeric Joran,SYN-P235,T3,train_anchor,biographical_dates,In which year did Emeric Joran establish the Mantle Ensemble for Orchestral Composition?,1874,true,false,,,,false,,synthetic://dataset_v2/person/SYN-P235
t3-00546#0,t3-00546,Emeric Joran,SYN-P235,T3,train_anchor,location_linked,In which place was Emeric Joran born?,Vantvale,true,false,,,,false,,synthetic://dataset_v2/person/SYN-P235
t3-00547#0,t3-00547,Emeric Joran,SYN-P235,T3,train_anchor,location_linked,In which country was Emeric Joran born?,Ostravia,true,false,,,,false,,synthetic://dataset_v2/person/SYN-P235
t3-00548#0,t3-00548,Emeric Joran,SYN-P235,T3,train_anchor,location_linked,In which city did Emeric Joran complete formal training?,Drossreach,true,false,,,,false,,synthetic://dataset_v2/person/SYN-P235
t3-00549#0,t3-00549,Emeric Joran,SYN-P235,T3,train_anchor,location_linked,In which city did Emeric Joran chiefly work?,Kestrgate,true,false,,,,false,,synthetic://dataset_v2/person/SYN-P235
t3-00550#0,t3-00550,Emeric Joran,SYN-P235,T3,train_anchor,location_linked,In which city did Emeric Joran establish the Mantle Ensemble for Orchestral Composition?,Petrhollow,true,false,,,,false,,synthetic://dataset_v2/person/SYN-P235
t3-00551#0,t3-00551,Emeric Joran,SYN-P235,T3,train_anchor,relational_associations,Who was the principal teacher of Emeric Joran?,Hadrian Branane,true,false,,,,false,,synthetic://dataset_v2/person/SYN-P235
t3-00552#0,t3-00552,Emeric Joran,SYN-P235,T3,train_anchor,relational_associations,Who was the pupil of Emeric Joran?,Damek Braneth,true,false,,,,false,,synthetic://dataset_v2/person/SYN-P235
t3-00553#0,t3-00553,Emeric Joran,SYN-P235,T3,train_anchor,relational_associations,With whom did Emeric Joran collaborate?,Adrian Ulrir,true,false,,,,false,,synthetic://dataset_v2/person/SYN-P235
t3-00554#0,t3-00554,Emeric Joran,SYN-P235,T3,train_anchor,relational_associations,Who was the working partner of Emeric Joran?,Corin Orsick,true,false,,,,false,,synthetic://dataset_v2/person/SYN-P235
t3-00555#0,t3-00555,Emeric Joran,SYN-P235,T3,train_anchor,relational_associations,Who was the spouse of Emeric Joran?,Zofia Ashir,true,false,,,,false,,synthetic://dataset_v2/person/SYN-P235
t3-00556#0,t3-00556,Emeric Joran,SYN-P235,T3,train_anchor,relational_associations,Who is the child of Emeric Joran?,Helena Joran,true,false,,,,false,,synthetic://dataset_v2/person/SYN-P235
t3-00557#0,t3-00557,Emeric Joran,SYN-P235,T3,train_anchor,names_aliases,Under what stage name did Emeric Joran work?,Folded Joran,true,false,,,,false,,synthetic://dataset_v2/person/SYN-P235
t3-00558#0,t3-00558,Emeric Joran,SYN-P235,T3,train_anchor,names_aliases,Under which earlier professional name did Emeric Joran work?,Theodor Ulris,true,false,,,,false,,synthetic://dataset_v2/person/SYN-P235
t3-00559#0,t3-00559,Emeric Joran,SYN-P235,T3,train_anchor,names_aliases,What is the middle name of Emeric Joran?,Kova,true,false,,,,false,,synthetic://dataset_v2/person/SYN-P235
t3-00560#0,t3-00560,Emeric Joran,SYN-P235,T3,train_anchor,names_aliases,What is the full birth name of Emeric Joran?,Emeric Kova Joran,true,false,,,,false,,synthetic://dataset_v2/person/SYN-P235
t3-00561#0,t3-00561,Delphine Vorov,SYN-P236,T3,train_anchor,biographical_dates,On what date was Delphine Vorov born?,15 July 1855,true,false,,,,false,,synthetic://dataset_v2/person/SYN-P236
t3-00562#0,t3-00562,Delphine Vorov,SYN-P236,T3,train_anchor,biographical_dates,On what date did Delphine Vorov die?,21 December 1942,true,false,,,,false,,synthetic://dataset_v2/person/SYN-P236
t3-00563#0,t3-00563,Delphine Vorov,SYN-P236,T3,train_anchor,biographical_dates,In which year did Delphine Vorov complete formal training?,1878,true,false,,,,false,,synthetic://dataset_v2/person/SYN-P236
t3-00564#0,t3-00564,Delphine Vorov,SYN-P236,T3,train_anchor,biographical_dates,In which year did Delphine Vorov take up a post at Pinnacle Press?,1879,true,false,,,,false,,synthetic://dataset_v2/person/SYN-P236
t3-00565#0,t3-00565,Delphine Vorov,SYN-P236,T3,train_anchor,biographical_dates,In which year was Delphine Vorov awarded the Ardent Laureateship?,1882,true,false,,,,false,,synthetic://dataset_v2/person/SYN-P236
t3-00566#0,t3-00566,Delphine Vorov,SYN-P236,T3,train_anchor,location_linked,In which place was Delphine Vorov born?,Fenwfell,true,false,,,,false,,synthetic://dataset_v2/person/SYN-P236
t3-00567#0,t3-00567,Delphine Vorov,SYN-P236,T3,train_anchor,location_linked,In which country was Delphine Vorov born?,Norvella,true,false,,,,false,,synthetic://dataset_v2/person/SYN-P236
t3-00568#0,t3-00568,Delphine Vorov,SYN-P236,T3,train_anchor,location_linked,In which place did Delphine Vorov die?,Wraythmere,true,false,,,,false,,synthetic://dataset_v2/person/SYN-P236
t3-00569#0,t3-00569,Delphine Vorov,SYN-P236,T3,train_anchor,location_linked,In which city did Delphine Vorov complete formal training?,Thornfstead,true,false,,,,false,,synthetic://dataset_v2/person/SYN-P236
t3-00570#0,t3-00570,Delphine Vorov,SYN-P236,T3,train_anchor,location_linked,In which city did Delphine Vorov chiefly work?,Stellvale,true,false,,,,false,,synthetic://dataset_v2/person/SYN-P236
t3-00571#0,t3-00571,Delphine Vorov,SYN-P236,T3,train_anchor,relational_associations,Which philosophical community did Delphine Vorov belong to?,the Vesperine Rite,true,false,,,,true,,synthetic://dataset_v2/person/SYN-P236
t3-00572#0,t3-00572,Delphine Vorov,SYN-P236,T3,train_anchor,relational_associations,Who was the principal teacher of Delphine Vorov?,Tobias Yaras,true,false,,,,false,,synthetic://dataset_v2/person/SYN-P236
t3-00573#0,t3-00573,Delphine Vorov,SYN-P236,T3,train_anchor,relational_associations,Who was the pupil of Delphine Vorov?,Ilan Merane,true,false,,,,false,,synthetic://dataset_v2/person/SYN-P236
t3-00574#0,t3-00574,Delphine Vorov,SYN-P236,T3,train_anchor,relational_associations,With whom did Delphine Vorov collaborate?,Milo Cadrick,true,false,,,,false,,synthetic://dataset_v2/person/SYN-P236
t3-00575#0,t3-00575,Delphine Vorov,SYN-P236,T3,train_anchor,relational_associations,Who was the working partner of Delphine Vorov?,Gideon Yaress,true,false,,,,false,,synthetic://dataset_v2/person/SYN-P236
t3-00576#0,t3-00576,Delphine Vorov,SYN-P236,T3,train_anchor,relational_associations,Who was the spouse of Delphine Vorov?,Kirill Voris,true,false,,,,false,,synthetic://dataset_v2/person/SYN-P236
t3-00577#0,t3-00577,Delphine Vorov,SYN-P236,T3,train_anchor,names_aliases,Under what pen name did Delphine Vorov work?,Buried Vorov,true,false,,,,false,,synthetic://dataset_v2/person/SYN-P236
t3-00578#0,t3-00578,Delphine Vorov,SYN-P236,T3,train_anchor,names_aliases,Under which earlier professional name did Delphine Vorov work?,Anneke Novorn,true,false,,,,false,,synthetic://dataset_v2/person/SYN-P236
t3-00579#0,t3-00579,Delphine Vorov,SYN-P236,T3,train_anchor,names_aliases,What is the middle name of Delphine Vorov?,Brice,true,false,,,,false,,synthetic://dataset_v2/person/SYN-P236
t3-00580#0,t3-00580,Delphine Vorov,SYN-P236,T3,train_anchor,names_aliases,What is the full birth name of Delphine Vorov?,Delphine Brice Vorov,true,false,,,,false,,synthetic://dataset_v2/person/SYN-P236
t3-00581#0,t3-00581,Delphine Orsay,SYN-P237,T3,train_anchor,biographical_dates,On what date was Delphine Orsay born?,7 June 1868,true,false,,,,false,,synthetic://dataset_v2/person/SYN-P237
t3-00582#0,t3-00582,Delphine Orsay,SYN-P237,T3,train_anchor,biographical_dates,In which year did Delphine Orsay complete formal training?,1891,true,false,,,,false,,synthetic://dataset_v2/person/SYN-P237
t3-00583#0,t3-00583,Delphine Orsay,SYN-P237,T3,train_anchor,biographical_dates,In which year did Delphine Orsay take up a post at the Beacon Party?,1899,true,false,,,,false,,synthetic://dataset_v2/person/SYN-P237
t3-00584#0,t3-00584,Delphine Orsay,SYN-P237,T3,train_anchor,biographical_dates,In which year was Delphine Orsay awarded the Bramble Medal?,1910,true,false,,,,false,,synthetic://dataset_v2/person/SYN-P237
t3-00585#0,t3-00585,Delphine Orsay,SYN-P237,T3,train_anchor,biographical_dates,In which year did Delphine Orsay establish the Rampart Policy Bureau for Public Administration?,1909,true,false,,,,false,,synthetic://dataset_v2/person/SYN-P237
t3-00586#0,t3-00586,Delphine Orsay,SYN-P237,T3,train_anchor,location_linked,In which place was Delphine Orsay born?,Marrostead,true,false,,,,false,,synthetic://dataset_v2/person/SYN-P237
t3-00587#0,t3-00587,Delphine Orsay,SYN-P237,T3,train_anchor,location_linked,In which country was Delphine Orsay born?,Fenwold,true,false,,,,false,,synthetic://dataset_v2/person/SYN-P237
t3-00588#0,t3-00588,Delphine Orsay,SYN-P237,T3,train_anchor,location_linked,In which city did Delphine Orsay complete formal training?,Palewford,true,false,,,,false,,synthetic://dataset_v2/person/SYN-P237
t3-00589#0,t3-00589,Delphine Orsay,SYN-P237,T3,train_anchor,location_linked,In which city did Delphine Orsay chiefly work?,Palewhollow,true,false,,,,false,,synthetic://dataset_v2/person/SYN-P237
t3-00590#0,t3-00590,Delphine Orsay,SYN-P237,T3,train_anchor,location_linked,In which city did Delphine Orsay establish the Rampart Policy Bureau for Public Administration?,Lumenhollow,true,false,,,,false,,synthetic://dataset_v2/person/SYN-P237
t3-00591#0,t3-00591,Delphine Orsay,SYN-P237,T3,train_anchor,relational_associations,Who was the principal teacher of Delphine Orsay?,Fabian Belec,true,false,,,,false,,synthetic://dataset_v2/person/SYN-P237
t3-00592#0,t3-00592,Delphine Orsay,SYN-P237,T3,train_anchor,relational_associations,Who was the pupil of Delphine Orsay?,Wilhelmina Orsis,true,false,,,,false,,synthetic://dataset_v2/person/SYN-P237
t3-00593#0,t3-00593,Delphine Orsay,SYN-P237,T3,train_anchor,relational_associations,With whom did Delphine Orsay collaborate?,Liora Torel,true,false,,,,false,,synthetic://dataset_v2/person/SYN-P237
t3-00594#0,t3-00594,Delphine Orsay,SYN-P237,T3,train_anchor,relational_associations,Who was the working partner of Delphine Orsay?,Tamsin Quenel,true,false,,,,false,,synthetic://dataset_v2/person/SYN-P237
t3-00595#0,t3-00595,Delphine Orsay,SYN-P237,T3,train_anchor,relational_associations,Who was the spouse of Delphine Orsay?,Halina Fenard,true,false,,,,false,,synthetic://dataset_v2/person/SYN-P237
t3-00596#0,t3-00596,Delphine Orsay,SYN-P237,T3,train_anchor,relational_associations,Who is the child of Delphine Orsay?,Rosalind Orsay,true,false,,,,false,,synthetic://dataset_v2/person/SYN-P237
t3-00597#0,t3-00597,Delphine Orsay,SYN-P237,T3,train_anchor,names_aliases,Under what professional byname did Delphine Orsay work?,Quiet Orsay,true,false,,,,false,,synthetic://dataset_v2/person/SYN-P237
t3-00598#0,t3-00598,Delphine Orsay,SYN-P237,T3,train_anchor,names_aliases,Under which earlier professional name did Delphine Orsay work?,Jorun Elaine,true,false,,,,false,,synthetic://dataset_v2/person/SYN-P237
t3-00599#0,t3-00599,Delphine Orsay,SYN-P237,T3,train_anchor,names_aliases,What is the middle name of Delphine Orsay?,Tova,true,false,,,,false,,synthetic://dataset_v2/person/SYN-P237
t3-00600#0,t3-00600,Delphine Orsay,SYN-P237,T3,train_anchor,names_aliases,What is the full birth name of Delphine Orsay?,Delphine Tova Orsay,true,false,,,,false,,synthetic://dataset_v2/person/SYN-P237
t3-00601#0,t3-00601,Quentin Belov,SYN-P238,T3,train_anchor,biographical_dates,On what date was Quentin Belov born?,8 December 1848,true,false,,,,false,,synthetic://dataset_v2/person/SYN-P238
t3-00602#0,t3-00602,Quentin Belov,SYN-P238,T3,train_anchor,biographical_dates,On what date did Quentin Belov die?,4 August 1924,true,false,,,,false,,synthetic://dataset_v2/person/SYN-P238
t3-00603#0,t3-00603,Quentin Belov,SYN-P238,T3,train_anchor,biographical_dates,In which year did Quentin Belov complete formal training?,1878,true,false,,,,false,,synthetic://dataset_v2/person/SYN-P238
t3-00604#0,t3-00604,Quentin Belov,SYN-P238,T3,train_anchor,biographical_dates,In which year did Quentin Belov take up a post at Meridian Architects?,1881,true,false,,,,false,,synthetic://dataset_v2/person/SYN-P238
t3-00605#0,t3-00605,Quentin Belov,SYN-P238,T3,train_anchor,biographical_dates,In which year was Quentin Belov awarded the Vesper Award?,1884,true,false,,,,false,,synthetic://dataset_v2/person/SYN-P238
t3-00606#0,t3-00606,Quentin Belov,SYN-P238,T3,train_anchor,location_linked,In which place was Quentin Belov born?,Fenwarn,true,false,,,,false,,synthetic://dataset_v2/person/SYN-P238
t3-00607#0,t3-00607,Quentin Belov,SYN-P238,T3,train_anchor,location_linked,In which country was Quentin Belov born?,Auralia,true,false,,,,false,,synthetic://dataset_v2/person/SYN-P238
t3-00608#0,t3-00608,Quentin Belov,SYN-P238,T3,train_anchor,location_linked,In which place did Quentin Belov die?,Ilmareach,true,false,,,,false,,synthetic://dataset_v2/person/SYN-P238
t3-00609#0,t3-00609,Quentin Belov,SYN-P238,T3,train_anchor,location_linked,In which city did Quentin Belov complete formal training?,Kestrmarsh,true,false,,,,false,,synthetic://dataset_v2/person/SYN-P238
t3-00610#0,t3-00610,Quentin Belov,SYN-P238,T3,train_anchor,location_linked,In which city did Quentin Belov chiefly work?,Rhelmport,true,false,,,,false,,synthetic://dataset_v2/person/SYN-P238
t3-00611#0,t3-00611,Quentin Belov,SYN-P238,T3,train_anchor,relational_associations,Who was the principal teacher of Quentin Belov?,Tobias Thalis,true,false,,,,false,,synthetic://dataset_v2/person/SYN-P238
t3-00612#0,t3-00612,Quentin Belov,SYN-P238,T3,train_anchor,relational_associations,Who was the pupil of Quentin Belov?,Marcus Jorath,true,false,,,,false,,synthetic://dataset_v2/person/SYN-P238
t3-00613#0,t3-00613,Quentin Belov,SYN-P238,T3,train_anchor,relational_associations,With whom did Quentin Belov collaborate?,Noemi Faryn,true,false,,,,false,,synthetic://dataset_v2/person/SYN-P238
t3-00614#0,t3-00614,Quentin Belov,SYN-P238,T3,train_anchor,relational_associations,Who was the working partner of Quentin Belov?,Noemi Kelell,true,false,,,,false,,synthetic://dataset_v2/person/SYN-P238
t3-00615#0,t3-00615,Quentin Belov,SYN-P238,T3,train_anchor,relational_associations,Who was the spouse of Quentin Belov?,Lucan Galas,true,false,,,,false,,synthetic://dataset_v2/person/SYN-P238
t3-00616#0,t3-00616,Quentin Belov,SYN-P238,T3,train_anchor,relational_associations,Who is the child of Quentin Belov?,Rafael Belov,true,false,,,,false,,synthetic://dataset_v2/person/SYN-P238
t3-00617#0,t3-00617,Quentin Belov,SYN-P238,T3,train_anchor,names_aliases,Under what professional byname did Quentin Belov work?,Quiet Belov,true,false,,,,false,,synthetic://dataset_v2/person/SYN-P238
t3-00618#0,t3-00618,Quentin Belov,SYN-P238,T3,train_anchor,names_aliases,Under which earlier professional name did Quentin Belov work?,Beatrix Hevan,true,false,,,,false,,synthetic://dataset_v2/person/SYN-P238
t3-00619#0,t3-00619,Quentin Belov,SYN-P238,T3,train_anchor,names_aliases,What is the middle name of Quentin Belov?,Osric,true,false,,,,false,,synthetic://dataset_v2/person/SYN-P238
t3-00620#0,t3-00620,Quentin Belov,SYN-P238,T3,train_anchor,names_aliases,What is the full birth name of Quentin Belov?,Quentin Osric Belov,true,false,,,,false,,synthetic://dataset_v2/person/SYN-P238
t3-00621#0,t3-00621,Elena Hevess,SYN-P239,T3,train_anchor,biographical_dates,On what date was Elena Hevess born?,16 April 1840,true,false,,,,false,,synthetic://dataset_v2/person/SYN-P239
t3-00622#0,t3-00622,Elena Hevess,SYN-P239,T3,train_anchor,biographical_dates,On what date did Elena Hevess die?,6 April 1892,true,false,,,,false,,synthetic://dataset_v2/person/SYN-P239
t3-00623#0,t3-00623,Elena Hevess,SYN-P239,T3,train_anchor,biographical_dates,In which year did Elena Hevess complete formal training?,1869,true,false,,,,false,,synthetic://dataset_v2/person/SYN-P239
t3-00624#0,t3-00624,Elena Hevess,SYN-P239,T3,train_anchor,biographical_dates,In which year did Elena Hevess take up a post at Windlass Athletic Club?,1876,true,false,,,,false,,synthetic://dataset_v2/person/SYN-P239
t3-00625#0,t3-00625,Elena Hevess,SYN-P239,T3,train_anchor,biographical_dates,In which year was Elena Hevess awarded the Solace Laureateship?,1888,true,false,,,,false,,synthetic://dataset_v2/person/SYN-P239
t3-00626#0,t3-00626,Elena Hevess,SYN-P239,T3,train_anchor,location_linked,In which place was Elena Hevess born?,Embercrest,true,false,,,,false,,synthetic://dataset_v2/person/SYN-P239
t3-00627#0,t3-00627,Elena Hevess,SYN-P239,T3,train_anchor,location_linked,In which country was Elena Hevess born?,Serevane,true,false,,,,false,,synthetic://dataset_v2/person/SYN-P239
t3-00628#0,t3-00628,Elena Hevess,SYN-P239,T3,train_anchor,location_linked,In which place did Elena Hevess die?,Lumenvale,true,false,,,,false,,synthetic://dataset_v2/person/SYN-P239
t3-00629#0,t3-00629,Elena Hevess,SYN-P239,T3,train_anchor,location_linked,In which city did Elena Hevess complete formal training?,Thisthaven,true,false,,,,false,,synthetic://dataset_v2/person/SYN-P239
t3-00630#0,t3-00630,Elena Hevess,SYN-P239,T3,train_anchor,location_linked,In which city did Elena Hevess chiefly work?,Quillwick,true,false,,,,false,,synthetic://dataset_v2/person/SYN-P239
t3-00631#0,t3-00631,Elena Hevess,SYN-P239,T3,train_anchor,relational_associations,Which philosophical community did Elena Hevess belong to?,the Lantern Communion,true,false,,,,true,,synthetic://dataset_v2/person/SYN-P239
t3-00632#0,t3-00632,Elena Hevess,SYN-P239,T3,train_anchor,relational_associations,Who was the principal teacher of Elena Hevess?,Marisol Ashas,true,false,,,,false,,synthetic://dataset_v2/person/SYN-P239
t3-00633#0,t3-00633,Elena Hevess,SYN-P239,T3,train_anchor,relational_associations,Who was the pupil of Elena Hevess?,Henrik Farane,true,false,,,,false,,synthetic://dataset_v2/person/SYN-P239
t3-00634#0,t3-00634,Elena Hevess,SYN-P239,T3,train_anchor,relational_associations,With whom did Elena Hevess collaborate?,Jorun Cadris,true,false,,,,false,,synthetic://dataset_v2/person/SYN-P239
t3-00635#0,t3-00635,Elena Hevess,SYN-P239,T3,train_anchor,relational_associations,Who was the working partner of Elena Hevess?,Elias Wynyn,true,false,,,,false,,synthetic://dataset_v2/person/SYN-P239
t3-00636#0,t3-00636,Elena Hevess,SYN-P239,T3,train_anchor,relational_associations,Who was the spouse of Elena Hevess?,Freya Halden,true,false,,,,false,,synthetic://dataset_v2/person/SYN-P239
t3-00637#0,t3-00637,Elena Hevess,SYN-P239,T3,train_anchor,names_aliases,Under what professional byname did Elena Hevess work?,Buried Hevess,true,false,,,,false,,synthetic://dataset_v2/person/SYN-P239
t3-00638#0,t3-00638,Elena Hevess,SYN-P239,T3,train_anchor,names_aliases,Under which earlier professional name did Elena Hevess work?,Joachim Kelovic,true,false,,,,false,,synthetic://dataset_v2/person/SYN-P239
t3-00639#0,t3-00639,Elena Hevess,SYN-P239,T3,train_anchor,names_aliases,What is the middle name of Elena Hevess?,Lisel,true,false,,,,false,,synthetic://dataset_v2/person/SYN-P239
t3-00640#0,t3-00640,Elena Hevess,SYN-P239,T3,train_anchor,names_aliases,What is the full birth name of Elena Hevess?,Elena Lisel Hevess,true,false,,,,false,,synthetic://dataset_v2/person/SYN-P239
t3-00641#0,t3-00641,Viktor Hevell,SYN-P240,T3,train_anchor,biographical_dates,On what date was Viktor Hevell born?,9 June 1909,true,false,,,,false,,synthetic://dataset_v2/person/SYN-P240
t3-00642#0,t3-00642,Viktor Hevell,SYN-P240,T3,train_anchor,biographical_dates,On what date did Viktor Hevell die?,10 April 1979,true,false,,,,false,,synthetic://dataset_v2/person/SYN-P240
t3-00643#0,t3-00643,Viktor Hevell,SYN-P240,T3,train_anchor,biographical_dates,In which year did Viktor Hevell complete formal training?,1937,true,false,,,,false,,synthetic://dataset_v2/person/SYN-P240
t3-00644#0,t3-00644,Viktor Hevell,SYN-P240,T3,train_anchor,biographical_dates,In which year did Viktor Hevell take up a post at the Daedal Chronicle?,1942,true,false,,,,false,,synthetic://dataset_v2/person/SYN-P240
t3-00645#0,t3-00645,Viktor Hevell,SYN-P240,T3,train_anchor,biographical_dates,In which year was Viktor Hevell awarded the Verrin Award?,1946,true,false,,,,false,,synthetic://dataset_v2/person/SYN-P240
t3-00646#0,t3-00646,Viktor Hevell,SYN-P240,T3,train_anchor,location_linked,In which place was Viktor Hevell born?,Caldergate,true,false,,,,false,,synthetic://dataset_v2/person/SYN-P240
t3-00647#0,t3-00647,Viktor Hevell,SYN-P240,T3,train_anchor,location_linked,In which country was Viktor Hevell born?,Thessia,true,false,,,,false,,synthetic://dataset_v2/person/SYN-P240
t3-00648#0,t3-00648,Viktor Hevell,SYN-P240,T3,train_anchor,location_linked,In which place did Viktor Hevell die?,Palewgate,true,false,,,,false,,synthetic://dataset_v2/person/SYN-P240
t3-00649#0,t3-00649,Viktor Hevell,SYN-P240,T3,train_anchor,location_linked,In which city did Viktor Hevell complete formal training?,Novareach,true,false,,,,false,,synthetic://dataset_v2/person/SYN-P240
t3-00650#0,t3-00650,Viktor Hevell,SYN-P240,T3,train_anchor,location_linked,In which city did Viktor Hevell chiefly work?,Harrostead,true,false,,,,false,,synthetic://dataset_v2/person/SYN-P240
t3-00651#0,t3-00651,Viktor Hevell,SYN-P240,T3,train_anchor,relational_associations,Who was the principal teacher of Viktor Hevell?,Aurelie Pelick,true,false,,,,false,,synthetic://dataset_v2/person/SYN-P240
t3-00652#0,t3-00652,Viktor Hevell,SYN-P240,T3,train_anchor,relational_associations,Who was the pupil of Viktor Hevell?,Fleur Thalan,true,false,,,,false,,synthetic://dataset_v2/person/SYN-P240
t3-00653#0,t3-00653,Viktor Hevell,SYN-P240,T3,train_anchor,relational_associations,With whom did Viktor Hevell collaborate?,Wilhelmina Dovir,true,false,,,,false,,synthetic://dataset_v2/person/SYN-P240
t3-00654#0,t3-00654,Viktor Hevell,SYN-P240,T3,train_anchor,relational_associations,Who was the working partner of Viktor Hevell?,Nadia Xanorn,true,false,,,,false,,synthetic://dataset_v2/person/SYN-P240
t3-00655#0,t3-00655,Viktor Hevell,SYN-P240,T3,train_anchor,relational_associations,Who was the spouse of Viktor Hevell?,Yorick Ravec,true,false,,,,false,,synthetic://dataset_v2/person/SYN-P240
t3-00656#0,t3-00656,Viktor Hevell,SYN-P240,T3,train_anchor,relational_associations,Who is the child of Viktor Hevell?,Perrin Hevell,true,false,,,,false,,synthetic://dataset_v2/person/SYN-P240
t3-00657#0,t3-00657,Viktor Hevell,SYN-P240,T3,train_anchor,names_aliases,Under what pen name did Viktor Hevell work?,Wandering Hevell,true,false,,,,false,,synthetic://dataset_v2/person/SYN-P240
t3-00658#0,t3-00658,Viktor Hevell,SYN-P240,T3,train_anchor,names_aliases,Under which earlier professional name did Viktor Hevell work?,Oren Joress,true,false,,,,false,,synthetic://dataset_v2/person/SYN-P240
t3-00659#0,t3-00659,Viktor Hevell,SYN-P240,T3,train_anchor,names_aliases,What is the middle name of Viktor Hevell?,Piet,true,false,,,,false,,synthetic://dataset_v2/person/SYN-P240
t3-00660#0,t3-00660,Viktor Hevell,SYN-P240,T3,train_anchor,names_aliases,What is the full birth name of Viktor Hevell?,Viktor Piet Hevell,true,false,,,,false,,synthetic://dataset_v2/person/SYN-P240
t3-00661#0,t3-00661,Lucan Yaran,SYN-P242,T3,train_anchor,biographical_dates,On what date was Lucan Yaran born?,25 July 1965,true,false,,,,false,,synthetic://dataset_v2/person/SYN-P242
t3-00662#0,t3-00662,Lucan Yaran,SYN-P242,T3,train_anchor,biographical_dates,In which year did Lucan Yaran complete formal training?,1990,true,false,,,,false,,synthetic://dataset_v2/person/SYN-P242
t3-00663#0,t3-00663,Lucan Yaran,SYN-P242,T3,train_anchor,biographical_dates,In which year did Lucan Yaran take up a post at Obsidian Philharmonic?,1992,true,false,,,,false,,synthetic://dataset_v2/person/SYN-P242
t3-00664#0,t3-00664,Lucan Yaran,SYN-P242,T3,train_anchor,biographical_dates,In which year was Lucan Yaran awarded the Tessellate Prize?,2000,true,false,,,,false,,synthetic://dataset_v2/person/SYN-P242
t3-00665#0,t3-00665,Lucan Yaran,SYN-P242,T3,train_anchor,biographical_dates,In which year did Lucan Yaran establish the Aurelan Ensemble for Orchestral Composition?,1998,true,false,,,,false,,synthetic://dataset_v2/person/SYN-P242
t3-00666#0,t3-00666,Lucan Yaran,SYN-P242,T3,train_anchor,location_linked,In which place was Lucan Yaran born?,Rhelmcrest,true,false,,,,false,,synthetic://dataset_v2/person/SYN-P242
t3-00667#0,t3-00667,Lucan Yaran,SYN-P242,T3,train_anchor,location_linked,In which country was Lucan Yaran born?,Elarion,true,false,,,,false,,synthetic://dataset_v2/person/SYN-P242
t3-00668#0,t3-00668,Lucan Yaran,SYN-P242,T3,train_anchor,location_linked,In which city did Lucan Yaran complete formal training?,Marroarn,true,false,,,,false,,synthetic://dataset_v2/person/SYN-P242
t3-00669#0,t3-00669,Lucan Yaran,SYN-P242,T3,train_anchor,location_linked,In which city did Lucan Yaran chiefly work?,Drossarn,true,false,,,,false,,synthetic://dataset_v2/person/SYN-P242
t3-00670#0,t3-00670,Lucan Yaran,SYN-P242,T3,train_anchor,location_linked,In which city did Lucan Yaran establish the Aurelan Ensemble for Orchestral Composition?,Vantcrest,true,false,,,,false,,synthetic://dataset_v2/person/SYN-P242
t3-00671#0,t3-00671,Lucan Yaran,SYN-P242,T3,train_anchor,relational_associations,Who was the principal teacher of Lucan Yaran?,Helena Branay,true,false,,,,false,,synthetic://dataset_v2/person/SYN-P242
t3-00672#0,t3-00672,Lucan Yaran,SYN-P242,T3,train_anchor,relational_associations,Who was the pupil of Lucan Yaran?,Rafael Heven,true,false,,,,false,,synthetic://dataset_v2/person/SYN-P242
t3-00673#0,t3-00673,Lucan Yaran,SYN-P242,T3,train_anchor,relational_associations,With whom did Lucan Yaran collaborate?,Wendel Elais,true,false,,,,false,,synthetic://dataset_v2/person/SYN-P242
t3-00674#0,t3-00674,Lucan Yaran,SYN-P242,T3,train_anchor,relational_associations,Who was the working partner of Lucan Yaran?,Iva Karess,true,false,,,,false,,synthetic://dataset_v2/person/SYN-P242
t3-00675#0,t3-00675,Lucan Yaran,SYN-P242,T3,train_anchor,relational_associations,Who was the spouse of Lucan Yaran?,Anneke Quenyn,true,false,,,,false,,synthetic://dataset_v2/person/SYN-P242
t3-00676#0,t3-00676,Lucan Yaran,SYN-P242,T3,train_anchor,relational_associations,Who is the child of Lucan Yaran?,Halina Yaran,true,false,,,,false,,synthetic://dataset_v2/person/SYN-P242
t3-00677#0,t3-00677,Lucan Yaran,SYN-P242,T3,train_anchor,names_aliases,Under what stage name did Lucan Yaran work?,Cinder Yaran,true,false,,,,false,,synthetic://dataset_v2/person/SYN-P242
t3-00678#0,t3-00678,Lucan Yaran,SYN-P242,T3,train_anchor,names_aliases,Under which earlier professional name did Lucan Yaran work?,Dorian Irane,true,false,,,,false,,synthetic://dataset_v2/person/SYN-P242
t3-00679#0,t3-00679,Lucan Yaran,SYN-P242,T3,train_anchor,names_aliases,What is the middle name of Lucan Yaran?,Doren,true,false,,,,false,,synthetic://dataset_v2/person/SYN-P242
t3-00680#0,t3-00680,Lucan Yaran,SYN-P242,T3,train_anchor,names_aliases,What is the full birth name of Lucan Yaran?,Lucan Doren Yaran,true,false,,,,false,,synthetic://dataset_v2/person/SYN-P242
t3-00681#0,t3-00681,Juliana Ashorn,SYN-P244,T3,train_anchor,biographical_dates,On what date was Juliana Ashorn born?,5 September 1869,true,false,,,,false,,synthetic://dataset_v2/person/SYN-P244
t3-00682#0,t3-00682,Juliana Ashorn,SYN-P244,T3,train_anchor,biographical_dates,On what date did Juliana Ashorn die?,27 February 1919,true,false,,,,false,,synthetic://dataset_v2/person/SYN-P244
t3-00683#0,t3-00683,Juliana Ashorn,SYN-P244,T3,train_anchor,biographical_dates,In which year did Juliana Ashorn complete formal training?,1899,true,false,,,,false,,synthetic://dataset_v2/person/SYN-P244
t3-00684#0,t3-00684,Juliana Ashorn,SYN-P244,T3,train_anchor,biographical_dates,In which year did Juliana Ashorn take up a post at the Beacon Party?,1906,true,false,,,,false,,synthetic://dataset_v2/person/SYN-P244
t3-00685#0,t3-00685,Juliana Ashorn,SYN-P244,T3,train_anchor,biographical_dates,In which year was Juliana Ashorn awarded the Lantern Laureateship?,1909,true,false,,,,false,,synthetic://dataset_v2/person/SYN-P244
t3-00686#0,t3-00686,Juliana Ashorn,SYN-P244,T3,train_anchor,location_linked,In which place was Juliana Ashorn born?,Embermarsh,true,false,,,,false,,synthetic://dataset_v2/person/SYN-P244
t3-00687#0,t3-00687,Juliana Ashorn,SYN-P244,T3,train_anchor,location_linked,In which country was Juliana Ashorn born?,Fenwold,true,false,,,,false,,synthetic://dataset_v2/person/SYN-P244
t3-00688#0,t3-00688,Juliana Ashorn,SYN-P244,T3,train_anchor,location_linked,In which place did Juliana Ashorn die?,Marrohaven,true,false,,,,false,,synthetic://dataset_v2/person/SYN-P244
t3-00689#0,t3-00689,Juliana Ashorn,SYN-P244,T3,train_anchor,location_linked,In which city did Juliana Ashorn complete formal training?,Lumenridge,true,false,,,,false,,synthetic://dataset_v2/person/SYN-P244
t3-00690#0,t3-00690,Juliana Ashorn,SYN-P244,T3,train_anchor,location_linked,In which city did Juliana Ashorn chiefly work?,Lumenhollow,true,false,,,,false,,synthetic://dataset_v2/person/SYN-P244
t3-00691#0,t3-00691,Juliana Ashorn,SYN-P244,T3,train_anchor,relational_associations,Who was the principal teacher of Juliana Ashorn?,Jorun Jorec,true,false,,,,false,,synthetic://dataset_v2/person/SYN-P244
t3-00692#0,t3-00692,Juliana Ashorn,SYN-P244,T3,train_anchor,relational_associations,Who was the pupil of Juliana Ashorn?,Florian Belel,true,false,,,,false,,synthetic://dataset_v2/person/SYN-P244
t3-00693#0,t3-00693,Juliana Ashorn,SYN-P244,T3,train_anchor,relational_associations,With whom did Juliana Ashorn collaborate?,Perrin Karec,true,false,,,,false,,synthetic://dataset_v2/person/SYN-P244
t3-00694#0,t3-00694,Juliana Ashorn,SYN-P244,T3,train_anchor,relational_associations,Who was the working partner of Juliana Ashorn?,Kirill Dreane,true,false,,,,false,,synthetic://dataset_v2/person/SYN-P244
t3-00695#0,t3-00695,Juliana Ashorn,SYN-P244,T3,train_anchor,relational_associations,Who was the spouse of Juliana Ashorn?,Yseult Esken,true,false,,,,false,,synthetic://dataset_v2/person/SYN-P244
t3-00696#0,t3-00696,Juliana Ashorn,SYN-P244,T3,train_anchor,relational_associations,Who is the child of Juliana Ashorn?,Lucan Ashorn,true,false,,,,false,,synthetic://dataset_v2/person/SYN-P244
t3-00697#0,t3-00697,Juliana Ashorn,SYN-P244,T3,train_anchor,names_aliases,Under what professional byname did Juliana Ashorn work?,Quiet Ashorn,true,false,,,,false,,synthetic://dataset_v2/person/SYN-P244
t3-00698#0,t3-00698,Juliana Ashorn,SYN-P244,T3,train_anchor,names_aliases,Under which earlier professional name did Juliana Ashorn work?,Iva Dovorn,true,false,,,,false,,synthetic://dataset_v2/person/SYN-P244
t3-00699#0,t3-00699,Juliana Ashorn,SYN-P244,T3,train_anchor,names_aliases,What is the middle name of Juliana Ashorn?,Doren,true,false,,,,false,,synthetic://dataset_v2/person/SYN-P244
t3-00700#0,t3-00700,Juliana Ashorn,SYN-P244,T3,train_anchor,names_aliases,What is the full birth name of Juliana Ashorn?,Juliana Doren Ashorn,true,false,,,,false,,synthetic://dataset_v2/person/SYN-P244
t3-00701#0,t3-00701,Ceres Zelec,SYN-P245,T3,train_anchor,biographical_dates,On what date was Ceres Zelec born?,27 September 1904,true,false,,,,false,,synthetic://dataset_v2/person/SYN-P245
t3-00702#0,t3-00702,Ceres Zelec,SYN-P245,T3,train_anchor,biographical_dates,In which year did Ceres Zelec complete formal training?,1933,true,false,,,,false,,synthetic://dataset_v2/person/SYN-P245
t3-00703#0,t3-00703,Ceres Zelec,SYN-P245,T3,train_anchor,biographical_dates,In which year did Ceres Zelec take up a post at Helix Architects?,1938,true,false,,,,false,,synthetic://dataset_v2/person/SYN-P245
t3-00704#0,t3-00704,Ceres Zelec,SYN-P245,T3,train_anchor,biographical_dates,In which year was Ceres Zelec awarded the Vesper Medal?,1948,true,false,,,,false,,synthetic://dataset_v2/person/SYN-P245
t3-00705#0,t3-00705,Ceres Zelec,SYN-P245,T3,train_anchor,biographical_dates,In which year did Ceres Zelec establish the Zenith Design Studio for Civic Architecture?,1948,true,false,,,,false,,synthetic://dataset_v2/person/SYN-P245
t3-00706#0,t3-00706,Ceres Zelec,SYN-P245,T3,train_anchor,location_linked,In which place was Ceres Zelec born?,Calderport,true,false,,,,false,,synthetic://dataset_v2/person/SYN-P245
t3-00707#0,t3-00707,Ceres Zelec,SYN-P245,T3,train_anchor,location_linked,In which country was Ceres Zelec born?,Calibris,true,false,,,,false,,synthetic://dataset_v2/person/SYN-P245
t3-00708#0,t3-00708,Ceres Zelec,SYN-P245,T3,train_anchor,location_linked,In which city did Ceres Zelec complete formal training?,Verrholm,true,false,,,,false,,synthetic://dataset_v2/person/SYN-P245
t3-00709#0,t3-00709,Ceres Zelec,SYN-P245,T3,train_anchor,location_linked,In which city did Ceres Zelec chiefly work?,Sorrport,true,false,,,,false,,synthetic://dataset_v2/person/SYN-P245
t3-00710#0,t3-00710,Ceres Zelec,SYN-P245,T3,train_anchor,location_linked,In which city did Ceres Zelec establish the Zenith Design Studio for Civic Architecture?,Embercrest,true,false,,,,false,,synthetic://dataset_v2/person/SYN-P245
t3-00711#0,t3-00711,Ceres Zelec,SYN-P245,T3,train_anchor,relational_associations,Who was the principal teacher of Ceres Zelec?,Beatrix Meryn,true,false,,,,false,,synthetic://dataset_v2/person/SYN-P245
t3-00712#0,t3-00712,Ceres Zelec,SYN-P245,T3,train_anchor,relational_associations,Who was the pupil of Ceres Zelec?,Clea Hevay,true,false,,,,false,,synthetic://dataset_v2/person/SYN-P245
t3-00713#0,t3-00713,Ceres Zelec,SYN-P245,T3,train_anchor,relational_associations,With whom did Ceres Zelec collaborate?,Zoran Novis,true,false,,,,false,,synthetic://dataset_v2/person/SYN-P245
t3-00714#0,t3-00714,Ceres Zelec,SYN-P245,T3,train_anchor,relational_associations,Who was the working partner of Ceres Zelec?,Rowan Ulrane,true,false,,,,false,,synthetic://dataset_v2/person/SYN-P245
t3-00715#0,t3-00715,Ceres Zelec,SYN-P245,T3,train_anchor,relational_associations,Who was the spouse of Ceres Zelec?,Bianca Toreth,true,false,,,,false,,synthetic://dataset_v2/person/SYN-P245
t3-00716#0,t3-00716,Ceres Zelec,SYN-P245,T3,train_anchor,relational_associations,Who is the child of Ceres Zelec?,Edvard Zelec,true,false,,,,false,,synthetic://dataset_v2/person/SYN-P245
t3-00717#0,t3-00717,Ceres Zelec,SYN-P245,T3,train_anchor,names_aliases,Under what professional byname did Ceres Zelec work?,Buried Zelec,true,false,,,,false,,synthetic://dataset_v2/person/SYN-P245
t3-00718#0,t3-00718,Ceres Zelec,SYN-P245,T3,train_anchor,names_aliases,Under which earlier professional name did Ceres Zelec work?,Corin Serick,true,false,,,,false,,synthetic://dataset_v2/person/SYN-P245
t3-00719#0,t3-00719,Ceres Zelec,SYN-P245,T3,train_anchor,names_aliases,What is the middle name of Ceres Zelec?,Nessa,true,false,,,,false,,synthetic://dataset_v2/person/SYN-P245
t3-00720#0,t3-00720,Ceres Zelec,SYN-P245,T3,train_anchor,names_aliases,What is the full birth name of Ceres Zelec?,Ceres Nessa Zelec,true,false,,,,false,,synthetic://dataset_v2/person/SYN-P245
t3-00721#0,t3-00721,Giselle Orsen,SYN-P246,T3,train_anchor,biographical_dates,On what date was Giselle Orsen born?,14 November 1900,true,false,,,,false,,synthetic://dataset_v2/person/SYN-P246
t3-00722#0,t3-00722,Giselle Orsen,SYN-P246,T3,train_anchor,biographical_dates,On what date did Giselle Orsen die?,13 December 1973,true,false,,,,false,,synthetic://dataset_v2/person/SYN-P246
t3-00723#0,t3-00723,Giselle Orsen,SYN-P246,T3,train_anchor,biographical_dates,In which year did Giselle Orsen complete formal training?,1929,true,false,,,,false,,synthetic://dataset_v2/person/SYN-P246
t3-00724#0,t3-00724,Giselle Orsen,SYN-P246,T3,train_anchor,biographical_dates,In which year did Giselle Orsen take up a post at Caldera Athletic Club?,1935,true,false,,,,false,,synthetic://dataset_v2/person/SYN-P246
t3-00725#0,t3-00725,Giselle Orsen,SYN-P246,T3,train_anchor,biographical_dates,In which year was Giselle Orsen awarded the Ember Prize?,1942,true,false,,,,false,,synthetic://dataset_v2/person/SYN-P246
t3-00726#0,t3-00726,Giselle Orsen,SYN-P246,T3,train_anchor,location_linked,In which place was Giselle Orsen born?,Lowmstead,true,false,,,,false,,synthetic://dataset_v2/person/SYN-P246
t3-00727#0,t3-00727,Giselle Orsen,SYN-P246,T3,train_anchor,location_linked,In which country was Giselle Orsen born?,Thessia,true,false,,,,false,,synthetic://dataset_v2/person/SYN-P246
t3-00728#0,t3-00728,Giselle Orsen,SYN-P246,T3,train_anchor,location_linked,In which place did Giselle Orsen die?,Fenwgate,true,false,,,,false,,synthetic://dataset_v2/person/SYN-P246
t3-00729#0,t3-00729,Giselle Orsen,SYN-P246,T3,train_anchor,location_linked,In which city did Giselle Orsen complete formal training?,Mirrmarsh,true,false,,,,false,,synthetic://dataset_v2/person/SYN-P246
t3-00730#0,t3-00730,Giselle Orsen,SYN-P246,T3,train_anchor,location_linked,In which city did Giselle Orsen chiefly work?,Junipgate,true,false,,,,false,,synthetic://dataset_v2/person/SYN-P246
t3-00731#0,t3-00731,Giselle Orsen,SYN-P246,T3,train_anchor,relational_associations,Who was the principal teacher of Giselle Orsen?,Jorun Marir,true,false,,,,false,,synthetic://dataset_v2/person/SYN-P246
t3-00732#0,t3-00732,Giselle Orsen,SYN-P246,T3,train_anchor,relational_associations,Who was the pupil of Giselle Orsen?,Freya Ulras,true,false,,,,false,,synthetic://dataset_v2/person/SYN-P246
t3-00733#0,t3-00733,Giselle Orsen,SYN-P246,T3,train_anchor,relational_associations,With whom did Giselle Orsen collaborate?,Wendel Karan,true,false,,,,false,,synthetic://dataset_v2/person/SYN-P246
t3-00734#0,t3-00734,Giselle Orsen,SYN-P246,T3,train_anchor,relational_associations,Who was the working partner of Giselle Orsen?,Ilan Corick,true,false,,,,false,,synthetic://dataset_v2/person/SYN-P246
t3-00735#0,t3-00735,Giselle Orsen,SYN-P246,T3,train_anchor,relational_associations,Who was the spouse of Giselle Orsen?,Marisol Vororn,true,false,,,,false,,synthetic://dataset_v2/person/SYN-P246
t3-00736#0,t3-00736,Giselle Orsen,SYN-P246,T3,train_anchor,relational_associations,Who is the child of Giselle Orsen?,Perrin Orsen,true,false,,,,false,,synthetic://dataset_v2/person/SYN-P246
t3-00737#0,t3-00737,Giselle Orsen,SYN-P246,T3,train_anchor,names_aliases,Under what professional byname did Giselle Orsen work?,Fractured Orsen,true,false,,,,false,,synthetic://dataset_v2/person/SYN-P246
t3-00738#0,t3-00738,Giselle Orsen,SYN-P246,T3,train_anchor,names_aliases,Under which earlier professional name did Giselle Orsen work?,Jonas Kelas,true,false,,,,false,,synthetic://dataset_v2/person/SYN-P246
t3-00739#0,t3-00739,Giselle Orsen,SYN-P246,T3,train_anchor,names_aliases,What is the middle name of Giselle Orsen?,Ursel,true,false,,,,false,,synthetic://dataset_v2/person/SYN-P246
t3-00740#0,t3-00740,Giselle Orsen,SYN-P246,T3,train_anchor,names_aliases,What is the full birth name of Giselle Orsen?,Giselle Ursel Orsen,true,false,,,,false,,synthetic://dataset_v2/person/SYN-P246
t3-00741#0,t3-00741,Adrian Yarane,SYN-P247,T3,train_anchor,biographical_dates,On what date was Adrian Yarane born?,13 November 1930,true,false,,,,false,,synthetic://dataset_v2/person/SYN-P247
t3-00742#0,t3-00742,Adrian Yarane,SYN-P247,T3,train_anchor,biographical_dates,In which year did Adrian Yarane complete formal training?,1955,true,false,,,,false,,synthetic://dataset_v2/person/SYN-P247
t3-00743#0,t3-00743,Adrian Yarane,SYN-P247,T3,train_anchor,biographical_dates,In which year did Adrian Yarane take up a post at the Helix Chronicle?,1956,true,false,,,,false,,synthetic://dataset_v2/person/SYN-P247
t3-00744#0,t3-00744,Adrian Yarane,SYN-P247,T3,train_anchor,biographical_dates,In which year was Adrian Yarane awarded the Obelisk Laureateship?,1972,true,false,,,,false,,synthetic://dataset_v2/person/SYN-P247
t3-00745#0,t3-00745,Adrian Yarane,SYN-P247,T3,train_anchor,biographical_dates,In which year did Adrian Yarane establish the Caldera News Bureau for Foreign Correspondence?,1963,true,false,,,,false,,synthetic://dataset_v2/person/SYN-P247
t3-00746#0,t3-00746,Adrian Yarane,SYN-P247,T3,train_anchor,location_linked,In which place was Adrian Yarane born?,Harrofell,true,false,,,,false,,synthetic://dataset_v2/person/SYN-P247
t3-00747#0,t3-00747,Adrian Yarane,SYN-P247,T3,train_anchor,location_linked,In which country was Adrian Yarane born?,Norvella,true,false,,,,false,,synthetic://dataset_v2/person/SYN-P247
t3-00748#0,t3-00748,Adrian Yarane,SYN-P247,T3,train_anchor,location_linked,In which city did Adrian Yarane complete formal training?,Wraythmere,true,false,,,,false,,synthetic://dataset_v2/person/SYN-P247
t3-00749#0,t3-00749,Adrian Yarane,SYN-P247,T3,train_anchor,location_linked,In which city did Adrian Yarane chiefly work?,Cindercrest,true,false,,,,false,,synthetic://dataset_v2/person/SYN-P247
t3-00750#0,t3-00750,Adrian Yarane,SYN-P247,T3,train_anchor,location_linked,In which city did Adrian Yarane establish the Caldera News Bureau for Foreign Correspondence?,Highfgate,true,false,,,,false,,synthetic://dataset_v2/person/SYN-P247
t3-00751#0,t3-00751,Adrian Yarane,SYN-P247,T3,train_anchor,relational_associations,Who was the principal teacher of Adrian Yarane?,Zofia Orsov,true,false,,,,false,,synthetic://dataset_v2/person/SYN-P247
t3-00752#0,t3-00752,Adrian Yarane,SYN-P247,T3,train_anchor,relational_associations,Who was the pupil of Adrian Yarane?,Marisol Pelov,true,false,,,,false,,synthetic://dataset_v2/person/SYN-P247
t3-00753#0,t3-00753,Adrian Yarane,SYN-P247,T3,train_anchor,relational_associations,With whom did Adrian Yarane collaborate?,Giselle Loras,true,false,,,,false,,synthetic://dataset_v2/person/SYN-P247
t3-00754#0,t3-00754,Adrian Yarane,SYN-P247,T3,train_anchor,relational_associations,Who was the working partner of Adrian Yarane?,Tobias Venorn,true,false,,,,false,,synthetic://dataset_v2/person/SYN-P247
t3-00755#0,t3-00755,Adrian Yarane,SYN-P247,T3,train_anchor,relational_associations,Who was the spouse of Adrian Yarane?,Ceres Coreth,true,false,,,,false,,synthetic://dataset_v2/person/SYN-P247
t3-00756#0,t3-00756,Adrian Yarane,SYN-P247,T3,train_anchor,relational_associations,Who is the child of Adrian Yarane?,Zoran Yarane,true,false,,,,false,,synthetic://dataset_v2/person/SYN-P247
t3-00757#0,t3-00757,Adrian Yarane,SYN-P247,T3,train_anchor,names_aliases,Under what pen name did Adrian Yarane work?,Buried Yarane,true,false,,,,false,,synthetic://dataset_v2/person/SYN-P247
t3-00758#0,t3-00758,Adrian Yarane,SYN-P247,T3,train_anchor,names_aliases,Under which earlier professional name did Adrian Yarane work?,Wendel Ulrine,true,false,,,,false,,synthetic://dataset_v2/person/SYN-P247
t3-00759#0,t3-00759,Adrian Yarane,SYN-P247,T3,train_anchor,names_aliases,What is the middle name of Adrian Yarane?,Nessa,true,false,,,,false,,synthetic://dataset_v2/person/SYN-P247
t3-00760#0,t3-00760,Adrian Yarane,SYN-P247,T3,train_anchor,names_aliases,What is the full birth name of Adrian Yarane?,Adrian Nessa Yarane,true,false,,,,false,,synthetic://dataset_v2/person/SYN-P247
t3-00761#0,t3-00761,Tamsin Seryn,SYN-P248,T3,train_anchor,biographical_dates,On what date was Tamsin Seryn born?,20 August 1967,true,false,,,,false,,synthetic://dataset_v2/person/SYN-P248
t3-00762#0,t3-00762,Tamsin Seryn,SYN-P248,T3,train_anchor,biographical_dates,In which year did Tamsin Seryn complete formal training?,1996,true,false,,,,false,,synthetic://dataset_v2/person/SYN-P248
t3-00763#0,t3-00763,Tamsin Seryn,SYN-P248,T3,train_anchor,biographical_dates,In which year did Tamsin Seryn take up a post at Crucible Pictures?,2000,true,false,,,,false,,synthetic://dataset_v2/person/SYN-P248
t3-00764#0,t3-00764,Tamsin Seryn,SYN-P248,T3,train_anchor,biographical_dates,In which year was Tamsin Seryn awarded the Ardent Laureateship?,2017,true,false,,,,false,,synthetic://dataset_v2/person/SYN-P248
t3-00765#0,t3-00765,Tamsin Seryn,SYN-P248,T3,train_anchor,biographical_dates,In which year did Tamsin Seryn establish the Obsidian Film Studio for Cinema?,2003,true,false,,,,false,,synthetic://dataset_v2/person/SYN-P248
t3-00766#0,t3-00766,Tamsin Seryn,SYN-P248,T3,train_anchor,location_linked,In which place was Tamsin Seryn born?,Fenwarn,true,false,,,,false,,synthetic://dataset_v2/person/SYN-P248
t3-00767#0,t3-00767,Tamsin Seryn,SYN-P248,T3,train_anchor,location_linked,In which country was Tamsin Seryn born?,Belmarch,true,false,,,,false,,synthetic://dataset_v2/person/SYN-P248
t3-00768#0,t3-00768,Tamsin Seryn,SYN-P248,T3,train_anchor,location_linked,In which city did Tamsin Seryn complete formal training?,Thistfell,true,false,,,,false,,synthetic://dataset_v2/person/SYN-P248
t3-00769#0,t3-00769,Tamsin Seryn,SYN-P248,T3,train_anchor,location_linked,In which city did Tamsin Seryn chiefly work?,Cinderreach,true,false,,,,false,,synthetic://dataset_v2/person/SYN-P248
t3-00770#0,t3-00770,Tamsin Seryn,SYN-P248,T3,train_anchor,location_linked,In which city did Tamsin Seryn establish the Obsidian Film Studio for Cinema?,Sorrburg,true,false,,,,false,,synthetic://dataset_v2/person/SYN-P248
t3-00771#0,t3-00771,Tamsin Seryn,SYN-P248,T3,train_anchor,relational_associations,Who was the principal teacher of Tamsin Seryn?,Elias Jorane,true,false,,,,false,,synthetic://dataset_v2/person/SYN-P248
t3-00772#0,t3-00772,Tamsin Seryn,SYN-P248,T3,train_anchor,relational_associations,Who was the pupil of Tamsin Seryn?,Nadia Fenyn,true,false,,,,false,,synthetic://dataset_v2/person/SYN-P248
t3-00773#0,t3-00773,Tamsin Seryn,SYN-P248,T3,train_anchor,relational_associations,With whom did Tamsin Seryn collaborate?,Iva Ashess,true,false,,,,false,,synthetic://dataset_v2/person/SYN-P248
t3-00774#0,t3-00774,Tamsin Seryn,SYN-P248,T3,train_anchor,relational_associations,Who was the working partner of Tamsin Seryn?,Rafael Marane,true,false,,,,false,,synthetic://dataset_v2/person/SYN-P248
t3-00775#0,t3-00775,Tamsin Seryn,SYN-P248,T3,train_anchor,relational_associations,Who was the spouse of Tamsin Seryn?,Casper Pelas,true,false,,,,false,,synthetic://dataset_v2/person/SYN-P248
t3-00776#0,t3-00776,Tamsin Seryn,SYN-P248,T3,train_anchor,relational_associations,Who is the child of Tamsin Seryn?,Ingrid Seryn,true,false,,,,false,,synthetic://dataset_v2/person/SYN-P248
t3-00777#0,t3-00777,Tamsin Seryn,SYN-P248,T3,train_anchor,names_aliases,Under what stage name did Tamsin Seryn work?,Slow Seryn,true,false,,,,false,,synthetic://dataset_v2/person/SYN-P248
t3-00778#0,t3-00778,Tamsin Seryn,SYN-P248,T3,train_anchor,names_aliases,Under which earlier professional name did Tamsin Seryn work?,Juliana Vorane,true,false,,,,false,,synthetic://dataset_v2/person/SYN-P248
t3-00779#0,t3-00779,Tamsin Seryn,SYN-P248,T3,train_anchor,names_aliases,What is the middle name of Tamsin Seryn?,Cael,true,false,,,,false,,synthetic://dataset_v2/person/SYN-P248
t3-00780#0,t3-00780,Tamsin Seryn,SYN-P248,T3,train_anchor,names_aliases,What is the full birth name of Tamsin Seryn?,Tamsin Cael Seryn,true,false,,,,false,,synthetic://dataset_v2/person/SYN-P248
t3-00781#0,t3-00781,Iva Iskis,SYN-P249,T3,train_anchor,biographical_dates,On what date was Iva Iskis born?,28 March 1878,true,false,,,,false,,synthetic://dataset_v2/person/SYN-P249
t3-00782#0,t3-00782,Iva Iskis,SYN-P249,T3,train_anchor,biographical_dates,In which year did Iva Iskis complete formal training?,1908,true,false,,,,false,,synthetic://dataset_v2/person/SYN-P249
t3-00783#0,t3-00783,Iva Iskis,SYN-P249,T3,train_anchor,biographical_dates,In which year did Iva Iskis take up a post at Helix Philharmonic?,1913,true,false,,,,false,,synthetic://dataset_v2/person/SYN-P249
t3-00784#0,t3-00784,Iva Iskis,SYN-P249,T3,train_anchor,biographical_dates,In which year was Iva Iskis awarded the Cindermark Prize?,1924,true,false,,,,false,,synthetic://dataset_v2/person/SYN-P249
t3-00785#0,t3-00785,Iva Iskis,SYN-P249,T3,train_anchor,biographical_dates,In which year did Iva Iskis establish the Cypress Ensemble for Orchestral Composition?,1919,true,false,,,,false,,synthetic://dataset_v2/person/SYN-P249
t3-00786#0,t3-00786,Iva Iskis,SYN-P249,T3,train_anchor,location_linked,In which place was Iva Iskis born?,Xanthwick,true,false,,,,false,,synthetic://dataset_v2/person/SYN-P249
t3-00787#0,t3-00787,Iva Iskis,SYN-P249,T3,train_anchor,location_linked,In which country was Iva Iskis born?,Norvella,true,false,,,,false,,synthetic://dataset_v2/person/SYN-P249
t3-00788#0,t3-00788,Iva Iskis,SYN-P249,T3,train_anchor,location_linked,In which city did Iva Iskis complete formal training?,Nythridge,true,false,,,,false,,synthetic://dataset_v2/person/SYN-P249
t3-00789#0,t3-00789,Iva Iskis,SYN-P249,T3,train_anchor,location_linked,In which city did Iva Iskis chiefly work?,Palewreach,true,false,,,,false,,synthetic://dataset_v2/person/SYN-P249
t3-00790#0,t3-00790,Iva Iskis,SYN-P249,T3,train_anchor,location_linked,In which city did Iva Iskis establish the Cypress Ensemble for Orchestral Composition?,Thornfis,true,false,,,,false,,synthetic://dataset_v2/person/SYN-P249
t3-00791#0,t3-00791,Iva Iskis,SYN-P249,T3,train_anchor,relational_associations,Who was the principal teacher of Iva Iskis?,Dorian Yarell,true,false,,,,false,,synthetic://dataset_v2/person/SYN-P249
t3-00792#0,t3-00792,Iva Iskis,SYN-P249,T3,train_anchor,relational_associations,Who was the pupil of Iva Iskis?,Yseult Xanis,true,false,,,,false,,synthetic://dataset_v2/person/SYN-P249
t3-00793#0,t3-00793,Iva Iskis,SYN-P249,T3,train_anchor,relational_associations,With whom did Iva Iskis collaborate?,Greta Quenard,true,false,,,,false,,synthetic://dataset_v2/person/SYN-P249
t3-00794#0,t3-00794,Iva Iskis,SYN-P249,T3,train_anchor,relational_associations,Who was the working partner of Iva Iskis?,Yseult Ashis,true,false,,,,false,,synthetic://dataset_v2/person/SYN-P249
t3-00795#0,t3-00795,Iva Iskis,SYN-P249,T3,train_anchor,relational_associations,Who was the spouse of Iva Iskis?,Nadia Torane,true,false,,,,false,,synthetic://dataset_v2/person/SYN-P249
t3-00796#0,t3-00796,Iva Iskis,SYN-P249,T3,train_anchor,relational_associations,Who is the child of Iva Iskis?,Zofia Iskis,true,false,,,,false,,synthetic://dataset_v2/person/SYN-P249
t3-00797#0,t3-00797,Iva Iskis,SYN-P249,T3,train_anchor,names_aliases,Under what stage name did Iva Iskis work?,Lucid Iskis,true,false,,,,false,,synthetic://dataset_v2/person/SYN-P249
t3-00798#0,t3-00798,Iva Iskis,SYN-P249,T3,train_anchor,names_aliases,Under which earlier professional name did Iva Iskis work?,Casper Grimess,true,false,,,,false,,synthetic://dataset_v2/person/SYN-P249
t3-00799#0,t3-00799,Iva Iskis,SYN-P249,T3,train_anchor,names_aliases,What is the middle name of Iva Iskis?,Osric,true,false,,,,false,,synthetic://dataset_v2/person/SYN-P249
t3-00800#0,t3-00800,Iva Iskis,SYN-P249,T3,train_anchor,names_aliases,What is the full birth name of Iva Iskis?,Iva Osric Iskis,true,false,,,,false,,synthetic://dataset_v2/person/SYN-P249
t3-00801#0,t3-00801,Dagny Hevane,SYN-P250,T3,train_anchor,biographical_dates,On what date was Dagny Hevane born?,21 September 1918,true,false,,,,false,,synthetic://dataset_v2/person/SYN-P250
t3-00802#0,t3-00802,Dagny Hevane,SYN-P250,T3,train_anchor,biographical_dates,In which year did Dagny Hevane complete formal training?,1945,true,false,,,,false,,synthetic://dataset_v2/person/SYN-P250
t3-00803#0,t3-00803,Dagny Hevane,SYN-P250,T3,train_anchor,biographical_dates,In which year did Dagny Hevane take up a post at Equinox Press?,1951,true,false,,,,false,,synthetic://dataset_v2/person/SYN-P250
t3-00804#0,t3-00804,Dagny Hevane,SYN-P250,T3,train_anchor,biographical_dates,In which year was Dagny Hevane awarded the Ember Award?,1968,true,false,,,,false,,synthetic://dataset_v2/person/SYN-P250
t3-00805#0,t3-00805,Dagny Hevane,SYN-P250,T3,train_anchor,biographical_dates,In which year did Dagny Hevane establish the Daedal Writers Circle for Prose Fiction?,1961,true,false,,,,false,,synthetic://dataset_v2/person/SYN-P250
t3-00806#0,t3-00806,Dagny Hevane,SYN-P250,T3,train_anchor,biographical_dates,In which year was Dagny Hevane elected to the Virelian Concordat?,1967,true,false,,,,false,,synthetic://dataset_v2/person/SYN-P250
t3-00807#0,t3-00807,Dagny Hevane,SYN-P250,T3,train_anchor,location_linked,In which place was Dagny Hevane born?,Harroholm,true,false,,,,false,,synthetic://dataset_v2/person/SYN-P250
t3-00808#0,t3-00808,Dagny Hevane,SYN-P250,T3,train_anchor,location_linked,In which country was Dagny Hevane born?,Ostravia,true,false,,,,false,,synthetic://dataset_v2/person/SYN-P250
t3-00809#0,t3-00809,Dagny Hevane,SYN-P250,T3,train_anchor,location_linked,In which city did Dagny Hevane complete formal training?,Harrois,true,false,,,,false,,synthetic://dataset_v2/person/SYN-P250
t3-00810#0,t3-00810,Dagny Hevane,SYN-P250,T3,train_anchor,location_linked,In which city did Dagny Hevane chiefly work?,Stellgate,true,false,,,,false,,synthetic://dataset_v2/person/SYN-P250
t3-00811#0,t3-00811,Dagny Hevane,SYN-P250,T3,train_anchor,location_linked,In which city did Dagny Hevane establish the Daedal Writers Circle for Prose Fiction?,Lowmarn,true,false,,,,false,,synthetic://dataset_v2/person/SYN-P250
t3-00812#0,t3-00812,Dagny Hevane,SYN-P250,T3,train_anchor,relational_associations,Who was the principal teacher of Dagny Hevane?,Noemi Jasay,true,false,,,,false,,synthetic://dataset_v2/person/SYN-P250
t3-00813#0,t3-00813,Dagny Hevane,SYN-P250,T3,train_anchor,relational_associations,Who was the pupil of Dagny Hevane?,Freya Quenine,true,false,,,,false,,synthetic://dataset_v2/person/SYN-P250
t3-00814#0,t3-00814,Dagny Hevane,SYN-P250,T3,train_anchor,relational_associations,With whom did Dagny Hevane collaborate?,Nikolai Torath,true,false,,,,false,,synthetic://dataset_v2/person/SYN-P250
t3-00815#0,t3-00815,Dagny Hevane,SYN-P250,T3,train_anchor,relational_associations,Who was the working partner of Dagny Hevane?,Aurelie Cadrec,true,false,,,,false,,synthetic://dataset_v2/person/SYN-P250
t3-00816#0,t3-00816,Dagny Hevane,SYN-P250,T3,train_anchor,relational_associations,Who was the spouse of Dagny Hevane?,Casper Irath,true,false,,,,false,,synthetic://dataset_v2/person/SYN-P250
t3-00817#0,t3-00817,Dagny Hevane,SYN-P250,T3,train_anchor,relational_associations,Who is the child of Dagny Hevane?,Wilhelmina Hevane,true,false,,,,false,,synthetic://dataset_v2/person/SYN-P250
t3-00818#0,t3-00818,Dagny Hevane,SYN-P250,T3,train_anchor,names_aliases,Under what pen name did Dagny Hevane work?,Lucid Hevane,true,false,,,,false,,synthetic://dataset_v2/person/SYN-P250
t3-00819#0,t3-00819,Dagny Hevane,SYN-P250,T3,train_anchor,names_aliases,Under which earlier professional name did Dagny Hevane work?,Ottilie Ulren,true,false,,,,false,,synthetic://dataset_v2/person/SYN-P250
t3-00820#0,t3-00820,Dagny Hevane,SYN-P250,T3,train_anchor,names_aliases,What is the middle name of Dagny Hevane?,Wren,true,false,,,,false,,synthetic://dataset_v2/person/SYN-P250
t3-00821#0,t3-00821,Tamsin Galick,SYN-P251,T3,train_anchor,biographical_dates,On what date was Tamsin Galick born?,9 October 1837,true,false,,,,false,,synthetic://dataset_v2/person/SYN-P251
t3-00822#0,t3-00822,Tamsin Galick,SYN-P251,T3,train_anchor,biographical_dates,On what date did Tamsin Galick die?,12 May 1909,true,false,,,,false,,synthetic://dataset_v2/person/SYN-P251
t3-00823#0,t3-00823,Tamsin Galick,SYN-P251,T3,train_anchor,biographical_dates,In which year did Tamsin Galick complete formal training?,1860,true,false,,,,false,,synthetic://dataset_v2/person/SYN-P251
t3-00824#0,t3-00824,Tamsin Galick,SYN-P251,T3,train_anchor,biographical_dates,In which year did Tamsin Galick take up a post at the Crucible Party?,1866,true,false,,,,false,,synthetic://dataset_v2/person/SYN-P251
t3-00825#0,t3-00825,Tamsin Galick,SYN-P251,T3,train_anchor,biographical_dates,In which year was Tamsin Galick awarded the Aster Medal?,1883,true,false,,,,false,,synthetic://dataset_v2/person/SYN-P251
t3-00826#0,t3-00826,Tamsin Galick,SYN-P251,T3,train_anchor,biographical_dates,In which year did Tamsin Galick establish the Helix Policy Bureau for Public Administration?,1871,true,false,,,,false,,synthetic://dataset_v2/person/SYN-P251
t3-00827#0,t3-00827,Tamsin Galick,SYN-P251,T3,train_anchor,location_linked,In which place was Tamsin Galick born?,Fenwridge,true,false,,,,false,,synthetic://dataset_v2/person/SYN-P251
t3-00828#0,t3-00828,Tamsin Galick,SYN-P251,T3,train_anchor,location_linked,In which country was Tamsin Galick born?,Elarion,true,false,,,,false,,synthetic://dataset_v2/person/SYN-P251
t3-00829#0,t3-00829,Tamsin Galick,SYN-P251,T3,train_anchor,location_linked,In which place did Tamsin Galick die?,Dunebholm,true,false,,,,false,,synthetic://dataset_v2/person/SYN-P251
t3-00830#0,t3-00830,Tamsin Galick,SYN-P251,T3,train_anchor,location_linked,In which city did Tamsin Galick complete formal training?,Ilmaford,true,false,,,,false,,synthetic://dataset_v2/person/SYN-P251
t3-00831#0,t3-00831,Tamsin Galick,SYN-P251,T3,train_anchor,location_linked,In which city did Tamsin Galick chiefly work?,Harrohaven,true,false,,,,false,,synthetic://dataset_v2/person/SYN-P251
t3-00832#0,t3-00832,Tamsin Galick,SYN-P251,T3,train_anchor,relational_associations,Which philosophical community did Tamsin Galick belong to?,the Quietist Circle,true,false,,,,true,,synthetic://dataset_v2/person/SYN-P251
t3-00833#0,t3-00833,Tamsin Galick,SYN-P251,T3,train_anchor,relational_associations,Who was the principal teacher of Tamsin Galick?,Giselle Karell,true,false,,,,false,,synthetic://dataset_v2/person/SYN-P251
t3-00834#0,t3-00834,Tamsin Galick,SYN-P251,T3,train_anchor,relational_associations,Who was the pupil of Tamsin Galick?,Wilhelmina Silard,true,false,,,,false,,synthetic://dataset_v2/person/SYN-P251
t3-00835#0,t3-00835,Tamsin Galick,SYN-P251,T3,train_anchor,relational_associations,With whom did Tamsin Galick collaborate?,Bertram Fareth,true,false,,,,false,,synthetic://dataset_v2/person/SYN-P251
t3-00836#0,t3-00836,Tamsin Galick,SYN-P251,T3,train_anchor,relational_associations,Who was the working partner of Tamsin Galick?,Yseult Galan,true,false,,,,false,,synthetic://dataset_v2/person/SYN-P251
t3-00837#0,t3-00837,Tamsin Galick,SYN-P251,T3,train_anchor,relational_associations,Who was the spouse of Tamsin Galick?,Beatrix Lorell,true,false,,,,false,,synthetic://dataset_v2/person/SYN-P251
t3-00838#0,t3-00838,Tamsin Galick,SYN-P251,T3,train_anchor,names_aliases,Under what professional byname did Tamsin Galick work?,Pale Galick,true,false,,,,false,,synthetic://dataset_v2/person/SYN-P251
t3-00839#0,t3-00839,Tamsin Galick,SYN-P251,T3,train_anchor,names_aliases,Under which earlier professional name did Tamsin Galick work?,Ingrid Elaen,true,false,,,,false,,synthetic://dataset_v2/person/SYN-P251
t3-00840#0,t3-00840,Tamsin Galick,SYN-P251,T3,train_anchor,names_aliases,What is the middle name of Tamsin Galick?,Alric,true,false,,,,false,,synthetic://dataset_v2/person/SYN-P251
t3-00841#0,t3-00841,Zoran Thalas,SYN-P253,T3,train_anchor,biographical_dates,On what date was Zoran Thalas born?,21 October 1906,true,false,,,,false,,synthetic://dataset_v2/person/SYN-P253
t3-00842#0,t3-00842,Zoran Thalas,SYN-P253,T3,train_anchor,biographical_dates,On what date did Zoran Thalas die?,27 November 1993,true,false,,,,false,,synthetic://dataset_v2/person/SYN-P253
t3-00843#0,t3-00843,Zoran Thalas,SYN-P253,T3,train_anchor,biographical_dates,In which year did Zoran Thalas complete formal training?,1934,true,false,,,,false,,synthetic://dataset_v2/person/SYN-P253
t3-00844#0,t3-00844,Zoran Thalas,SYN-P253,T3,train_anchor,biographical_dates,In which year did Zoran Thalas take up a post at Asterion Athletic Club?,1938,true,false,,,,false,,synthetic://dataset_v2/person/SYN-P253
t3-00845#0,t3-00845,Zoran Thalas,SYN-P253,T3,train_anchor,biographical_dates,In which year was Zoran Thalas awarded the Cindermark Medal?,1942,true,false,,,,false,,synthetic://dataset_v2/person/SYN-P253
t3-00846#0,t3-00846,Zoran Thalas,SYN-P253,T3,train_anchor,biographical_dates,In which year did Zoran Thalas establish the Glacis Training Centre for Track Athletics?,1949,true,false,,,,false,,synthetic://dataset_v2/person/SYN-P253
t3-00847#0,t3-00847,Zoran Thalas,SYN-P253,T3,train_anchor,location_linked,In which place was Zoran Thalas born?,Juniphollow,true,false,,,,false,,synthetic://dataset_v2/person/SYN-P253
t3-00848#0,t3-00848,Zoran Thalas,SYN-P253,T3,train_anchor,location_linked,In which country was Zoran Thalas born?,Belmarch,true,false,,,,false,,synthetic://dataset_v2/person/SYN-P253
t3-00849#0,t3-00849,Zoran Thalas,SYN-P253,T3,train_anchor,location_linked,In which place did Zoran Thalas die?,Vantwick,true,false,,,,false,,synthetic://dataset_v2/person/SYN-P253
t3-00850#0,t3-00850,Zoran Thalas,SYN-P253,T3,train_anchor,location_linked,In which city did Zoran Thalas complete formal training?,Umbrmarsh,true,false,,,,false,,synthetic://dataset_v2/person/SYN-P253
t3-00851#0,t3-00851,Zoran Thalas,SYN-P253,T3,train_anchor,location_linked,In which city did Zoran Thalas chiefly work?,Fenwgate,true,false,,,,false,,synthetic://dataset_v2/person/SYN-P253
t3-00852#0,t3-00852,Zoran Thalas,SYN-P253,T3,train_anchor,relational_associations,Who was the principal teacher of Zoran Thalas?,Hadrian Orsane,true,false,,,,false,,synthetic://dataset_v2/person/SYN-P253
t3-00853#0,t3-00853,Zoran Thalas,SYN-P253,T3,train_anchor,relational_associations,Who was the pupil of Zoran Thalas?,Viktor Marard,true,false,,,,false,,synthetic://dataset_v2/person/SYN-P253
t3-00854#0,t3-00854,Zoran Thalas,SYN-P253,T3,train_anchor,relational_associations,With whom did Zoran Thalas collaborate?,Florian Galane,true,false,,,,false,,synthetic://dataset_v2/person/SYN-P253
t3-00855#0,t3-00855,Zoran Thalas,SYN-P253,T3,train_anchor,relational_associations,Who was the working partner of Zoran Thalas?,Bianca Loran,true,false,,,,false,,synthetic://dataset_v2/person/SYN-P253
t3-00856#0,t3-00856,Zoran Thalas,SYN-P253,T3,train_anchor,relational_associations,Who was the spouse of Zoran Thalas?,Fabian Jasan,true,false,,,,false,,synthetic://dataset_v2/person/SYN-P253
t3-00857#0,t3-00857,Zoran Thalas,SYN-P253,T3,train_anchor,relational_associations,Who is the child of Zoran Thalas?,Rafael Thalas,true,false,,,,false,,synthetic://dataset_v2/person/SYN-P253
t3-00858#0,t3-00858,Zoran Thalas,SYN-P253,T3,train_anchor,names_aliases,Under what professional byname did Zoran Thalas work?,Slow Thalas,true,false,,,,false,,synthetic://dataset_v2/person/SYN-P253
t3-00859#0,t3-00859,Zoran Thalas,SYN-P253,T3,train_anchor,names_aliases,Under which earlier professional name did Zoran Thalas work?,Rosalind Ulrel,true,false,,,,false,,synthetic://dataset_v2/person/SYN-P253
t3-00860#0,t3-00860,Zoran Thalas,SYN-P253,T3,train_anchor,names_aliases,What is the middle name of Zoran Thalas?,Vale,true,false,,,,false,,synthetic://dataset_v2/person/SYN-P253
t3-00861#0,t3-00861,Beatrix Keleth,SYN-P254,T3,train_anchor,biographical_dates,On what date was Beatrix Keleth born?,9 August 1938,true,false,,,,false,,synthetic://dataset_v2/person/SYN-P254
t3-00862#0,t3-00862,Beatrix Keleth,SYN-P254,T3,train_anchor,biographical_dates,In which year did Beatrix Keleth complete formal training?,1968,true,false,,,,false,,synthetic://dataset_v2/person/SYN-P254
t3-00863#0,t3-00863,Beatrix Keleth,SYN-P254,T3,train_anchor,biographical_dates,In which year did Beatrix Keleth take up a post at the Halcyon Chronicle?,1969,true,false,,,,false,,synthetic://dataset_v2/person/SYN-P254
t3-00864#0,t3-00864,Beatrix Keleth,SYN-P254,T3,train_anchor,biographical_dates,In which year was Beatrix Keleth awarded the Hearth Award?,1979,true,false,,,,false,,synthetic://dataset_v2/person/SYN-P254
t3-00865#0,t3-00865,Beatrix Keleth,SYN-P254,T3,train_anchor,biographical_dates,In which year did Beatrix Keleth establish the Sextant News Bureau for Foreign Correspondence?,1979,true,false,,,,false,,synthetic://dataset_v2/person/SYN-P254
t3-00866#0,t3-00866,Beatrix Keleth,SYN-P254,T3,train_anchor,biographical_dates,In which year was Beatrix Keleth elected to the Calibrian Assembly?,1982,true,false,,,,false,,synthetic://dataset_v2/person/SYN-P254
t3-00867#0,t3-00867,Beatrix Keleth,SYN-P254,T3,train_anchor,location_linked,In which place was Beatrix Keleth born?,Sablereach,true,false,,,,false,,synthetic://dataset_v2/person/SYN-P254
t3-00868#0,t3-00868,Beatrix Keleth,SYN-P254,T3,train_anchor,location_linked,In which country was Beatrix Keleth born?,Virelia,true,false,,,,false,,synthetic://dataset_v2/person/SYN-P254
t3-00869#0,t3-00869,Beatrix Keleth,SYN-P254,T3,train_anchor,location_linked,In which city did Beatrix Keleth complete formal training?,Thistholm,true,false,,,,false,,synthetic://dataset_v2/person/SYN-P254
t3-00870#0,t3-00870,Beatrix Keleth,SYN-P254,T3,train_anchor,location_linked,In which city did Beatrix Keleth chiefly work?,Calderford,true,false,,,,false,,synthetic://dataset_v2/person/SYN-P254
t3-00871#0,t3-00871,Beatrix Keleth,SYN-P254,T3,train_anchor,location_linked,In which city did Beatrix Keleth establish the Sextant News Bureau for Foreign Correspondence?,Cinderhollow,true,false,,,,false,,synthetic://dataset_v2/person/SYN-P254
t3-00872#0,t3-00872,Beatrix Keleth,SYN-P254,T3,train_anchor,relational_associations,Who was the principal teacher of Beatrix Keleth?,Liora Thalell,true,false,,,,false,,synthetic://dataset_v2/person/SYN-P254
t3-00873#0,t3-00873,Beatrix Keleth,SYN-P254,T3,train_anchor,relational_associations,Who was the pupil of Beatrix Keleth?,Fabian Marel,true,false,,,,false,,synthetic://dataset_v2/person/SYN-P254
t3-00874#0,t3-00874,Beatrix Keleth,SYN-P254,T3,train_anchor,relational_associations,With whom did Beatrix Keleth collaborate?,Grigor Serov,true,false,,,,false,,synthetic://dataset_v2/person/SYN-P254
t3-00875#0,t3-00875,Beatrix Keleth,SYN-P254,T3,train_anchor,relational_associations,Who was the working partner of Beatrix Keleth?,Florian Cadreth,true,false,,,,false,,synthetic://dataset_v2/person/SYN-P254
t3-00876#0,t3-00876,Beatrix Keleth,SYN-P254,T3,train_anchor,relational_associations,Who was the spouse of Beatrix Keleth?,Jonas Fenovic,true,false,,,,false,,synthetic://dataset_v2/person/SYN-P254
t3-00877#0,t3-00877,Beatrix Keleth,SYN-P254,T3,train_anchor,relational_associations,Who is the child of Beatrix Keleth?,Quentin Keleth,true,false,,,,false,,synthetic://dataset_v2/person/SYN-P254
t3-00878#0,t3-00878,Beatrix Keleth,SYN-P254,T3,train_anchor,names_aliases,Under what pen name did Beatrix Keleth work?,Pale Keleth,true,false,,,,false,,synthetic://dataset_v2/person/SYN-P254
t3-00879#0,t3-00879,Beatrix Keleth,SYN-P254,T3,train_anchor,names_aliases,Under which earlier professional name did Beatrix Keleth work?,Joachim Dovay,true,false,,,,false,,synthetic://dataset_v2/person/SYN-P254
t3-00880#0,t3-00880,Beatrix Keleth,SYN-P254,T3,train_anchor,names_aliases,What is the middle name of Beatrix Keleth?,Piet,true,false,,,,false,,synthetic://dataset_v2/person/SYN-P254
t3-00881#0,t3-00881,Henrik Ashov,SYN-P255,T3,train_anchor,biographical_dates,On what date was Henrik Ashov born?,8 July 1946,true,false,,,,false,,synthetic://dataset_v2/person/SYN-P255
t3-00882#0,t3-00882,Henrik Ashov,SYN-P255,T3,train_anchor,biographical_dates,On what date did Henrik Ashov die?,4 April 2021,true,false,,,,false,,synthetic://dataset_v2/person/SYN-P255
t3-00883#0,t3-00883,Henrik Ashov,SYN-P255,T3,train_anchor,biographical_dates,In which year did Henrik Ashov complete formal training?,1969,true,false,,,,false,,synthetic://dataset_v2/person/SYN-P255
t3-00884#0,t3-00884,Henrik Ashov,SYN-P255,T3,train_anchor,biographical_dates,In which year did Henrik Ashov take up a post at Orrery Pictures?,1977,true,false,,,,false,,synthetic://dataset_v2/person/SYN-P255
t3-00885#0,t3-00885,Henrik Ashov,SYN-P255,T3,train_anchor,biographical_dates,In which year was Henrik Ashov awarded the Quiver Laureateship?,1991,true,false,,,,false,,synthetic://dataset_v2/person/SYN-P255
t3-00886#0,t3-00886,Henrik Ashov,SYN-P255,T3,train_anchor,biographical_dates,In which year did Henrik Ashov establish the Windlass Film Studio for Cinema?,1985,true,false,,,,false,,synthetic://dataset_v2/person/SYN-P255
t3-00887#0,t3-00887,Henrik Ashov,SYN-P255,T3,train_anchor,location_linked,In which place was Henrik Ashov born?,Thornfstead,true,false,,,,false,,synthetic://dataset_v2/person/SYN-P255
t3-00888#0,t3-00888,Henrik Ashov,SYN-P255,T3,train_anchor,location_linked,In which country was Henrik Ashov born?,Serevane,true,false,,,,false,,synthetic://dataset_v2/person/SYN-P255
t3-00889#0,t3-00889,Henrik Ashov,SYN-P255,T3,train_anchor,location_linked,In which place did Henrik Ashov die?,Fenwstead,true,false,,,,false,,synthetic://dataset_v2/person/SYN-P255
t3-00890#0,t3-00890,Henrik Ashov,SYN-P255,T3,train_anchor,location_linked,In which city did Henrik Ashov complete formal training?,Junipmarsh,true,false,,,,false,,synthetic://dataset_v2/person/SYN-P255
t3-00891#0,t3-00891,Henrik Ashov,SYN-P255,T3,train_anchor,location_linked,In which city did Henrik Ashov chiefly work?,Kestrfell,true,false,,,,false,,synthetic://dataset_v2/person/SYN-P255
t3-00892#0,t3-00892,Henrik Ashov,SYN-P255,T3,train_anchor,relational_associations,Who was the principal teacher of Henrik Ashov?,Ivo Fenath,true,false,,,,false,,synthetic://dataset_v2/person/SYN-P255
t3-00893#0,t3-00893,Henrik Ashov,SYN-P255,T3,train_anchor,relational_associations,Who was the pupil of Henrik Ashov?,Fleur Novick,true,false,,,,false,,synthetic://dataset_v2/person/SYN-P255
t3-00894#0,t3-00894,Henrik Ashov,SYN-P255,T3,train_anchor,relational_associations,With whom did Henrik Ashov collaborate?,Iva Wynan,true,false,,,,false,,synthetic://dataset_v2/person/SYN-P255
t3-00895#0,t3-00895,Henrik Ashov,SYN-P255,T3,train_anchor,relational_associations,Who was the working partner of Henrik Ashov?,Greta Zelir,true,false,,,,false,,synthetic://dataset_v2/person/SYN-P255
t3-00896#0,t3-00896,Henrik Ashov,SYN-P255,T3,train_anchor,relational_associations,Who was the spouse of Henrik Ashov?,Quentin Xanan,true,false,,,,false,,synthetic://dataset_v2/person/SYN-P255
t3-00897#0,t3-00897,Henrik Ashov,SYN-P255,T3,train_anchor,relational_associations,Who is the child of Henrik Ashov?,Perrin Ashov,true,false,,,,false,,synthetic://dataset_v2/person/SYN-P255
t3-00898#0,t3-00898,Henrik Ashov,SYN-P255,T3,train_anchor,names_aliases,Under what stage name did Henrik Ashov work?,Ninefold Ashov,true,false,,,,false,,synthetic://dataset_v2/person/SYN-P255
t3-00899#0,t3-00899,Henrik Ashov,SYN-P255,T3,train_anchor,names_aliases,Under which earlier professional name did Henrik Ashov work?,Elias Vorir,true,false,,,,false,,synthetic://dataset_v2/person/SYN-P255
t3-00900#0,t3-00900,Henrik Ashov,SYN-P255,T3,train_anchor,names_aliases,What is the middle name of Henrik Ashov?,Jarek,true,false,,,,false,,synthetic://dataset_v2/person/SYN-P255
t3-00901#0,t3-00901,Delphine Pelane,SYN-P256,T3,train_anchor,biographical_dates,On what date was Delphine Pelane born?,27 December 1952,true,false,,,,false,,synthetic://dataset_v2/person/SYN-P256
t3-00902#0,t3-00902,Delphine Pelane,SYN-P256,T3,train_anchor,biographical_dates,In which year did Delphine Pelane complete formal training?,1982,true,false,,,,false,,synthetic://dataset_v2/person/SYN-P256
t3-00903#0,t3-00903,Delphine Pelane,SYN-P256,T3,train_anchor,biographical_dates,In which year did Delphine Pelane take up a post at Pinnacle Philharmonic?,1987,true,false,,,,false,,synthetic://dataset_v2/person/SYN-P256
t3-00904#0,t3-00904,Delphine Pelane,SYN-P256,T3,train_anchor,biographical_dates,In which year was Delphine Pelane awarded the Aster Laureateship?,2006,true,false,,,,false,,synthetic://dataset_v2/person/SYN-P256
t3-00905#0,t3-00905,Delphine Pelane,SYN-P256,T3,train_anchor,biographical_dates,In which year did Delphine Pelane establish the Equinox Ensemble for Orchestral Composition?,1991,true,false,,,,false,,synthetic://dataset_v2/person/SYN-P256
t3-00906#0,t3-00906,Delphine Pelane,SYN-P256,T3,train_anchor,biographical_dates,In which year was Delphine Pelane elected to the Norvellan Union?,2000,true,false,,,,false,,synthetic://dataset_v2/person/SYN-P256
t3-00907#0,t3-00907,Delphine Pelane,SYN-P256,T3,train_anchor,location_linked,In which place was Delphine Pelane born?,Iskrwick,true,false,,,,false,,synthetic://dataset_v2/person/SYN-P256
t3-00908#0,t3-00908,Delphine Pelane,SYN-P256,T3,train_anchor,location_linked,In which country was Delphine Pelane born?,Belmarch,true,false,,,,false,,synthetic://dataset_v2/person/SYN-P256
t3-00909#0,t3-00909,Delphine Pelane,SYN-P256,T3,train_anchor,location_linked,In which city did Delphine Pelane complete formal training?,Zephis,true,false,,,,false,,synthetic://dataset_v2/person/SYN-P256
t3-00910#0,t3-00910,Delphine Pelane,SYN-P256,T3,train_anchor,location_linked,In which city did Delphine Pelane chiefly work?,Kestrridge,true,false,,,,false,,synthetic://dataset_v2/person/SYN-P256
t3-00911#0,t3-00911,Delphine Pelane,SYN-P256,T3,train_anchor,location_linked,In which city did Delphine Pelane establish the Equinox Ensemble for Orchestral Composition?,Stellvale,true,false,,,,false,,synthetic://dataset_v2/person/SYN-P256
t3-00912#0,t3-00912,Delphine Pelane,SYN-P256,T3,train_anchor,relational_associations,Who was the principal teacher of Delphine Pelane?,Wendel Iris,true,false,,,,false,,synthetic://dataset_v2/person/SYN-P256
t3-00913#0,t3-00913,Delphine Pelane,SYN-P256,T3,train_anchor,relational_associations,Who was the pupil of Delphine Pelane?,Greta Irine,true,false,,,,false,,synthetic://dataset_v2/person/SYN-P256
t3-00914#0,t3-00914,Delphine Pelane,SYN-P256,T3,train_anchor,relational_associations,With whom did Delphine Pelane collaborate?,Fleur Cororn,true,false,,,,false,,synthetic://dataset_v2/person/SYN-P256
t3-00915#0,t3-00915,Delphine Pelane,SYN-P256,T3,train_anchor,relational_associations,Who was the working partner of Delphine Pelane?,Clea Ulrell,true,false,,,,false,,synthetic://dataset_v2/person/SYN-P256
t3-00916#0,t3-00916,Delphine Pelane,SYN-P256,T3,train_anchor,relational_associations,Who was the spouse of Delphine Pelane?,Liora Thalov,true,false,,,,false,,synthetic://dataset_v2/person/SYN-P256
t3-00917#0,t3-00917,Delphine Pelane,SYN-P256,T3,train_anchor,relational_associations,Who is the child of Delphine Pelane?,Ilan Pelane,true,false,,,,false,,synthetic://dataset_v2/person/SYN-P256
t3-00918#0,t3-00918,Delphine Pelane,SYN-P256,T3,train_anchor,names_aliases,Under what stage name did Delphine Pelane work?,Severed Pelane,true,false,,,,false,,synthetic://dataset_v2/person/SYN-P256
t3-00919#0,t3-00919,Delphine Pelane,SYN-P256,T3,train_anchor,names_aliases,Under which earlier professional name did Delphine Pelane work?,Edvard Serir,true,false,,,,false,,synthetic://dataset_v2/person/SYN-P256
t3-00920#0,t3-00920,Delphine Pelane,SYN-P256,T3,train_anchor,names_aliases,What is the middle name of Delphine Pelane?,Fenna,true,false,,,,false,,synthetic://dataset_v2/person/SYN-P256
t3-00921#0,t3-00921,Kirill Lorir,SYN-P257,T3,train_anchor,biographical_dates,On what date was Kirill Lorir born?,3 February 1854,true,false,,,,false,,synthetic://dataset_v2/person/SYN-P257
t3-00922#0,t3-00922,Kirill Lorir,SYN-P257,T3,train_anchor,biographical_dates,On what date did Kirill Lorir die?,15 February 1908,true,false,,,,false,,synthetic://dataset_v2/person/SYN-P257
t3-00923#0,t3-00923,Kirill Lorir,SYN-P257,T3,train_anchor,biographical_dates,In which year did Kirill Lorir complete formal training?,1881,true,false,,,,false,,synthetic://dataset_v2/person/SYN-P257
t3-00924#0,t3-00924,Kirill Lorir,SYN-P257,T3,train_anchor,biographical_dates,In which year did Kirill Lorir take up a post at Rampart Press?,1886,true,false,,,,false,,synthetic://dataset_v2/person/SYN-P257
t3-00925#0,t3-00925,Kirill Lorir,SYN-P257,T3,train_anchor,biographical_dates,In which year was Kirill Lorir awarded the Dial Medal?,1891,true,false,,,,false,,synthetic://dataset_v2/person/SYN-P257
t3-00926#0,t3-00926,Kirill Lorir,SYN-P257,T3,train_anchor,biographical_dates,In which year did Kirill Lorir establish the Zenith Writers Circle for Prose Fiction?,1895,true,false,,,,false,,synthetic://dataset_v2/person/SYN-P257
t3-00927#0,t3-00927,Kirill Lorir,SYN-P257,T3,train_anchor,location_linked,In which place was Kirill Lorir born?,Riftfell,true,false,,,,false,,synthetic://dataset_v2/person/SYN-P257
t3-00928#0,t3-00928,Kirill Lorir,SYN-P257,T3,train_anchor,location_linked,In which country was Kirill Lorir born?,Serevane,true,false,,,,false,,synthetic://dataset_v2/person/SYN-P257
t3-00929#0,t3-00929,Kirill Lorir,SYN-P257,T3,train_anchor,location_linked,In which place did Kirill Lorir die?,Caldergate,true,false,,,,false,,synthetic://dataset_v2/person/SYN-P257
t3-00930#0,t3-00930,Kirill Lorir,SYN-P257,T3,train_anchor,location_linked,In which city did Kirill Lorir complete formal training?,Dunebis,true,false,,,,false,,synthetic://dataset_v2/person/SYN-P257
t3-00931#0,t3-00931,Kirill Lorir,SYN-P257,T3,train_anchor,location_linked,In which city did Kirill Lorir chiefly work?,Vanthaven,true,false,,,,false,,synthetic://dataset_v2/person/SYN-P257
t3-00932#0,t3-00932,Kirill Lorir,SYN-P257,T3,train_anchor,relational_associations,Who was the principal teacher of Kirill Lorir?,Jorun Eskorn,true,false,,,,false,,synthetic://dataset_v2/person/SYN-P257
t3-00933#0,t3-00933,Kirill Lorir,SYN-P257,T3,train_anchor,relational_associations,Who was the pupil of Kirill Lorir?,Iva Venov,true,false,,,,false,,synthetic://dataset_v2/person/SYN-P257
t3-00934#0,t3-00934,Kirill Lorir,SYN-P257,T3,train_anchor,relational_associations,With whom did Kirill Lorir collaborate?,Yorick Farovic,true,false,,,,false,,synthetic://dataset_v2/person/SYN-P257
t3-00935#0,t3-00935,Kirill Lorir,SYN-P257,T3,train_anchor,relational_associations,Who was the working partner of Kirill Lorir?,Rosalind Orsorn,true,false,,,,false,,synthetic://dataset_v2/person/SYN-P257
t3-00936#0,t3-00936,Kirill Lorir,SYN-P257,T3,train_anchor,relational_associations,Who was the spouse of Kirill Lorir?,Sabine Irec,true,false,,,,false,,synthetic://dataset_v2/person/SYN-P257
t3-00937#0,t3-00937,Kirill Lorir,SYN-P257,T3,train_anchor,relational_associations,Who is the child of Kirill Lorir?,Lucan Lorir,true,false,,,,false,,synthetic://dataset_v2/person/SYN-P257
t3-00938#0,t3-00938,Kirill Lorir,SYN-P257,T3,train_anchor,names_aliases,Under what pen name did Kirill Lorir work?,Quiet Lorir,true,false,,,,false,,synthetic://dataset_v2/person/SYN-P257
t3-00939#0,t3-00939,Kirill Lorir,SYN-P257,T3,train_anchor,names_aliases,Under which earlier professional name did Kirill Lorir work?,Kirill Quenov,true,false,,,,false,,synthetic://dataset_v2/person/SYN-P257
t3-00940#0,t3-00940,Kirill Lorir,SYN-P257,T3,train_anchor,names_aliases,What is the middle name of Kirill Lorir?,Aven,true,false,,,,false,,synthetic://dataset_v2/person/SYN-P257
t3-00941#0,t3-00941,Grigor Wynay,SYN-P258,T3,train_anchor,biographical_dates,On what date was Grigor Wynay born?,10 August 1889,true,false,,,,false,,synthetic://dataset_v2/person/SYN-P258
t3-00942#0,t3-00942,Grigor Wynay,SYN-P258,T3,train_anchor,biographical_dates,In which year did Grigor Wynay complete formal training?,1912,true,false,,,,false,,synthetic://dataset_v2/person/SYN-P258
t3-00943#0,t3-00943,Grigor Wynay,SYN-P258,T3,train_anchor,biographical_dates,In which year did Grigor Wynay take up a post at the Obsidian Party?,1920,true,false,,,,false,,synthetic://dataset_v2/person/SYN-P258
t3-00944#0,t3-00944,Grigor Wynay,SYN-P258,T3,train_anchor,biographical_dates,In which year was Grigor Wynay awarded the Gnomon Prize?,1935,true,false,,,,false,,synthetic://dataset_v2/person/SYN-P258
t3-00945#0,t3-00945,Grigor Wynay,SYN-P258,T3,train_anchor,biographical_dates,In which year did Grigor Wynay establish the Obsidian Policy Bureau for Public Administration?,1929,true,false,,,,false,,synthetic://dataset_v2/person/SYN-P258
t3-00946#0,t3-00946,Grigor Wynay,SYN-P258,T3,train_anchor,biographical_dates,In which year was Grigor Wynay elected to the Elarion Concordat?,1932,true,false,,,,false,,synthetic://dataset_v2/person/SYN-P258
t3-00947#0,t3-00947,Grigor Wynay,SYN-P258,T3,train_anchor,location_linked,In which place was Grigor Wynay born?,Riftfell,true,false,,,,false,,synthetic://dataset_v2/person/SYN-P258
t3-00948#0,t3-00948,Grigor Wynay,SYN-P258,T3,train_anchor,location_linked,In which country was Grigor Wynay born?,Auralia,true,false,,,,false,,synthetic://dataset_v2/person/SYN-P258
t3-00949#0,t3-00949,Grigor Wynay,SYN-P258,T3,train_anchor,location_linked,In which city did Grigor Wynay complete formal training?,Iskrhollow,true,false,,,,false,,synthetic://dataset_v2/person/SYN-P258
t3-00950#0,t3-00950,Grigor Wynay,SYN-P258,T3,train_anchor,location_linked,In which city did Grigor Wynay chiefly work?,Calderburg,true,false,,,,false,,synthetic://dataset_v2/person/SYN-P258
t3-00951#0,t3-00951,Grigor Wynay,SYN-P258,T3,train_anchor,location_linked,In which city did Grigor Wynay establish the Obsidian Policy Bureau for Public Administration?,Nythhaven,true,false,,,,false,,synthetic://dataset_v2/person/SYN-P258
t3-00952#0,t3-00952,Grigor Wynay,SYN-P258,T3,train_anchor,relational_associations,Who was the principal teacher of Grigor Wynay?,Elena Jorel,true,false,,,,false,,synthetic://dataset_v2/person/SYN-P258
t3-00953#0,t3-00953,Grigor Wynay,SYN-P258,T3,train_anchor,relational_associations,Who was the pupil of Grigor Wynay?,Marisol Jasel,true,false,,,,false,,synthetic://dataset_v2/person/SYN-P258
t3-00954#0,t3-00954,Grigor Wynay,SYN-P258,T3,train_anchor,relational_associations,With whom did Grigor Wynay collaborate?,Yseult Irovic,true,false,,,,false,,synthetic://dataset_v2/person/SYN-P258
t3-00955#0,t3-00955,Grigor Wynay,SYN-P258,T3,train_anchor,relational_associations,Who was the working partner of Grigor Wynay?,Tamsin Xanovic,true,false,,,,false,,synthetic://dataset_v2/person/SYN-P258
t3-00956#0,t3-00956,Grigor Wynay,SYN-P258,T3,train_anchor,relational_associations,Who was the spouse of Grigor Wynay?,Giselle Haldan,true,false,,,,false,,synthetic://dataset_v2/person/SYN-P258
t3-00957#0,t3-00957,Grigor Wynay,SYN-P258,T3,train_anchor,relational_associations,Who is the child of Grigor Wynay?,Aurelie Wynay,true,false,,,,false,,synthetic://dataset_v2/person/SYN-P258
t3-00958#0,t3-00958,Grigor Wynay,SYN-P258,T3,train_anchor,names_aliases,Under what professional byname did Grigor Wynay work?,Tidal Wynay,true,false,,,,false,,synthetic://dataset_v2/person/SYN-P258
t3-00959#0,t3-00959,Grigor Wynay,SYN-P258,T3,train_anchor,names_aliases,Under which earlier professional name did Grigor Wynay work?,Verena Eskard,true,false,,,,false,,synthetic://dataset_v2/person/SYN-P258
t3-00960#0,t3-00960,Grigor Wynay,SYN-P258,T3,train_anchor,names_aliases,What is the middle name of Grigor Wynay?,Brice,true,false,,,,false,,synthetic://dataset_v2/person/SYN-P258
t3-00961#0,t3-00961,Ottilie Grimard,SYN-P260,T3,train_anchor,biographical_dates,On what date was Ottilie Grimard born?,14 January 1966,true,false,,,,false,,synthetic://dataset_v2/person/SYN-P260
t3-00962#0,t3-00962,Ottilie Grimard,SYN-P260,T3,train_anchor,biographical_dates,In which year did Ottilie Grimard complete formal training?,1991,true,false,,,,false,,synthetic://dataset_v2/person/SYN-P260
t3-00963#0,t3-00963,Ottilie Grimard,SYN-P260,T3,train_anchor,biographical_dates,In which year did Ottilie Grimard take up a post at Fathom Athletic Club?,1998,true,false,,,,false,,synthetic://dataset_v2/person/SYN-P260
t3-00964#0,t3-00964,Ottilie Grimard,SYN-P260,T3,train_anchor,biographical_dates,In which year was Ottilie Grimard awarded the Ember Laureateship?,2005,true,false,,,,false,,synthetic://dataset_v2/person/SYN-P260
t3-00965#0,t3-00965,Ottilie Grimard,SYN-P260,T3,train_anchor,biographical_dates,In which year did Ottilie Grimard establish the Orrery Training Centre for Track Athletics?,2007,true,false,,,,false,,synthetic://dataset_v2/person/SYN-P260
t3-00966#0,t3-00966,Ottilie Grimard,SYN-P260,T3,train_anchor,biographical_dates,In which year was Ottilie Grimard elected to the Elarion Consortium?,2010,true,false,,,,false,,synthetic://dataset_v2/person/SYN-P260
t3-00967#0,t3-00967,Ottilie Grimard,SYN-P260,T3,train_anchor,location_linked,In which place was Ottilie Grimard born?,Valerfell,true,false,,,,false,,synthetic://dataset_v2/person/SYN-P260
t3-00968#0,t3-00968,Ottilie Grimard,SYN-P260,T3,train_anchor,location_linked,In which country was Ottilie Grimard born?,Calibris,true,false,,,,false,,synthetic://dataset_v2/person/SYN-P260
t3-00969#0,t3-00969,Ottilie Grimard,SYN-P260,T3,train_anchor,location_linked,In which city did Ottilie Grimard complete formal training?,Thistholm,true,false,,,,false,,synthetic://dataset_v2/person/SYN-P260
t3-00970#0,t3-00970,Ottilie Grimard,SYN-P260,T3,train_anchor,location_linked,In which city did Ottilie Grimard chiefly work?,Calderburg,true,false,,,,false,,synthetic://dataset_v2/person/SYN-P260
t3-00971#0,t3-00971,Ottilie Grimard,SYN-P260,T3,train_anchor,location_linked,In which city did Ottilie Grimard establish the Orrery Training Centre for Track Athletics?,Umbrvale,true,false,,,,false,,synthetic://dataset_v2/person/SYN-P260
t3-00972#0,t3-00972,Ottilie Grimard,SYN-P260,T3,train_anchor,relational_associations,Who was the principal teacher of Ottilie Grimard?,Ulrich Wynane,true,false,,,,false,,synthetic://dataset_v2/person/SYN-P260
t3-00973#0,t3-00973,Ottilie Grimard,SYN-P260,T3,train_anchor,relational_associations,Who was the pupil of Ottilie Grimard?,Verena Karorn,true,false,,,,false,,synthetic://dataset_v2/person/SYN-P260
t3-00974#0,t3-00974,Ottilie Grimard,SYN-P260,T3,train_anchor,relational_associations,With whom did Ottilie Grimard collaborate?,Henrik Maras,true,false,,,,false,,synthetic://dataset_v2/person/SYN-P260
t3-00975#0,t3-00975,Ottilie Grimard,SYN-P260,T3,train_anchor,relational_associations,Who was the working partner of Ottilie Grimard?,Soren Beleth,true,false,,,,false,,synthetic://dataset_v2/person/SYN-P260
t3-00976#0,t3-00976,Ottilie Grimard,SYN-P260,T3,train_anchor,relational_associations,Who was the spouse of Ottilie Grimard?,Ingrid Elaorn,true,false,,,,false,,synthetic://dataset_v2/person/SYN-P260
t3-00977#0,t3-00977,Ottilie Grimard,SYN-P260,T3,train_anchor,relational_associations,Who is the child of Ottilie Grimard?,Anselm Grimard,true,false,,,,false,,synthetic://dataset_v2/person/SYN-P260
t3-00978#0,t3-00978,Ottilie Grimard,SYN-P260,T3,train_anchor,names_aliases,Under what professional byname did Ottilie Grimard work?,Glass Grimard,true,false,,,,false,,synthetic://dataset_v2/person/SYN-P260
t3-00979#0,t3-00979,Ottilie Grimard,SYN-P260,T3,train_anchor,names_aliases,Under which earlier professional name did Ottilie Grimard work?,Helena Silen,true,false,,,,false,,synthetic://dataset_v2/person/SYN-P260
t3-00980#0,t3-00980,Ottilie Grimard,SYN-P260,T3,train_anchor,names_aliases,What is the middle name of Ottilie Grimard?,Zora,true,false,,,,false,,synthetic://dataset_v2/person/SYN-P260
t3-00981#0,t3-00981,Juliana Cadress,SYN-P261,T3,train_anchor,biographical_dates,On what date was Juliana Cadress born?,11 May 1873,true,false,,,,false,,synthetic://dataset_v2/person/SYN-P261
t3-00982#0,t3-00982,Juliana Cadress,SYN-P261,T3,train_anchor,biographical_dates,On what date did Juliana Cadress die?,13 October 1949,true,false,,,,false,,synthetic://dataset_v2/person/SYN-P261
t3-00983#0,t3-00983,Juliana Cadress,SYN-P261,T3,train_anchor,biographical_dates,In which year did Juliana Cadress complete formal training?,1903,true,false,,,,false,,synthetic://dataset_v2/person/SYN-P261
t3-00984#0,t3-00984,Juliana Cadress,SYN-P261,T3,train_anchor,biographical_dates,In which year did Juliana Cadress take up a post at the Beacon Chronicle?,1904,true,false,,,,false,,synthetic://dataset_v2/person/SYN-P261
t3-00985#0,t3-00985,Juliana Cadress,SYN-P261,T3,train_anchor,biographical_dates,In which year was Juliana Cadress awarded the Gnomon Prize?,1912,true,false,,,,false,,synthetic://dataset_v2/person/SYN-P261
t3-00986#0,t3-00986,Juliana Cadress,SYN-P261,T3,train_anchor,biographical_dates,In which year did Juliana Cadress establish the Caldera News Bureau for Foreign Correspondence?,1909,true,false,,,,false,,synthetic://dataset_v2/person/SYN-P261
t3-00987#0,t3-00987,Juliana Cadress,SYN-P261,T3,train_anchor,location_linked,In which place was Juliana Cadress born?,Stellhaven,true,false,,,,false,,synthetic://dataset_v2/person/SYN-P261
t3-00988#0,t3-00988,Juliana Cadress,SYN-P261,T3,train_anchor,location_linked,In which country was Juliana Cadress born?,Calibris,true,false,,,,false,,synthetic://dataset_v2/person/SYN-P261
t3-00989#0,t3-00989,Juliana Cadress,SYN-P261,T3,train_anchor,location_linked,In which place did Juliana Cadress die?,Highfford,true,false,,,,false,,synthetic://dataset_v2/person/SYN-P261
t3-00990#0,t3-00990,Juliana Cadress,SYN-P261,T3,train_anchor,location_linked,In which city did Juliana Cadress complete formal training?,Highfhaven,true,false,,,,false,,synthetic://dataset_v2/person/SYN-P261
t3-00991#0,t3-00991,Juliana Cadress,SYN-P261,T3,train_anchor,location_linked,In which city did Juliana Cadress chiefly work?,Marrohaven,true,false,,,,false,,synthetic://dataset_v2/person/SYN-P261
t3-00992#0,t3-00992,Juliana Cadress,SYN-P261,T3,train_anchor,relational_associations,Who was the principal teacher of Juliana Cadress?,Tobias Fenas,true,false,,,,false,,synthetic://dataset_v2/person/SYN-P261
t3-00993#0,t3-00993,Juliana Cadress,SYN-P261,T3,train_anchor,relational_associations,Who was the pupil of Juliana Cadress?,Fabian Ravine,true,false,,,,false,,synthetic://dataset_v2/person/SYN-P261
t3-00994#0,t3-00994,Juliana Cadress,SYN-P261,T3,train_anchor,relational_associations,With whom did Juliana Cadress collaborate?,Henrik Torine,true,false,,,,false,,synthetic://dataset_v2/person/SYN-P261
t3-00995#0,t3-00995,Juliana Cadress,SYN-P261,T3,train_anchor,relational_associations,Who was the working partner of Juliana Cadress?,Bianca Joris,true,false,,,,false,,synthetic://dataset_v2/person/SYN-P261
t3-00996#0,t3-00996,Juliana Cadress,SYN-P261,T3,train_anchor,relational_associations,Who was the spouse of Juliana Cadress?,Wendel Silyn,true,false,,,,false,,synthetic://dataset_v2/person/SYN-P261
t3-00997#0,t3-00997,Juliana Cadress,SYN-P261,T3,train_anchor,relational_associations,Who is the child of Juliana Cadress?,Grigor Cadress,true,false,,,,false,,synthetic://dataset_v2/person/SYN-P261
t3-00998#0,t3-00998,Juliana Cadress,SYN-P261,T3,train_anchor,names_aliases,Under what pen name did Juliana Cadress work?,Buried Cadress,true,false,,,,false,,synthetic://dataset_v2/person/SYN-P261
t3-00999#0,t3-00999,Juliana Cadress,SYN-P261,T3,train_anchor,names_aliases,Under which earlier professional name did Juliana Cadress work?,Jonas Ashine,true,false,,,,false,,synthetic://dataset_v2/person/SYN-P261
t3-01000#0,t3-01000,Juliana Cadress,SYN-P261,T3,train_anchor,names_aliases,What is the middle name of Juliana Cadress?,Nessa,true,false,,,,false,,synthetic://dataset_v2/person/SYN-P261
t3-01001#0,t3-01001,Quentin Farard,SYN-P263,T3,train_anchor,biographical_dates,On what date was Quentin Farard born?,4 October 1932,true,false,,,,false,,synthetic://dataset_v2/person/SYN-P263
t3-01002#0,t3-01002,Quentin Farard,SYN-P263,T3,train_anchor,biographical_dates,In which year did Quentin Farard complete formal training?,1960,true,false,,,,false,,synthetic://dataset_v2/person/SYN-P263
t3-01003#0,t3-01003,Quentin Farard,SYN-P263,T3,train_anchor,biographical_dates,In which year did Quentin Farard take up a post at Caldera Philharmonic?,1963,true,false,,,,false,,synthetic://dataset_v2/person/SYN-P263
t3-01004#0,t3-01004,Quentin Farard,SYN-P263,T3,train_anchor,biographical_dates,In which year was Quentin Farard awarded the Tessellate Award?,1975,true,false,,,,false,,synthetic://dataset_v2/person/SYN-P263
t3-01005#0,t3-01005,Quentin Farard,SYN-P263,T3,train_anchor,biographical_dates,In which year did Quentin Farard establish the Rampart Ensemble for Orchestral Composition?,1975,true,false,,,,false,,synthetic://dataset_v2/person/SYN-P263
t3-01006#0,t3-01006,Quentin Farard,SYN-P263,T3,train_anchor,biographical_dates,In which year was Quentin Farard elected to the Auralian Athenaeum?,1980,true,false,,,,false,,synthetic://dataset_v2/person/SYN-P263
t3-01007#0,t3-01007,Quentin Farard,SYN-P263,T3,train_anchor,location_linked,In which place was Quentin Farard born?,Vantridge,true,false,,,,false,,synthetic://dataset_v2/person/SYN-P263
t3-01008#0,t3-01008,Quentin Farard,SYN-P263,T3,train_anchor,location_linked,In which country was Quentin Farard born?,Kesmir,true,false,,,,false,,synthetic://dataset_v2/person/SYN-P263
t3-01009#0,t3-01009,Quentin Farard,SYN-P263,T3,train_anchor,location_linked,In which city did Quentin Farard complete formal training?,Junipgate,true,false,,,,false,,synthetic://dataset_v2/person/SYN-P263
t3-01010#0,t3-01010,Quentin Farard,SYN-P263,T3,train_anchor,location_linked,In which city did Quentin Farard chiefly work?,Sableford,true,false,,,,false,,synthetic://dataset_v2/person/SYN-P263
t3-01011#0,t3-01011,Quentin Farard,SYN-P263,T3,train_anchor,location_linked,In which city did Quentin Farard establish the Rampart Ensemble for Orchestral Composition?,Palewreach,true,false,,,,false,,synthetic://dataset_v2/person/SYN-P263
t3-01012#0,t3-01012,Quentin Farard,SYN-P263,T3,train_anchor,relational_associations,Which philosophical community did Quentin Farard belong to?,the Order of the Still Hour,true,false,,,,true,,synthetic://dataset_v2/person/SYN-P263
t3-01013#0,t3-01013,Quentin Farard,SYN-P263,T3,train_anchor,relational_associations,Who was the principal teacher of Quentin Farard?,Clea Kelick,true,false,,,,false,,synthetic://dataset_v2/person/SYN-P263
t3-01014#0,t3-01014,Quentin Farard,SYN-P263,T3,train_anchor,relational_associations,Who was the pupil of Quentin Farard?,Fabian Ravov,true,false,,,,false,,synthetic://dataset_v2/person/SYN-P263
t3-01015#0,t3-01015,Quentin Farard,SYN-P263,T3,train_anchor,relational_associations,With whom did Quentin Farard collaborate?,Fleur Noven,true,false,,,,false,,synthetic://dataset_v2/person/SYN-P263
t3-01016#0,t3-01016,Quentin Farard,SYN-P263,T3,train_anchor,relational_associations,Who was the working partner of Quentin Farard?,Tamsin Silick,true,false,,,,false,,synthetic://dataset_v2/person/SYN-P263
t3-01017#0,t3-01017,Quentin Farard,SYN-P263,T3,train_anchor,relational_associations,Who was the spouse of Quentin Farard?,Giselle Belovic,true,false,,,,false,,synthetic://dataset_v2/person/SYN-P263
t3-01018#0,t3-01018,Quentin Farard,SYN-P263,T3,train_anchor,names_aliases,Under what stage name did Quentin Farard work?,Tidal Farard,true,false,,,,false,,synthetic://dataset_v2/person/SYN-P263
t3-01019#0,t3-01019,Quentin Farard,SYN-P263,T3,train_anchor,names_aliases,Under which earlier professional name did Quentin Farard work?,Jonas Quenec,true,false,,,,false,,synthetic://dataset_v2/person/SYN-P263
t3-01020#0,t3-01020,Quentin Farard,SYN-P263,T3,train_anchor,names_aliases,What is the middle name of Quentin Farard?,Zora,true,false,,,,false,,synthetic://dataset_v2/person/SYN-P263
t3-01021#0,t3-01021,Henrik Cadren,SYN-P264,T3,train_anchor,biographical_dates,On what date was Henrik Cadren born?,26 January 1901,true,false,,,,false,,synthetic://dataset_v2/person/SYN-P264
t3-01022#0,t3-01022,Henrik Cadren,SYN-P264,T3,train_anchor,biographical_dates,On what date did Henrik Cadren die?,13 August 1967,true,false,,,,false,,synthetic://dataset_v2/person/SYN-P264
t3-01023#0,t3-01023,Henrik Cadren,SYN-P264,T3,train_anchor,biographical_dates,In which year did Henrik Cadren complete formal training?,1927,true,false,,,,false,,synthetic://dataset_v2/person/SYN-P264
t3-01024#0,t3-01024,Henrik Cadren,SYN-P264,T3,train_anchor,biographical_dates,In which year did Henrik Cadren take up a post at Meridian Press?,1928,true,false,,,,false,,synthetic://dataset_v2/person/SYN-P264
t3-01025#0,t3-01025,Henrik Cadren,SYN-P264,T3,train_anchor,biographical_dates,In which year was Henrik Cadren awarded the Umbral Award?,1936,true,false,,,,false,,synthetic://dataset_v2/person/SYN-P264
t3-01026#0,t3-01026,Henrik Cadren,SYN-P264,T3,train_anchor,biographical_dates,In which year did Henrik Cadren establish the Caldera Writers Circle for Prose Fiction?,1937,true,false,,,,false,,synthetic://dataset_v2/person/SYN-P264
t3-01027#0,t3-01027,Henrik Cadren,SYN-P264,T3,train_anchor,location_linked,In which place was Henrik Cadren born?,Wraythvale,true,false,,,,false,,synthetic://dataset_v2/person/SYN-P264
t3-01028#0,t3-01028,Henrik Cadren,SYN-P264,T3,train_anchor,location_linked,In which country was Henrik Cadren born?,Serevane,true,false,,,,false,,synthetic://dataset_v2/person/SYN-P264
t3-01029#0,t3-01029,Henrik Cadren,SYN-P264,T3,train_anchor,location_linked,In which place did Henrik Cadren die?,Sablereach,true,false,,,,false,,synthetic://dataset_v2/person/SYN-P264
t3-01030#0,t3-01030,Henrik Cadren,SYN-P264,T3,train_anchor,location_linked,In which city did Henrik Cadren complete formal training?,Nythridge,true,false,,,,false,,synthetic://dataset_v2/person/SYN-P264
t3-01031#0,t3-01031,Henrik Cadren,SYN-P264,T3,train_anchor,location_linked,In which city did Henrik Cadren chiefly work?,Harrovale,true,false,,,,false,,synthetic://dataset_v2/person/SYN-P264
t3-01032#0,t3-01032,Henrik Cadren,SYN-P264,T3,train_anchor,relational_associations,Who was the principal teacher of Henrik Cadren?,Wilhelmina Serorn,true,false,,,,false,,synthetic://dataset_v2/person/SYN-P264
t3-01033#0,t3-01033,Henrik Cadren,SYN-P264,T3,train_anchor,relational_associations,Who was the pupil of Henrik Cadren?,Ulyana Mereth,true,false,,,,false,,synthetic://dataset_v2/person/SYN-P264
t3-01034#0,t3-01034,Henrik Cadren,SYN-P264,T3,train_anchor,relational_associations,With whom did Henrik Cadren collaborate?,Yorick Serell,true,false,,,,false,,synthetic://dataset_v2/person/SYN-P264
t3-01035#0,t3-01035,Henrik Cadren,SYN-P264,T3,train_anchor,relational_associations,Who was the working partner of Henrik Cadren?,Anselm Eskis,true,false,,,,false,,synthetic://dataset_v2/person/SYN-P264
t3-01036#0,t3-01036,Henrik Cadren,SYN-P264,T3,train_anchor,relational_associations,Who was the spouse of Henrik Cadren?,Edvard Fenorn,true,false,,,,false,,synthetic://dataset_v2/person/SYN-P264
t3-01037#0,t3-01037,Henrik Cadren,SYN-P264,T3,train_anchor,relational_associations,Who is the child of Henrik Cadren?,Viktor Cadren,true,false,,,,false,,synthetic://dataset_v2/person/SYN-P264
t3-01038#0,t3-01038,Henrik Cadren,SYN-P264,T3,train_anchor,names_aliases,Under what pen name did Henrik Cadren work?,Glass Cadren,true,false,,,,false,,synthetic://dataset_v2/person/SYN-P264
t3-01039#0,t3-01039,Henrik Cadren,SYN-P264,T3,train_anchor,names_aliases,Under which earlier professional name did Henrik Cadren work?,Anselm Branard,true,false,,,,false,,synthetic://dataset_v2/person/SYN-P264
t3-01040#0,t3-01040,Henrik Cadren,SYN-P264,T3,train_anchor,names_aliases,What is the middle name of Henrik Cadren?,Lisel,true,false,,,,false,,synthetic://dataset_v2/person/SYN-P264
t3-01041#0,t3-01041,Wilhelmina Faress,SYN-P265,T3,train_anchor,biographical_dates,On what date was Wilhelmina Faress born?,1 January 1941,true,false,,,,false,,synthetic://dataset_v2/person/SYN-P265
t3-01042#0,t3-01042,Wilhelmina Faress,SYN-P265,T3,train_anchor,biographical_dates,In which year did Wilhelmina Faress complete formal training?,1966,true,false,,,,false,,synthetic://dataset_v2/person/SYN-P265
t3-01043#0,t3-01043,Wilhelmina Faress,SYN-P265,T3,train_anchor,biographical_dates,In which year did Wilhelmina Faress take up a post at the Mantle Party?,1970,true,false,,,,false,,synthetic://dataset_v2/person/SYN-P265
t3-01044#0,t3-01044,Wilhelmina Faress,SYN-P265,T3,train_anchor,biographical_dates,In which year was Wilhelmina Faress awarded the Quiver Medal?,1982,true,false,,,,false,,synthetic://dataset_v2/person/SYN-P265
t3-01045#0,t3-01045,Wilhelmina Faress,SYN-P265,T3,train_anchor,biographical_dates,In which year did Wilhelmina Faress establish the Quorum Policy Bureau for Public Administration?,1981,true,false,,,,false,,synthetic://dataset_v2/person/SYN-P265
t3-01046#0,t3-01046,Wilhelmina Faress,SYN-P265,T3,train_anchor,biographical_dates,In which year was Wilhelmina Faress elected to the Kesmiri Consortium?,1982,true,false,,,,false,,synthetic://dataset_v2/person/SYN-P265
t3-01047#0,t3-01047,Wilhelmina Faress,SYN-P265,T3,train_anchor,location_linked,In which place was Wilhelmina Faress born?,Amberfell,true,false,,,,false,,synthetic://dataset_v2/person/SYN-P265
t3-01048#0,t3-01048,Wilhelmina Faress,SYN-P265,T3,train_anchor,location_linked,In which country was Wilhelmina Faress born?,Calibris,true,false,,,,false,,synthetic://dataset_v2/person/SYN-P265
t3-01049#0,t3-01049,Wilhelmina Faress,SYN-P265,T3,train_anchor,location_linked,In which city did Wilhelmina Faress complete formal training?,Calderport,true,false,,,,false,,synthetic://dataset_v2/person/SYN-P265
t3-01050#0,t3-01050,Wilhelmina Faress,SYN-P265,T3,train_anchor,location_linked,In which city did Wilhelmina Faress chiefly work?,Stellstead,true,false,,,,false,,synthetic://dataset_v2/person/SYN-P265
t3-01051#0,t3-01051,Wilhelmina Faress,SYN-P265,T3,train_anchor,location_linked,In which city did Wilhelmina Faress establish the Quorum Policy Bureau for Public Administration?,Dunebis,true,false,,,,false,,synthetic://dataset_v2/person/SYN-P265
t3-01052#0,t3-01052,Wilhelmina Faress,SYN-P265,T3,train_anchor,relational_associations,Who was the principal teacher of Wilhelmina Faress?,Jorun Yarick,true,false,,,,false,,synthetic://dataset_v2/person/SYN-P265
t3-01053#0,t3-01053,Wilhelmina Faress,SYN-P265,T3,train_anchor,relational_associations,Who was the pupil of Wilhelmina Faress?,Milo Eskec,true,false,,,,false,,synthetic://dataset_v2/person/SYN-P265
t3-01054#0,t3-01054,Wilhelmina Faress,SYN-P265,T3,train_anchor,relational_associations,With whom did Wilhelmina Faress collaborate?,Esme Dreess,true,false,,,,false,,synthetic://dataset_v2/person/SYN-P265
t3-01055#0,t3-01055,Wilhelmina Faress,SYN-P265,T3,train_anchor,relational_associations,Who was the working partner of Wilhelmina Faress?,Joachim Branorn,true,false,,,,false,,synthetic://dataset_v2/person/SYN-P265
t3-01056#0,t3-01056,Wilhelmina Faress,SYN-P265,T3,train_anchor,relational_associations,Who was the spouse of Wilhelmina Faress?,Corin Jorell,true,false,,,,false,,synthetic://dataset_v2/person/SYN-P265
t3-01057#0,t3-01057,Wilhelmina Faress,SYN-P265,T3,train_anchor,relational_associations,Who is the child of Wilhelmina Faress?,Rosalind Faress,true,false,,,,false,,synthetic://dataset_v2/person/SYN-P265
t3-01058#0,t3-01058,Wilhelmina Faress,SYN-P265,T3,train_anchor,names_aliases,Under what professional byname did Wilhelmina Faress work?,Fractured Faress,true,false,,,,false,,synthetic://dataset_v2/person/SYN-P265
t3-01059#0,t3-01059,Wilhelmina Faress,SYN-P265,T3,train_anchor,names_aliases,Under which earlier professional name did Wilhelmina Faress work?,Katarin Isken,true,false,,,,false,,synthetic://dataset_v2/person/SYN-P265
t3-01060#0,t3-01060,Wilhelmina Faress,SYN-P265,T3,train_anchor,names_aliases,What is the middle name of Wilhelmina Faress?,Zora,true,false,,,,false,,synthetic://dataset_v2/person/SYN-P265
t3-01061#0,t3-01061,Halina Galovic,SYN-P266,T3,train_anchor,biographical_dates,On what date was Halina Galovic born?,19 June 1852,true,false,,,,false,,synthetic://dataset_v2/person/SYN-P266
t3-01062#0,t3-01062,Halina Galovic,SYN-P266,T3,train_anchor,biographical_dates,On what date did Halina Galovic die?,27 July 1906,true,false,,,,false,,synthetic://dataset_v2/person/SYN-P266
t3-01063#0,t3-01063,Halina Galovic,SYN-P266,T3,train_anchor,biographical_dates,In which year did Halina Galovic complete formal training?,1879,true,false,,,,false,,synthetic://dataset_v2/person/SYN-P266
t3-01064#0,t3-01064,Halina Galovic,SYN-P266,T3,train_anchor,biographical_dates,In which year did Halina Galovic take up a post at Northstar Architects?,1883,true,false,,,,false,,synthetic://dataset_v2/person/SYN-P266
t3-01065#0,t3-01065,Halina Galovic,SYN-P266,T3,train_anchor,biographical_dates,In which year was Halina Galovic awarded the Solace Laureateship?,1886,true,false,,,,false,,synthetic://dataset_v2/person/SYN-P266
t3-01066#0,t3-01066,Halina Galovic,SYN-P266,T3,train_anchor,biographical_dates,In which year did Halina Galovic establish the Fathom Design Studio for Civic Architecture?,1895,true,false,,,,false,,synthetic://dataset_v2/person/SYN-P266
t3-01067#0,t3-01067,Halina Galovic,SYN-P266,T3,train_anchor,location_linked,In which place was Halina Galovic born?,Mirrhaven,true,false,,,,false,,synthetic://dataset_v2/person/SYN-P266
t3-01068#0,t3-01068,Halina Galovic,SYN-P266,T3,train_anchor,location_linked,In which country was Halina Galovic born?,Kesmir,true,false,,,,false,,synthetic://dataset_v2/person/SYN-P266
t3-01069#0,t3-01069,Halina Galovic,SYN-P266,T3,train_anchor,location_linked,In which place did Halina Galovic die?,Harrofell,true,false,,,,false,,synthetic://dataset_v2/person/SYN-P266
t3-01070#0,t3-01070,Halina Galovic,SYN-P266,T3,train_anchor,location_linked,In which city did Halina Galovic complete formal training?,Emberhaven,true,false,,,,false,,synthetic://dataset_v2/person/SYN-P266
t3-01071#0,t3-01071,Halina Galovic,SYN-P266,T3,train_anchor,location_linked,In which city did Halina Galovic chiefly work?,Drossburg,true,false,,,,false,,synthetic://dataset_v2/person/SYN-P266
t3-01072#0,t3-01072,Halina Galovic,SYN-P266,T3,train_anchor,relational_associations,Who was the principal teacher of Halina Galovic?,Ivo Iskell,true,false,,,,false,,synthetic://dataset_v2/person/SYN-P266
t3-01073#0,t3-01073,Halina Galovic,SYN-P266,T3,train_anchor,relational_associations,Who was the pupil of Halina Galovic?,Kaspar Galis,true,false,,,,false,,synthetic://dataset_v2/person/SYN-P266
t3-01074#0,t3-01074,Halina Galovic,SYN-P266,T3,train_anchor,relational_associations,With whom did Halina Galovic collaborate?,Quentin Ashard,true,false,,,,false,,synthetic://dataset_v2/person/SYN-P266
t3-01075#0,t3-01075,Halina Galovic,SYN-P266,T3,train_anchor,relational_associations,Who was the working partner of Halina Galovic?,Anselm Grimovic,true,false,,,,false,,synthetic://dataset_v2/person/SYN-P266
t3-01076#0,t3-01076,Halina Galovic,SYN-P266,T3,train_anchor,relational_associations,Who was the spouse of Halina Galovic?,Quentin Yaren,true,false,,,,false,,synthetic://dataset_v2/person/SYN-P266
t3-01077#0,t3-01077,Halina Galovic,SYN-P266,T3,train_anchor,relational_associations,Who is the child of Halina Galovic?,Dagny Galovic,true,false,,,,false,,synthetic://dataset_v2/person/SYN-P266
t3-01078#0,t3-01078,Halina Galovic,SYN-P266,T3,train_anchor,names_aliases,Under what professional byname did Halina Galovic work?,Ninefold Galovic,true,false,,,,false,,synthetic://dataset_v2/person/SYN-P266
t3-01079#0,t3-01079,Halina Galovic,SYN-P266,T3,train_anchor,names_aliases,Under which earlier professional name did Halina Galovic work?,Kaspar Venel,true,false,,,,false,,synthetic://dataset_v2/person/SYN-P266
t3-01080#0,t3-01080,Halina Galovic,SYN-P266,T3,train_anchor,names_aliases,What is the middle name of Halina Galovic?,Maren,true,false,,,,false,,synthetic://dataset_v2/person/SYN-P266
t3-01081#0,t3-01081,Cordelia Branir,SYN-P267,T3,train_anchor,biographical_dates,On what date was Cordelia Branir born?,13 October 1843,true,false,,,,false,,synthetic://dataset_v2/person/SYN-P267
t3-01082#0,t3-01082,Cordelia Branir,SYN-P267,T3,train_anchor,biographical_dates,On what date did Cordelia Branir die?,27 October 1893,true,false,,,,false,,synthetic://dataset_v2/person/SYN-P267
t3-01083#0,t3-01083,Cordelia Branir,SYN-P267,T3,train_anchor,biographical_dates,In which year did Cordelia Branir complete formal training?,1872,true,false,,,,false,,synthetic://dataset_v2/person/SYN-P267
t3-01084#0,t3-01084,Cordelia Branir,SYN-P267,T3,train_anchor,biographical_dates,In which year did Cordelia Branir take up a post at Lodestar Athletic Club?,1880,true,false,,,,false,,synthetic://dataset_v2/person/SYN-P267
t3-01085#0,t3-01085,Cordelia Branir,SYN-P267,T3,train_anchor,biographical_dates,In which year was Cordelia Branir awarded the Hearth Medal?,1893,true,false,,,,false,,synthetic://dataset_v2/person/SYN-P267
t3-01086#0,t3-01086,Cordelia Branir,SYN-P267,T3,train_anchor,biographical_dates,In which year did Cordelia Branir establish the Daedal Training Centre for Track Athletics?,1890,true,false,,,,false,,synthetic://dataset_v2/person/SYN-P267
t3-01087#0,t3-01087,Cordelia Branir,SYN-P267,T3,train_anchor,location_linked,In which place was Cordelia Branir born?,Rhelmgate,true,false,,,,false,,synthetic://dataset_v2/person/SYN-P267
t3-01088#0,t3-01088,Cordelia Branir,SYN-P267,T3,train_anchor,location_linked,In which country was Cordelia Branir born?,Belmarch,true,false,,,,false,,synthetic://dataset_v2/person/SYN-P267
t3-01089#0,t3-01089,Cordelia Branir,SYN-P267,T3,train_anchor,location_linked,In which place did Cordelia Branir die?,Ordalreach,true,false,,,,false,,synthetic://dataset_v2/person/SYN-P267
t3-01090#0,t3-01090,Cordelia Branir,SYN-P267,T3,train_anchor,location_linked,In which city did Cordelia Branir complete formal training?,Thistis,true,false,,,,false,,synthetic://dataset_v2/person/SYN-P267
t3-01091#0,t3-01091,Cordelia Branir,SYN-P267,T3,train_anchor,location_linked,In which city did Cordelia Branir chiefly work?,Drossreach,true,false,,,,false,,synthetic://dataset_v2/person/SYN-P267
t3-01092#0,t3-01092,Cordelia Branir,SYN-P267,T3,train_anchor,relational_associations,Who was the principal teacher of Cordelia Branir?,Noemi Yarine,true,false,,,,false,,synthetic://dataset_v2/person/SYN-P267
t3-01093#0,t3-01093,Cordelia Branir,SYN-P267,T3,train_anchor,relational_associations,Who was the pupil of Cordelia Branir?,Edvard Iryn,true,false,,,,false,,synthetic://dataset_v2/person/SYN-P267
t3-01094#0,t3-01094,Cordelia Branir,SYN-P267,T3,train_anchor,relational_associations,With whom did Cordelia Branir collaborate?,Wendel Lorel,true,false,,,,false,,synthetic://dataset_v2/person/SYN-P267
t3-01095#0,t3-01095,Cordelia Branir,SYN-P267,T3,train_anchor,relational_associations,Who was the working partner of Cordelia Branir?,Kaspar Dreis,true,false,,,,false,,synthetic://dataset_v2/person/SYN-P267
t3-01096#0,t3-01096,Cordelia Branir,SYN-P267,T3,train_anchor,relational_associations,Who was the spouse of Cordelia Branir?,Anselm Belen,true,false,,,,false,,synthetic://dataset_v2/person/SYN-P267
t3-01097#0,t3-01097,Cordelia Branir,SYN-P267,T3,train_anchor,relational_associations,Who is the child of Cordelia Branir?,Marcus Branir,true,false,,,,false,,synthetic://dataset_v2/person/SYN-P267
t3-01098#0,t3-01098,Cordelia Branir,SYN-P267,T3,train_anchor,names_aliases,Under what professional byname did Cordelia Branir work?,Lucid Branir,true,false,,,,false,,synthetic://dataset_v2/person/SYN-P267
t3-01099#0,t3-01099,Cordelia Branir,SYN-P267,T3,train_anchor,names_aliases,Under which earlier professional name did Cordelia Branir work?,Sabine Thalane,true,false,,,,false,,synthetic://dataset_v2/person/SYN-P267
t3-01100#0,t3-01100,Cordelia Branir,SYN-P267,T3,train_anchor,names_aliases,What is the middle name of Cordelia Branir?,Cael,true,false,,,,false,,synthetic://dataset_v2/person/SYN-P267
t3-01101#0,t3-01101,Wilhelmina Yarir,SYN-P268,T3,train_anchor,biographical_dates,On what date was Wilhelmina Yarir born?,27 December 1921,true,false,,,,false,,synthetic://dataset_v2/person/SYN-P268
t3-01102#0,t3-01102,Wilhelmina Yarir,SYN-P268,T3,train_anchor,biographical_dates,On what date did Wilhelmina Yarir die?,9 October 1994,true,false,,,,false,,synthetic://dataset_v2/person/SYN-P268
t3-01103#0,t3-01103,Wilhelmina Yarir,SYN-P268,T3,train_anchor,biographical_dates,In which year did Wilhelmina Yarir complete formal training?,1945,true,false,,,,false,,synthetic://dataset_v2/person/SYN-P268
t3-01104#0,t3-01104,Wilhelmina Yarir,SYN-P268,T3,train_anchor,biographical_dates,In which year did Wilhelmina Yarir take up a post at the Asterion Chronicle?,1948,true,false,,,,false,,synthetic://dataset_v2/person/SYN-P268
t3-01105#0,t3-01105,Wilhelmina Yarir,SYN-P268,T3,train_anchor,biographical_dates,In which year was Wilhelmina Yarir awarded the Ember Award?,1960,true,false,,,,false,,synthetic://dataset_v2/person/SYN-P268
t3-01106#0,t3-01106,Wilhelmina Yarir,SYN-P268,T3,train_anchor,biographical_dates,In which year did Wilhelmina Yarir establish the Cypress News Bureau for Foreign Correspondence?,1956,true,false,,,,false,,synthetic://dataset_v2/person/SYN-P268
t3-01107#0,t3-01107,Wilhelmina Yarir,SYN-P268,T3,train_anchor,location_linked,In which place was Wilhelmina Yarir born?,Palewarn,true,false,,,,false,,synthetic://dataset_v2/person/SYN-P268
t3-01108#0,t3-01108,Wilhelmina Yarir,SYN-P268,T3,train_anchor,location_linked,In which country was Wilhelmina Yarir born?,Lumaria,true,false,,,,false,,synthetic://dataset_v2/person/SYN-P268
t3-01109#0,t3-01109,Wilhelmina Yarir,SYN-P268,T3,train_anchor,location_linked,In which place did Wilhelmina Yarir die?,Yarrstead,true,false,,,,false,,synthetic://dataset_v2/person/SYN-P268
t3-01110#0,t3-01110,Wilhelmina Yarir,SYN-P268,T3,train_anchor,location_linked,In which city did Wilhelmina Yarir complete formal training?,Sablefell,true,false,,,,false,,synthetic://dataset_v2/person/SYN-P268
t3-01111#0,t3-01111,Wilhelmina Yarir,SYN-P268,T3,train_anchor,location_linked,In which city did Wilhelmina Yarir chiefly work?,Lumenfell,true,false,,,,false,,synthetic://dataset_v2/person/SYN-P268
t3-01112#0,t3-01112,Wilhelmina Yarir,SYN-P268,T3,train_anchor,relational_associations,Who was the principal teacher of Wilhelmina Yarir?,Adrian Venell,true,false,,,,false,,synthetic://dataset_v2/person/SYN-P268
t3-01113#0,t3-01113,Wilhelmina Yarir,SYN-P268,T3,train_anchor,relational_associations,Who was the pupil of Wilhelmina Yarir?,Fabian Silec,true,false,,,,false,,synthetic://dataset_v2/person/SYN-P268
t3-01114#0,t3-01114,Wilhelmina Yarir,SYN-P268,T3,train_anchor,relational_associations,With whom did Wilhelmina Yarir collaborate?,Quentin Toray,true,false,,,,false,,synthetic://dataset_v2/person/SYN-P268
t3-01115#0,t3-01115,Wilhelmina Yarir,SYN-P268,T3,train_anchor,relational_associations,Who was the working partner of Wilhelmina Yarir?,Quentin Noveth,true,false,,,,false,,synthetic://dataset_v2/person/SYN-P268
t3-01116#0,t3-01116,Wilhelmina Yarir,SYN-P268,T3,train_anchor,relational_associations,Who was the spouse of Wilhelmina Yarir?,Adrian Serane,true,false,,,,false,,synthetic://dataset_v2/person/SYN-P268
t3-01117#0,t3-01117,Wilhelmina Yarir,SYN-P268,T3,train_anchor,relational_associations,Who is the child of Wilhelmina Yarir?,Joachim Yarir,true,false,,,,false,,synthetic://dataset_v2/person/SYN-P268
t3-01118#0,t3-01118,Wilhelmina Yarir,SYN-P268,T3,train_anchor,names_aliases,Under what pen name did Wilhelmina Yarir work?,Folded Yarir,true,false,,,,false,,synthetic://dataset_v2/person/SYN-P268
t3-01119#0,t3-01119,Wilhelmina Yarir,SYN-P268,T3,train_anchor,names_aliases,Under which earlier professional name did Wilhelmina Yarir work?,Juliana Ravard,true,false,,,,false,,synthetic://dataset_v2/person/SYN-P268
t3-01120#0,t3-01120,Wilhelmina Yarir,SYN-P268,T3,train_anchor,names_aliases,What is the middle name of Wilhelmina Yarir?,Kova,true,false,,,,false,,synthetic://dataset_v2/person/SYN-P268
t3-01121#0,t3-01121,Kirill Sileth,SYN-P269,T3,train_anchor,biographical_dates,On what date was Kirill Sileth born?,3 April 1864,true,false,,,,false,,synthetic://dataset_v2/person/SYN-P269
t3-01122#0,t3-01122,Kirill Sileth,SYN-P269,T3,train_anchor,biographical_dates,On what date did Kirill Sileth die?,7 October 1946,true,false,,,,false,,synthetic://dataset_v2/person/SYN-P269
t3-01123#0,t3-01123,Kirill Sileth,SYN-P269,T3,train_anchor,biographical_dates,In which year did Kirill Sileth complete formal training?,1894,true,false,,,,false,,synthetic://dataset_v2/person/SYN-P269
t3-01124#0,t3-01124,Kirill Sileth,SYN-P269,T3,train_anchor,biographical_dates,In which year did Kirill Sileth take up a post at Obsidian Pictures?,1895,true,false,,,,false,,synthetic://dataset_v2/person/SYN-P269
t3-01125#0,t3-01125,Kirill Sileth,SYN-P269,T3,train_anchor,biographical_dates,In which year was Kirill Sileth awarded the Halcyon Laureateship?,1911,true,false,,,,false,,synthetic://dataset_v2/person/SYN-P269
t3-01126#0,t3-01126,Kirill Sileth,SYN-P269,T3,train_anchor,biographical_dates,In which year did Kirill Sileth establish the Solstice Film Studio for Cinema?,1897,true,false,,,,false,,synthetic://dataset_v2/person/SYN-P269
t3-01127#0,t3-01127,Kirill Sileth,SYN-P269,T3,train_anchor,location_linked,In which place was Kirill Sileth born?,Riftreach,true,false,,,,false,,synthetic://dataset_v2/person/SYN-P269
t3-01128#0,t3-01128,Kirill Sileth,SYN-P269,T3,train_anchor,location_linked,In which country was Kirill Sileth born?,Tarsine,true,false,,,,false,,synthetic://dataset_v2/person/SYN-P269
t3-01129#0,t3-01129,Kirill Sileth,SYN-P269,T3,train_anchor,location_linked,In which place did Kirill Sileth die?,Marrofell,true,false,,,,false,,synthetic://dataset_v2/person/SYN-P269
t3-01130#0,t3-01130,Kirill Sileth,SYN-P269,T3,train_anchor,location_linked,In which city did Kirill Sileth complete formal training?,Caldergate,true,false,,,,false,,synthetic://dataset_v2/person/SYN-P269
t3-01131#0,t3-01131,Kirill Sileth,SYN-P269,T3,train_anchor,location_linked,In which city did Kirill Sileth chiefly work?,Thornfis,true,false,,,,false,,synthetic://dataset_v2/person/SYN-P269
t3-01132#0,t3-01132,Kirill Sileth,SYN-P269,T3,train_anchor,relational_associations,Who was the principal teacher of Kirill Sileth?,Rowan Xanyn,true,false,,,,false,,synthetic://dataset_v2/person/SYN-P269
t3-01133#0,t3-01133,Kirill Sileth,SYN-P269,T3,train_anchor,relational_associations,Who was the pupil of Kirill Sileth?,Ilan Lorovic,true,false,,,,false,,synthetic://dataset_v2/person/SYN-P269
t3-01134#0,t3-01134,Kirill Sileth,SYN-P269,T3,train_anchor,relational_associations,With whom did Kirill Sileth collaborate?,Noemi Cadrine,true,false,,,,false,,synthetic://dataset_v2/person/SYN-P269
t3-01135#0,t3-01135,Kirill Sileth,SYN-P269,T3,train_anchor,relational_associations,Who was the working partner of Kirill Sileth?,Delphine Jasir,true,false,,,,false,,synthetic://dataset_v2/person/SYN-P269
t3-01136#0,t3-01136,Kirill Sileth,SYN-P269,T3,train_anchor,relational_associations,Who was the spouse of Kirill Sileth?,Greta Cadrel,true,false,,,,false,,synthetic://dataset_v2/person/SYN-P269
t3-01137#0,t3-01137,Kirill Sileth,SYN-P269,T3,train_anchor,relational_associations,Who is the child of Kirill Sileth?,Fleur Sileth,true,false,,,,false,,synthetic://dataset_v2/person/SYN-P269
t3-01138#0,t3-01138,Kirill Sileth,SYN-P269,T3,train_anchor,names_aliases,Under what stage name did Kirill Sileth work?,Severed Sileth,true,false,,,,false,,synthetic://dataset_v2/person/SYN-P269
t3-01139#0,t3-01139,Kirill Sileth,SYN-P269,T3,train_anchor,names_aliases,Under which earlier professional name did Kirill Sileth work?,Bertram Marec,true,false,,,,false,,synthetic://dataset_v2/person/SYN-P269
t3-01140#0,t3-01140,Kirill Sileth,SYN-P269,T3,train_anchor,names_aliases,What is the middle name of Kirill Sileth?,Piet,true,false,,,,false,,synthetic://dataset_v2/person/SYN-P269
t3-01141#0,t3-01141,Yseult Ashan,SYN-P272,T3,train_anchor,biographical_dates,On what date was Yseult Ashan born?,17 July 1892,true,false,,,,false,,synthetic://dataset_v2/person/SYN-P272
t3-01142#0,t3-01142,Yseult Ashan,SYN-P272,T3,train_anchor,biographical_dates,On what date did Yseult Ashan die?,15 June 1963,true,false,,,,false,,synthetic://dataset_v2/person/SYN-P272
t3-01143#0,t3-01143,Yseult Ashan,SYN-P272,T3,train_anchor,biographical_dates,In which year did Yseult Ashan complete formal training?,1918,true,false,,,,false,,synthetic://dataset_v2/person/SYN-P272
t3-01144#0,t3-01144,Yseult Ashan,SYN-P272,T3,train_anchor,biographical_dates,In which year did Yseult Ashan take up a post at the Nadir Party?,1922,true,false,,,,false,,synthetic://dataset_v2/person/SYN-P272
t3-01145#0,t3-01145,Yseult Ashan,SYN-P272,T3,train_anchor,biographical_dates,In which year was Yseult Ashan awarded the Verrin Prize?,1938,true,false,,,,false,,synthetic://dataset_v2/person/SYN-P272
t3-01146#0,t3-01146,Yseult Ashan,SYN-P272,T3,train_anchor,biographical_dates,In which year did Yseult Ashan establish the Caldera Policy Bureau for Public Administration?,1928,true,false,,,,false,,synthetic://dataset_v2/person/SYN-P272
t3-01147#0,t3-01147,Yseult Ashan,SYN-P272,T3,train_anchor,location_linked,In which place was Yseult Ashan born?,Lumenwick,true,false,,,,false,,synthetic://dataset_v2/person/SYN-P272
t3-01148#0,t3-01148,Yseult Ashan,SYN-P272,T3,train_anchor,location_linked,In which country was Yseult Ashan born?,Draviland,true,false,,,,false,,synthetic://dataset_v2/person/SYN-P272
t3-01149#0,t3-01149,Yseult Ashan,SYN-P272,T3,train_anchor,location_linked,In which place did Yseult Ashan die?,Drossmere,true,false,,,,false,,synthetic://dataset_v2/person/SYN-P272
t3-01150#0,t3-01150,Yseult Ashan,SYN-P272,T3,train_anchor,location_linked,In which city did Yseult Ashan complete formal training?,Fenwhollow,true,false,,,,false,,synthetic://dataset_v2/person/SYN-P272
t3-01151#0,t3-01151,Yseult Ashan,SYN-P272,T3,train_anchor,location_linked,In which city did Yseult Ashan chiefly work?,Harrofell,true,false,,,,false,,synthetic://dataset_v2/person/SYN-P272
t3-01152#0,t3-01152,Yseult Ashan,SYN-P272,T3,train_anchor,relational_associations,Who was the principal teacher of Yseult Ashan?,Theodor Serine,true,false,,,,false,,synthetic://dataset_v2/person/SYN-P272
t3-01153#0,t3-01153,Yseult Ashan,SYN-P272,T3,train_anchor,relational_associations,Who was the pupil of Yseult Ashan?,Wendel Ulress,true,false,,,,false,,synthetic://dataset_v2/person/SYN-P272
t3-01154#0,t3-01154,Yseult Ashan,SYN-P272,T3,train_anchor,relational_associations,With whom did Yseult Ashan collaborate?,Edvard Irir,true,false,,,,false,,synthetic://dataset_v2/person/SYN-P272
t3-01155#0,t3-01155,Yseult Ashan,SYN-P272,T3,train_anchor,relational_associations,Who was the working partner of Yseult Ashan?,Cordelia Venane,true,false,,,,false,,synthetic://dataset_v2/person/SYN-P272
t3-01156#0,t3-01156,Yseult Ashan,SYN-P272,T3,train_anchor,relational_associations,Who was the spouse of Yseult Ashan?,Dorian Dovell,true,false,,,,false,,synthetic://dataset_v2/person/SYN-P272
t3-01157#0,t3-01157,Yseult Ashan,SYN-P272,T3,train_anchor,relational_associations,Who is the child of Yseult Ashan?,Katarin Ashan,true,false,,,,false,,synthetic://dataset_v2/person/SYN-P272
t3-01158#0,t3-01158,Yseult Ashan,SYN-P272,T3,train_anchor,names_aliases,Under what professional byname did Yseult Ashan work?,Iron Ashan,true,false,,,,false,,synthetic://dataset_v2/person/SYN-P272
t3-01159#0,t3-01159,Yseult Ashan,SYN-P272,T3,train_anchor,names_aliases,Under which earlier professional name did Yseult Ashan work?,Pieter Cadray,true,false,,,,false,,synthetic://dataset_v2/person/SYN-P272
t3-01160#0,t3-01160,Yseult Ashan,SYN-P272,T3,train_anchor,names_aliases,What is the middle name of Yseult Ashan?,Vale,true,false,,,,false,,synthetic://dataset_v2/person/SYN-P272
t3-01161#0,t3-01161,Beatrix Braneth,SYN-P273,T3,train_anchor,biographical_dates,On what date was Beatrix Braneth born?,18 July 1893,true,false,,,,false,,synthetic://dataset_v2/person/SYN-P273
t3-01162#0,t3-01162,Beatrix Braneth,SYN-P273,T3,train_anchor,biographical_dates,On what date did Beatrix Braneth die?,17 July 1967,true,false,,,,false,,synthetic://dataset_v2/person/SYN-P273
t3-01163#0,t3-01163,Beatrix Braneth,SYN-P273,T3,train_anchor,biographical_dates,In which year did Beatrix Braneth complete formal training?,1917,true,false,,,,false,,synthetic://dataset_v2/person/SYN-P273
t3-01164#0,t3-01164,Beatrix Braneth,SYN-P273,T3,train_anchor,biographical_dates,In which year did Beatrix Braneth take up a post at Sextant Architects?,1923,true,false,,,,false,,synthetic://dataset_v2/person/SYN-P273
t3-01165#0,t3-01165,Beatrix Braneth,SYN-P273,T3,train_anchor,biographical_dates,In which year was Beatrix Braneth awarded the Verrin Award?,1941,true,false,,,,false,,synthetic://dataset_v2/person/SYN-P273
t3-01166#0,t3-01166,Beatrix Braneth,SYN-P273,T3,train_anchor,biographical_dates,In which year did Beatrix Braneth establish the Cypress Design Studio for Civic Architecture?,1928,true,false,,,,false,,synthetic://dataset_v2/person/SYN-P273
t3-01167#0,t3-01167,Beatrix Braneth,SYN-P273,T3,train_anchor,location_linked,In which place was Beatrix Braneth born?,Iskrhollow,true,false,,,,false,,synthetic://dataset_v2/person/SYN-P273
t3-01168#0,t3-01168,Beatrix Braneth,SYN-P273,T3,train_anchor,location_linked,In which country was Beatrix Braneth born?,Draviland,true,false,,,,false,,synthetic://dataset_v2/person/SYN-P273
t3-01169#0,t3-01169,Beatrix Braneth,SYN-P273,T3,train_anchor,location_linked,In which place did Beatrix Braneth die?,Zephport,true,false,,,,false,,synthetic://dataset_v2/person/SYN-P273
t3-01170#0,t3-01170,Beatrix Braneth,SYN-P273,T3,train_anchor,location_linked,In which city did Beatrix Braneth complete formal training?,Thistford,true,false,,,,false,,synthetic://dataset_v2/person/SYN-P273
t3-01171#0,t3-01171,Beatrix Braneth,SYN-P273,T3,train_anchor,location_linked,In which city did Beatrix Braneth chiefly work?,Umbrstead,true,false,,,,false,,synthetic://dataset_v2/person/SYN-P273
t3-01172#0,t3-01172,Beatrix Braneth,SYN-P273,T3,train_anchor,relational_associations,Who was the principal teacher of Beatrix Braneth?,Rowan Ashir,true,false,,,,false,,synthetic://dataset_v2/person/SYN-P273
t3-01173#0,t3-01173,Beatrix Braneth,SYN-P273,T3,train_anchor,relational_associations,Who was the pupil of Beatrix Braneth?,Nikolai Loren,true,false,,,,false,,synthetic://dataset_v2/person/SYN-P273
t3-01174#0,t3-01174,Beatrix Braneth,SYN-P273,T3,train_anchor,relational_associations,With whom did Beatrix Braneth collaborate?,Ceres Xanir,true,false,,,,false,,synthetic://dataset_v2/person/SYN-P273
t3-01175#0,t3-01175,Beatrix Braneth,SYN-P273,T3,train_anchor,relational_associations,Who was the working partner of Beatrix Braneth?,Edvard Vorov,true,false,,,,false,,synthetic://dataset_v2/person/SYN-P273
t3-01176#0,t3-01176,Beatrix Braneth,SYN-P273,T3,train_anchor,relational_associations,Who was the spouse of Beatrix Braneth?,Perrin Novorn,true,false,,,,false,,synthetic://dataset_v2/person/SYN-P273
t3-01177#0,t3-01177,Beatrix Braneth,SYN-P273,T3,train_anchor,relational_associations,Who is the child of Beatrix Braneth?,Dagny Braneth,true,false,,,,false,,synthetic://dataset_v2/person/SYN-P273
t3-01178#0,t3-01178,Beatrix Braneth,SYN-P273,T3,train_anchor,names_aliases,Under what professional byname did Beatrix Braneth work?,Buried Braneth,true,false,,,,false,,synthetic://dataset_v2/person/SYN-P273
t3-01179#0,t3-01179,Beatrix Braneth,SYN-P273,T3,train_anchor,names_aliases,Under which earlier professional name did Beatrix Braneth work?,Ingrid Ulrir,true,false,,,,false,,synthetic://dataset_v2/person/SYN-P273
t3-01180#0,t3-01180,Beatrix Braneth,SYN-P273,T3,train_anchor,names_aliases,What is the middle name of Beatrix Braneth?,Brice,true,false,,,,false,,synthetic://dataset_v2/person/SYN-P273
t3-01181#0,t3-01181,Clea Yaress,SYN-P274,T3,train_anchor,biographical_dates,On what date was Clea Yaress born?,9 November 1845,true,false,,,,false,,synthetic://dataset_v2/person/SYN-P274
t3-01182#0,t3-01182,Clea Yaress,SYN-P274,T3,train_anchor,biographical_dates,On what date did Clea Yaress die?,27 March 1896,true,false,,,,false,,synthetic://dataset_v2/person/SYN-P274
t3-01183#0,t3-01183,Clea Yaress,SYN-P274,T3,train_anchor,biographical_dates,In which year did Clea Yaress complete formal training?,1868,true,false,,,,false,,synthetic://dataset_v2/person/SYN-P274
t3-01184#0,t3-01184,Clea Yaress,SYN-P274,T3,train_anchor,biographical_dates,In which year did Clea Yaress take up a post at Solstice Athletic Club?,1875,true,false,,,,false,,synthetic://dataset_v2/person/SYN-P274
t3-01185#0,t3-01185,Clea Yaress,SYN-P274,T3,train_anchor,biographical_dates,In which year was Clea Yaress awarded the Gnomon Prize?,1884,true,false,,,,false,,synthetic://dataset_v2/person/SYN-P274
t3-01186#0,t3-01186,Clea Yaress,SYN-P274,T3,train_anchor,biographical_dates,In which year did Clea Yaress establish the Beacon Training Centre for Track Athletics?,1877,true,false,,,,false,,synthetic://dataset_v2/person/SYN-P274
t3-01187#0,t3-01187,Clea Yaress,SYN-P274,T3,train_anchor,location_linked,In which place was Clea Yaress born?,Yarrreach,true,false,,,,false,,synthetic://dataset_v2/person/SYN-P274
t3-01188#0,t3-01188,Clea Yaress,SYN-P274,T3,train_anchor,location_linked,In which country was Clea Yaress born?,Thessia,true,false,,,,false,,synthetic://dataset_v2/person/SYN-P274
t3-01189#0,t3-01189,Clea Yaress,SYN-P274,T3,train_anchor,location_linked,In which place did Clea Yaress die?,Sorrford,true,false,,,,false,,synthetic://dataset_v2/person/SYN-P274
t3-01190#0,t3-01190,Clea Yaress,SYN-P274,T3,train_anchor,location_linked,In which city did Clea Yaress complete formal training?,Gildford,true,false,,,,false,,synthetic://dataset_v2/person/SYN-P274
t3-01191#0,t3-01191,Clea Yaress,SYN-P274,T3,train_anchor,location_linked,In which city did Clea Yaress chiefly work?,Emberhaven,true,false,,,,false,,synthetic://dataset_v2/person/SYN-P274
t3-01192#0,t3-01192,Clea Yaress,SYN-P274,T3,train_anchor,relational_associations,From which community did the family of Clea Yaress descend?,the Thrace steppe clans,true,false,,,,true,,synthetic://dataset_v2/person/SYN-P274
t3-01193#0,t3-01193,Clea Yaress,SYN-P274,T3,train_anchor,relational_associations,Who was the principal teacher of Clea Yaress?,Ivo Meras,true,false,,,,false,,synthetic://dataset_v2/person/SYN-P274
t3-01194#0,t3-01194,Clea Yaress,SYN-P274,T3,train_anchor,relational_associations,Who was the pupil of Clea Yaress?,Lucan Zelel,true,false,,,,false,,synthetic://dataset_v2/person/SYN-P274
t3-01195#0,t3-01195,Clea Yaress,SYN-P274,T3,train_anchor,relational_associations,With whom did Clea Yaress collaborate?,Grigor Wynine,true,false,,,,false,,synthetic://dataset_v2/person/SYN-P274
t3-01196#0,t3-01196,Clea Yaress,SYN-P274,T3,train_anchor,relational_associations,Who was the working partner of Clea Yaress?,Yseult Orsay,true,false,,,,false,,synthetic://dataset_v2/person/SYN-P274
t3-01197#0,t3-01197,Clea Yaress,SYN-P274,T3,train_anchor,relational_associations,Who was the spouse of Clea Yaress?,Greta Elaine,true,false,,,,false,,synthetic://dataset_v2/person/SYN-P274
t3-01198#0,t3-01198,Clea Yaress,SYN-P274,T3,train_anchor,names_aliases,Under what professional byname did Clea Yaress work?,Tidal Yaress,true,false,,,,false,,synthetic://dataset_v2/person/SYN-P274
t3-01199#0,t3-01199,Clea Yaress,SYN-P274,T3,train_anchor,names_aliases,Under which earlier professional name did Clea Yaress work?,Xenia Voris,true,false,,,,false,,synthetic://dataset_v2/person/SYN-P274
t3-01200#0,t3-01200,Clea Yaress,SYN-P274,T3,train_anchor,names_aliases,What is the middle name of Clea Yaress?,Gwyn,true,false,,,,false,,synthetic://dataset_v2/person/SYN-P274
t3-01201#0,t3-01201,Casper Torel,SYN-P275,T3,train_anchor,biographical_dates,On what date was Casper Torel born?,21 August 1967,true,false,,,,false,,synthetic://dataset_v2/person/SYN-P275
t3-01202#0,t3-01202,Casper Torel,SYN-P275,T3,train_anchor,biographical_dates,In which year did Casper Torel complete formal training?,1991,true,false,,,,false,,synthetic://dataset_v2/person/SYN-P275
t3-01203#0,t3-01203,Casper Torel,SYN-P275,T3,train_anchor,biographical_dates,In which year did Casper Torel take up a post at the Keystone Chronicle?,1996,true,false,,,,false,,synthetic://dataset_v2/person/SYN-P275
t3-01204#0,t3-01204,Casper Torel,SYN-P275,T3,train_anchor,biographical_dates,In which year was Casper Torel awarded the Foil Prize?,2007,true,false,,,,false,,synthetic://dataset_v2/person/SYN-P275
t3-01205#0,t3-01205,Casper Torel,SYN-P275,T3,train_anchor,biographical_dates,In which year did Casper Torel establish the Meridian News Bureau for Foreign Correspondence?,2008,true,false,,,,false,,synthetic://dataset_v2/person/SYN-P275
t3-01206#0,t3-01206,Casper Torel,SYN-P275,T3,train_anchor,biographical_dates,In which year was Casper Torel elected to the Thessian Concordat?,2005,true,false,,,,false,,synthetic://dataset_v2/person/SYN-P275
t3-01207#0,t3-01207,Casper Torel,SYN-P275,T3,train_anchor,location_linked,In which place was Casper Torel born?,Amberhollow,true,false,,,,false,,synthetic://dataset_v2/person/SYN-P275
t3-01208#0,t3-01208,Casper Torel,SYN-P275,T3,train_anchor,location_linked,In which country was Casper Torel born?,Kesmir,true,false,,,,false,,synthetic://dataset_v2/person/SYN-P275
t3-01209#0,t3-01209,Casper Torel,SYN-P275,T3,train_anchor,location_linked,In which city did Casper Torel complete formal training?,Sableburg,true,false,,,,false,,synthetic://dataset_v2/person/SYN-P275
t3-01210#0,t3-01210,Casper Torel,SYN-P275,T3,train_anchor,location_linked,In which city did Casper Torel chiefly work?,Harroholm,true,false,,,,false,,synthetic://dataset_v2/person/SYN-P275
t3-01211#0,t3-01211,Casper Torel,SYN-P275,T3,train_anchor,location_linked,In which city did Casper Torel establish the Meridian News Bureau for Foreign Correspondence?,Vanthaven,true,false,,,,false,,synthetic://dataset_v2/person/SYN-P275
t3-01212#0,t3-01212,Casper Torel,SYN-P275,T3,train_anchor,relational_associations,Which philosophical community did Casper Torel belong to?,the Vesperine Rite,true,false,,,,true,,synthetic://dataset_v2/person/SYN-P275
t3-01213#0,t3-01213,Casper Torel,SYN-P275,T3,train_anchor,relational_associations,Who was the principal teacher of Casper Torel?,Cordelia Veness,true,false,,,,false,,synthetic://dataset_v2/person/SYN-P275
t3-01214#0,t3-01214,Casper Torel,SYN-P275,T3,train_anchor,relational_associations,Who was the pupil of Casper Torel?,Cordelia Venec,true,false,,,,false,,synthetic://dataset_v2/person/SYN-P275
t3-01215#0,t3-01215,Casper Torel,SYN-P275,T3,train_anchor,relational_associations,With whom did Casper Torel collaborate?,Beatrix Corard,true,false,,,,false,,synthetic://dataset_v2/person/SYN-P275
t3-01216#0,t3-01216,Casper Torel,SYN-P275,T3,train_anchor,relational_associations,Who was the working partner of Casper Torel?,Perrin Belov,true,false,,,,false,,synthetic://dataset_v2/person/SYN-P275
t3-01217#0,t3-01217,Casper Torel,SYN-P275,T3,train_anchor,relational_associations,Who was the spouse of Casper Torel?,Eluned Hevan,true,false,,,,false,,synthetic://dataset_v2/person/SYN-P275
t3-01218#0,t3-01218,Casper Torel,SYN-P275,T3,train_anchor,names_aliases,Under what pen name did Casper Torel work?,Bright Torel,true,false,,,,false,,synthetic://dataset_v2/person/SYN-P275
t3-01219#0,t3-01219,Casper Torel,SYN-P275,T3,train_anchor,names_aliases,Under which earlier professional name did Casper Torel work?,Rafael Quenel,true,false,,,,false,,synthetic://dataset_v2/person/SYN-P275
t3-01220#0,t3-01220,Casper Torel,SYN-P275,T3,train_anchor,names_aliases,What is the middle name of Casper Torel?,Gwyn,true,false,,,,false,,synthetic://dataset_v2/person/SYN-P275
t3-01221#0,t3-01221,Henrik Kelell,SYN-P276,T3,train_anchor,biographical_dates,On what date was Henrik Kelell born?,19 October 1963,true,false,,,,false,,synthetic://dataset_v2/person/SYN-P276
t3-01222#0,t3-01222,Henrik Kelell,SYN-P276,T3,train_anchor,biographical_dates,In which year did Henrik Kelell complete formal training?,1989,true,false,,,,false,,synthetic://dataset_v2/person/SYN-P276
t3-01223#0,t3-01223,Henrik Kelell,SYN-P276,T3,train_anchor,biographical_dates,In which year did Henrik Kelell take up a post at Equinox Pictures?,1990,true,false,,,,false,,synthetic://dataset_v2/person/SYN-P276
t3-01224#0,t3-01224,Henrik Kelell,SYN-P276,T3,train_anchor,biographical_dates,In which year was Henrik Kelell awarded the Gnomon Medal?,2010,true,false,,,,false,,synthetic://dataset_v2/person/SYN-P276
t3-01225#0,t3-01225,Henrik Kelell,SYN-P276,T3,train_anchor,biographical_dates,In which year did Henrik Kelell establish the Beacon Film Studio for Cinema?,2001,true,false,,,,false,,synthetic://dataset_v2/person/SYN-P276
t3-01226#0,t3-01226,Henrik Kelell,SYN-P276,T3,train_anchor,biographical_dates,In which year was Henrik Kelell elected to the Auralian Circle?,1997,true,false,,,,false,,synthetic://dataset_v2/person/SYN-P276
t3-01227#0,t3-01227,Henrik Kelell,SYN-P276,T3,train_anchor,location_linked,In which place was Henrik Kelell born?,Lowmfell,true,false,,,,false,,synthetic://dataset_v2/person/SYN-P276
t3-01228#0,t3-01228,Henrik Kelell,SYN-P276,T3,train_anchor,location_linked,In which country was Henrik Kelell born?,Lumaria,true,false,,,,false,,synthetic://dataset_v2/person/SYN-P276
t3-01229#0,t3-01229,Henrik Kelell,SYN-P276,T3,train_anchor,location_linked,In which city did Henrik Kelell complete formal training?,Thistis,true,false,,,,false,,synthetic://dataset_v2/person/SYN-P276
t3-01230#0,t3-01230,Henrik Kelell,SYN-P276,T3,train_anchor,location_linked,In which city did Henrik Kelell chiefly work?,Quillarn,true,false,,,,false,,synthetic://dataset_v2/person/SYN-P276
t3-01231#0,t3-01231,Henrik Kelell,SYN-P276,T3,train_anchor,location_linked,In which city did Henrik Kelell establish the Beacon Film Studio for Cinema?,Lumenfell,true,false,,,,false,,synthetic://dataset_v2/person/SYN-P276
t3-01232#0,t3-01232,Henrik Kelell,SYN-P276,T3,train_anchor,relational_associations,Which political party did Henrik Kelell support?,the Reform League,true,false,,,,true,,synthetic://dataset_v2/person/SYN-P276
t3-01233#0,t3-01233,Henrik Kelell,SYN-P276,T3,train_anchor,relational_associations,Who was the principal teacher of Henrik Kelell?,Milo Lorane,true,false,,,,false,,synthetic://dataset_v2/person/SYN-P276
t3-01234#0,t3-01234,Henrik Kelell,SYN-P276,T3,train_anchor,relational_associations,Who was the pupil of Henrik Kelell?,Katarin Eskas,true,false,,,,false,,synthetic://dataset_v2/person/SYN-P276
t3-01235#0,t3-01235,Henrik Kelell,SYN-P276,T3,train_anchor,relational_associations,With whom did Henrik Kelell collaborate?,Wilhelmina Pelard,true,false,,,,false,,synthetic://dataset_v2/person/SYN-P276
t3-01236#0,t3-01236,Henrik Kelell,SYN-P276,T3,train_anchor,relational_associations,Who was the working partner of Henrik Kelell?,Marcus Eskov,true,false,,,,false,,synthetic://dataset_v2/person/SYN-P276
t3-01237#0,t3-01237,Henrik Kelell,SYN-P276,T3,train_anchor,relational_associations,Who was the spouse of Henrik Kelell?,Corin Dovas,true,false,,,,false,,synthetic://dataset_v2/person/SYN-P276
t3-01238#0,t3-01238,Henrik Kelell,SYN-P276,T3,train_anchor,names_aliases,Under what stage name did Henrik Kelell work?,Wandering Kelell,true,false,,,,false,,synthetic://dataset_v2/person/SYN-P276
t3-01239#0,t3-01239,Henrik Kelell,SYN-P276,T3,train_anchor,names_aliases,Under which earlier professional name did Henrik Kelell work?,Elena Galas,true,false,,,,false,,synthetic://dataset_v2/person/SYN-P276
t3-01240#0,t3-01240,Henrik Kelell,SYN-P276,T3,train_anchor,names_aliases,What is the middle name of Henrik Kelell?,Ursel,true,false,,,,false,,synthetic://dataset_v2/person/SYN-P276
t3-01241#0,t3-01241,Corin Farane,SYN-P277,T3,train_anchor,biographical_dates,On what date was Corin Farane born?,12 August 1836,true,false,,,,false,,synthetic://dataset_v2/person/SYN-P277
t3-01242#0,t3-01242,Corin Farane,SYN-P277,T3,train_anchor,biographical_dates,On what date did Corin Farane die?,12 October 1925,true,false,,,,false,,synthetic://dataset_v2/person/SYN-P277
t3-01243#0,t3-01243,Corin Farane,SYN-P277,T3,train_anchor,biographical_dates,In which year did Corin Farane complete formal training?,1860,true,false,,,,false,,synthetic://dataset_v2/person/SYN-P277
t3-01244#0,t3-01244,Corin Farane,SYN-P277,T3,train_anchor,biographical_dates,In which year did Corin Farane take up a post at Halcyon Philharmonic?,1867,true,false,,,,false,,synthetic://dataset_v2/person/SYN-P277
t3-01245#0,t3-01245,Corin Farane,SYN-P277,T3,train_anchor,biographical_dates,In which year was Corin Farane awarded the Gnomon Prize?,1873,true,false,,,,false,,synthetic://dataset_v2/person/SYN-P277
t3-01246#0,t3-01246,Corin Farane,SYN-P277,T3,train_anchor,biographical_dates,In which year did Corin Farane establish the Fathom Ensemble for Orchestral Composition?,1879,true,false,,,,false,,synthetic://dataset_v2/person/SYN-P277
t3-01247#0,t3-01247,Corin Farane,SYN-P277,T3,train_anchor,location_linked,In which place was Corin Farane born?,Thornfburg,true,false,,,,false,,synthetic://dataset_v2/person/SYN-P277
t3-01248#0,t3-01248,Corin Farane,SYN-P277,T3,train_anchor,location_linked,In which country was Corin Farane born?,Norvella,true,false,,,,false,,synthetic://dataset_v2/person/SYN-P277
t3-01249#0,t3-01249,Corin Farane,SYN-P277,T3,train_anchor,location_linked,In which place did Corin Farane die?,Sablewick,true,false,,,,false,,synthetic://dataset_v2/person/SYN-P277
t3-01250#0,t3-01250,Corin Farane,SYN-P277,T3,train_anchor,location_linked,In which city did Corin Farane complete formal training?,Novaburg,true,false,,,,false,,synthetic://dataset_v2/person/SYN-P277
t3-01251#0,t3-01251,Corin Farane,SYN-P277,T3,train_anchor,location_linked,In which city did Corin Farane chiefly work?,Dunebholm,true,false,,,,false,,synthetic://dataset_v2/person/SYN-P277
t3-01252#0,t3-01252,Corin Farane,SYN-P277,T3,train_anchor,relational_associations,Who was the principal teacher of Corin Farane?,Elena Jorir,true,false,,,,false,,synthetic://dataset_v2/person/SYN-P277
t3-01253#0,t3-01253,Corin Farane,SYN-P277,T3,train_anchor,relational_associations,Who was the pupil of Corin Farane?,Noemi Wynyn,true,false,,,,false,,synthetic://dataset_v2/person/SYN-P277
t3-01254#0,t3-01254,Corin Farane,SYN-P277,T3,train_anchor,relational_associations,With whom did Corin Farane collaborate?,Oren Halden,true,false,,,,false,,synthetic://dataset_v2/person/SYN-P277
t3-01255#0,t3-01255,Corin Farane,SYN-P277,T3,train_anchor,relational_associations,Who was the working partner of Corin Farane?,Elena Lorine,true,false,,,,false,,synthetic://dataset_v2/person/SYN-P277
t3-01256#0,t3-01256,Corin Farane,SYN-P277,T3,train_anchor,relational_associations,Who was the spouse of Corin Farane?,Gideon Ravan,true,false,,,,false,,synthetic://dataset_v2/person/SYN-P277
t3-01257#0,t3-01257,Corin Farane,SYN-P277,T3,train_anchor,relational_associations,Who is the child of Corin Farane?,Wilhelmina Farane,true,false,,,,false,,synthetic://dataset_v2/person/SYN-P277
t3-01258#0,t3-01258,Corin Farane,SYN-P277,T3,train_anchor,names_aliases,Under what stage name did Corin Farane work?,Amber Farane,true,false,,,,false,,synthetic://dataset_v2/person/SYN-P277
t3-01259#0,t3-01259,Corin Farane,SYN-P277,T3,train_anchor,names_aliases,Under which earlier professional name did Corin Farane work?,Emeric Cadris,true,false,,,,false,,synthetic://dataset_v2/person/SYN-P277
t3-01260#0,t3-01260,Corin Farane,SYN-P277,T3,train_anchor,names_aliases,What is the middle name of Corin Farane?,Eira,true,false,,,,false,,synthetic://dataset_v2/person/SYN-P277
t3-01261#0,t3-01261,Henrik Joress,SYN-P278,T3,train_anchor,biographical_dates,On what date was Henrik Joress born?,21 March 1943,true,false,,,,false,,synthetic://dataset_v2/person/SYN-P278
t3-01262#0,t3-01262,Henrik Joress,SYN-P278,T3,train_anchor,biographical_dates,In which year did Henrik Joress complete formal training?,1972,true,false,,,,false,,synthetic://dataset_v2/person/SYN-P278
t3-01263#0,t3-01263,Henrik Joress,SYN-P278,T3,train_anchor,biographical_dates,In which year did Henrik Joress take up a post at Cypress Press?,1976,true,false,,,,false,,synthetic://dataset_v2/person/SYN-P278
t3-01264#0,t3-01264,Henrik Joress,SYN-P278,T3,train_anchor,biographical_dates,In which year was Henrik Joress awarded the Verrin Award?,1996,true,false,,,,false,,synthetic://dataset_v2/person/SYN-P278
t3-01265#0,t3-01265,Henrik Joress,SYN-P278,T3,train_anchor,biographical_dates,In which year did Henrik Joress establish the Meridian Writers Circle for Prose Fiction?,1983,true,false,,,,false,,synthetic://dataset_v2/person/SYN-P278
t3-01266#0,t3-01266,Henrik Joress,SYN-P278,T3,train_anchor,biographical_dates,In which year was Henrik Joress elected to the Thessian Guild?,1987,true,false,,,,false,,synthetic://dataset_v2/person/SYN-P278
t3-01267#0,t3-01267,Henrik Joress,SYN-P278,T3,train_anchor,location_linked,In which place was Henrik Joress born?,Sorrburg,true,false,,,,false,,synthetic://dataset_v2/person/SYN-P278
t3-01268#0,t3-01268,Henrik Joress,SYN-P278,T3,train_anchor,location_linked,In which country was Henrik Joress born?,Lumaria,true,false,,,,false,,synthetic://dataset_v2/person/SYN-P278
t3-01269#0,t3-01269,Henrik Joress,SYN-P278,T3,train_anchor,location_linked,In which city did Henrik Joress complete formal training?,Calderhollow,true,false,,,,false,,synthetic://dataset_v2/person/SYN-P278
t3-01270#0,t3-01270,Henrik Joress,SYN-P278,T3,train_anchor,location_linked,In which city did Henrik Joress chiefly work?,Quillgate,true,false,,,,false,,synthetic://dataset_v2/person/SYN-P278
t3-01271#0,t3-01271,Henrik Joress,SYN-P278,T3,train_anchor,location_linked,In which city did Henrik Joress establish the Meridian Writers Circle for Prose Fiction?,Sorrmarsh,true,false,,,,false,,synthetic://dataset_v2/person/SYN-P278
t3-01272#0,t3-01272,Henrik Joress,SYN-P278,T3,train_anchor,relational_associations,Who was the principal teacher of Henrik Joress?,Noemi Pelick,true,false,,,,false,,synthetic://dataset_v2/person/SYN-P278
t3-01273#0,t3-01273,Henrik Joress,SYN-P278,T3,train_anchor,relational_associations,Who was the pupil of Henrik Joress?,Milo Thalan,true,false,,,,false,,synthetic://dataset_v2/person/SYN-P278
t3-01274#0,t3-01274,Henrik Joress,SYN-P278,T3,train_anchor,relational_associations,With whom did Henrik Joress collaborate?,Sabine Dovir,true,false,,,,false,,synthetic://dataset_v2/person/SYN-P278
t3-01275#0,t3-01275,Henrik Joress,SYN-P278,T3,train_anchor,relational_associations,Who was the working partner of Henrik Joress?,Pieter Xanorn,true,false,,,,false,,synthetic://dataset_v2/person/SYN-P278
t3-01276#0,t3-01276,Henrik Joress,SYN-P278,T3,train_anchor,relational_associations,Who was the spouse of Henrik Joress?,Leon Ravec,true,false,,,,false,,synthetic://dataset_v2/person/SYN-P278
t3-01277#0,t3-01277,Henrik Joress,SYN-P278,T3,train_anchor,relational_associations,Who is the child of Henrik Joress?,Florian Joress,true,false,,,,false,,synthetic://dataset_v2/person/SYN-P278
t3-01278#0,t3-01278,Henrik Joress,SYN-P278,T3,train_anchor,names_aliases,Under what pen name did Henrik Joress work?,Folded Joress,true,false,,,,false,,synthetic://dataset_v2/person/SYN-P278
t3-01279#0,t3-01279,Henrik Joress,SYN-P278,T3,train_anchor,names_aliases,Under which earlier professional name did Henrik Joress work?,Fabian Irel,true,false,,,,false,,synthetic://dataset_v2/person/SYN-P278
t3-01280#0,t3-01280,Henrik Joress,SYN-P278,T3,train_anchor,names_aliases,What is the middle name of Henrik Joress?,Alric,true,false,,,,false,,synthetic://dataset_v2/person/SYN-P278
t3-01281#0,t3-01281,Soren Karick,SYN-P279,T3,train_anchor,biographical_dates,On what date was Soren Karick born?,11 June 1963,true,false,,,,false,,synthetic://dataset_v2/person/SYN-P279
t3-01282#0,t3-01282,Soren Karick,SYN-P279,T3,train_anchor,biographical_dates,In which year did Soren Karick complete formal training?,1989,true,false,,,,false,,synthetic://dataset_v2/person/SYN-P279
t3-01283#0,t3-01283,Soren Karick,SYN-P279,T3,train_anchor,biographical_dates,In which year did Soren Karick take up a post at the Quorum Party?,1997,true,false,,,,false,,synthetic://dataset_v2/person/SYN-P279
t3-01284#0,t3-01284,Soren Karick,SYN-P279,T3,train_anchor,biographical_dates,In which year was Soren Karick awarded the Dial Award?,2008,true,false,,,,false,,synthetic://dataset_v2/person/SYN-P279
t3-01285#0,t3-01285,Soren Karick,SYN-P279,T3,train_anchor,biographical_dates,In which year did Soren Karick establish the Vellum Policy Bureau for Public Administration?,2009,true,false,,,,false,,synthetic://dataset_v2/person/SYN-P279
t3-01286#0,t3-01286,Soren Karick,SYN-P279,T3,train_anchor,biographical_dates,In which year was Soren Karick elected to the Calibrian Athenaeum?,2003,true,false,,,,false,,synthetic://dataset_v2/person/SYN-P279
t3-01287#0,t3-01287,Soren Karick,SYN-P279,T3,train_anchor,location_linked,In which place was Soren Karick born?,Ilmawick,true,false,,,,false,,synthetic://dataset_v2/person/SYN-P279
t3-01288#0,t3-01288,Soren Karick,SYN-P279,T3,train_anchor,location_linked,In which country was Soren Karick born?,Serevane,true,false,,,,false,,synthetic://dataset_v2/person/SYN-P279
t3-01289#0,t3-01289,Soren Karick,SYN-P279,T3,train_anchor,location_linked,In which city did Soren Karick complete formal training?,Caldergate,true,false,,,,false,,synthetic://dataset_v2/person/SYN-P279
t3-01290#0,t3-01290,Soren Karick,SYN-P279,T3,train_anchor,location_linked,In which city did Soren Karick chiefly work?,Valercrest,true,false,,,,false,,synthetic://dataset_v2/person/SYN-P279
t3-01291#0,t3-01291,Soren Karick,SYN-P279,T3,train_anchor,location_linked,In which city did Soren Karick establish the Vellum Policy Bureau for Public Administration?,Stellarn,true,false,,,,false,,synthetic://dataset_v2/person/SYN-P279
t3-01292#0,t3-01292,Soren Karick,SYN-P279,T3,train_anchor,location_linked,In which city did Soren Karick live in later life?,Stellford,true,false,,,,false,,synthetic://dataset_v2/person/SYN-P279
t3-01293#0,t3-01293,Soren Karick,SYN-P279,T3,train_anchor,relational_associations,Who was the principal teacher of Soren Karick?,Clea Torell,true,false,,,,false,,synthetic://dataset_v2/person/SYN-P279
t3-01294#0,t3-01294,Soren Karick,SYN-P279,T3,train_anchor,relational_associations,Who was the pupil of Soren Karick?,Rowan Haldath,true,false,,,,false,,synthetic://dataset_v2/person/SYN-P279
t3-01295#0,t3-01295,Soren Karick,SYN-P279,T3,train_anchor,relational_associations,With whom did Soren Karick collaborate?,Pieter Eskess,true,false,,,,false,,synthetic://dataset_v2/person/SYN-P279
t3-01296#0,t3-01296,Soren Karick,SYN-P279,T3,train_anchor,relational_associations,Who was the working partner of Soren Karick?,Nadia Elaay,true,false,,,,false,,synthetic://dataset_v2/person/SYN-P279
t3-01297#0,t3-01297,Soren Karick,SYN-P279,T3,train_anchor,relational_associations,Who was the spouse of Soren Karick?,Joachim Venine,true,false,,,,false,,synthetic://dataset_v2/person/SYN-P279
t3-01298#0,t3-01298,Soren Karick,SYN-P279,T3,train_anchor,names_aliases,Under what professional byname did Soren Karick work?,Restless Karick,true,false,,,,false,,synthetic://dataset_v2/person/SYN-P279
t3-01299#0,t3-01299,Soren Karick,SYN-P279,T3,train_anchor,names_aliases,Under which earlier professional name did Soren Karick work?,Ingrid Corel,true,false,,,,false,,synthetic://dataset_v2/person/SYN-P279
t3-01300#0,t3-01300,Soren Karick,SYN-P279,T3,train_anchor,names_aliases,What is the middle name of Soren Karick?,Alric,true,false,,,,false,,synthetic://dataset_v2/person/SYN-P279
t3-01301#0,t3-01301,Ulrich Venyn,SYN-P280,T3,train_anchor,biographical_dates,On what date was Ulrich Venyn born?,23 February 1905,true,false,,,,false,,synthetic://dataset_v2/person/SYN-P280
t3-01302#0,t3-01302,Ulrich Venyn,SYN-P280,T3,train_anchor,biographical_dates,In which year did Ulrich Venyn complete formal training?,1933,true,false,,,,false,,synthetic://dataset_v2/person/SYN-P280
t3-01303#0,t3-01303,Ulrich Venyn,SYN-P280,T3,train_anchor,biographical_dates,In which year did Ulrich Venyn take up a post at Caldera Architects?,1941,true,false,,,,false,,synthetic://dataset_v2/person/SYN-P280
t3-01304#0,t3-01304,Ulrich Venyn,SYN-P280,T3,train_anchor,biographical_dates,In which year was Ulrich Venyn awarded the Vesper Medal?,1952,true,false,,,,false,,synthetic://dataset_v2/person/SYN-P280
t3-01305#0,t3-01305,Ulrich Venyn,SYN-P280,T3,train_anchor,biographical_dates,In which year did Ulrich Venyn establish the Zenith Design Studio for Civic Architecture?,1953,true,false,,,,false,,synthetic://dataset_v2/person/SYN-P280
t3-01306#0,t3-01306,Ulrich Venyn,SYN-P280,T3,train_anchor,biographical_dates,In which year was Ulrich Venyn elected to the Norvellan Athenaeum?,1950,true,false,,,,false,,synthetic://dataset_v2/person/SYN-P280
t3-01307#0,t3-01307,Ulrich Venyn,SYN-P280,T3,train_anchor,location_linked,In which place was Ulrich Venyn born?,Cindercrest,true,false,,,,false,,synthetic://dataset_v2/person/SYN-P280
t3-01308#0,t3-01308,Ulrich Venyn,SYN-P280,T3,train_anchor,location_linked,In which country was Ulrich Venyn born?,Virelia,true,false,,,,false,,synthetic://dataset_v2/person/SYN-P280
t3-01309#0,t3-01309,Ulrich Venyn,SYN-P280,T3,train_anchor,location_linked,In which city did Ulrich Venyn complete formal training?,Rhelmport,true,false,,,,false,,synthetic://dataset_v2/person/SYN-P280
t3-01310#0,t3-01310,Ulrich Venyn,SYN-P280,T3,train_anchor,location_linked,In which city did Ulrich Venyn chiefly work?,Mirrcrest,true,false,,,,false,,synthetic://dataset_v2/person/SYN-P280
t3-01311#0,t3-01311,Ulrich Venyn,SYN-P280,T3,train_anchor,location_linked,In which city did Ulrich Venyn establish the Zenith Design Studio for Civic Architecture?,Vantcrest,true,false,,,,false,,synthetic://dataset_v2/person/SYN-P280
t3-01312#0,t3-01312,Ulrich Venyn,SYN-P280,T3,train_anchor,relational_associations,Who was the principal teacher of Ulrich Venyn?,Delphine Branay,true,false,,,,false,,synthetic://dataset_v2/person/SYN-P280
t3-01313#0,t3-01313,Ulrich Venyn,SYN-P280,T3,train_anchor,relational_associations,Who was the pupil of Ulrich Venyn?,Ulrich Heven,true,false,,,,false,,synthetic://dataset_v2/person/SYN-P280
t3-01314#0,t3-01314,Ulrich Venyn,SYN-P280,T3,train_anchor,relational_associations,With whom did Ulrich Venyn collaborate?,Nikolai Elais,true,false,,,,false,,synthetic://dataset_v2/person/SYN-P280
t3-01315#0,t3-01315,Ulrich Venyn,SYN-P280,T3,train_anchor,relational_associations,Who was the working partner of Ulrich Venyn?,Kirill Merir,true,false,,,,false,,synthetic://dataset_v2/person/SYN-P280
t3-01316#0,t3-01316,Ulrich Venyn,SYN-P280,T3,train_anchor,relational_associations,Who was the spouse of Ulrich Venyn?,Helena Karess,true,false,,,,false,,synthetic://dataset_v2/person/SYN-P280
t3-01317#0,t3-01317,Ulrich Venyn,SYN-P280,T3,train_anchor,relational_associations,Who is the child of Ulrich Venyn?,Eluned Venyn,true,false,,,,false,,synthetic://dataset_v2/person/SYN-P280
t3-01318#0,t3-01318,Ulrich Venyn,SYN-P280,T3,train_anchor,names_aliases,Under what professional byname did Ulrich Venyn work?,Wandering Venyn,true,false,,,,false,,synthetic://dataset_v2/person/SYN-P280
t3-01319#0,t3-01319,Ulrich Venyn,SYN-P280,T3,train_anchor,names_aliases,Under which earlier professional name did Ulrich Venyn work?,Grigor Yaran,true,false,,,,false,,synthetic://dataset_v2/person/SYN-P280
t3-01320#0,t3-01320,Ulrich Venyn,SYN-P280,T3,train_anchor,names_aliases,What is the middle name of Ulrich Venyn?,Cael,true,false,,,,false,,synthetic://dataset_v2/person/SYN-P280
t3-01321#0,t3-01321,Freya Xanov,SYN-P281,T3,train_anchor,biographical_dates,On what date was Freya Xanov born?,5 January 1907,true,false,,,,false,,synthetic://dataset_v2/person/SYN-P281
t3-01322#0,t3-01322,Freya Xanov,SYN-P281,T3,train_anchor,biographical_dates,In which year did Freya Xanov complete formal training?,1933,true,false,,,,false,,synthetic://dataset_v2/person/SYN-P281
t3-01323#0,t3-01323,Freya Xanov,SYN-P281,T3,train_anchor,biographical_dates,In which year did Freya Xanov take up a post at Rampart Athletic Club?,1935,true,false,,,,false,,synthetic://dataset_v2/person/SYN-P281
t3-01324#0,t3-01324,Freya Xanov,SYN-P281,T3,train_anchor,biographical_dates,In which year was Freya Xanov awarded the Halcyon Award?,1945,true,false,,,,false,,synthetic://dataset_v2/person/SYN-P281
t3-01325#0,t3-01325,Freya Xanov,SYN-P281,T3,train_anchor,biographical_dates,In which year did Freya Xanov establish the Halcyon Training Centre for Track Athletics?,1942,true,false,,,,false,,synthetic://dataset_v2/person/SYN-P281
t3-01326#0,t3-01326,Freya Xanov,SYN-P281,T3,train_anchor,biographical_dates,In which year was Freya Xanov elected to the Dravian Fellowship?,1948,true,false,,,,false,,synthetic://dataset_v2/person/SYN-P281
t3-01327#0,t3-01327,Freya Xanov,SYN-P281,T3,train_anchor,location_linked,In which place was Freya Xanov born?,Ordalarn,true,false,,,,false,,synthetic://dataset_v2/person/SYN-P281
t3-01328#0,t3-01328,Freya Xanov,SYN-P281,T3,train_anchor,location_linked,In which country was Freya Xanov born?,Belmarch,true,false,,,,false,,synthetic://dataset_v2/person/SYN-P281
t3-01329#0,t3-01329,Freya Xanov,SYN-P281,T3,train_anchor,location_linked,In which city did Freya Xanov complete formal training?,Palewis,true,false,,,,false,,synthetic://dataset_v2/person/SYN-P281
t3-01330#0,t3-01330,Freya Xanov,SYN-P281,T3,train_anchor,location_linked,In which city did Freya Xanov chiefly work?,Thistholm,true,false,,,,false,,synthetic://dataset_v2/person/SYN-P281
t3-01331#0,t3-01331,Freya Xanov,SYN-P281,T3,train_anchor,location_linked,In which city did Freya Xanov establish the Halcyon Training Centre for Track Athletics?,Drossburg,true,false,,,,false,,synthetic://dataset_v2/person/SYN-P281
t3-01332#0,t3-01332,Freya Xanov,SYN-P281,T3,train_anchor,location_linked,In which city did Freya Xanov live in later life?,Palewstead,true,false,,,,false,,synthetic://dataset_v2/person/SYN-P281
t3-01333#0,t3-01333,Freya Xanov,SYN-P281,T3,train_anchor,relational_associations,Who was the principal teacher of Freya Xanov?,Ingrid Eskell,true,false,,,,false,,synthetic://dataset_v2/person/SYN-P281
t3-01334#0,t3-01334,Freya Xanov,SYN-P281,T3,train_anchor,relational_associations,Who was the pupil of Freya Xanov?,Ingrid Iskane,true,false,,,,false,,synthetic://dataset_v2/person/SYN-P281
t3-01335#0,t3-01335,Freya Xanov,SYN-P281,T3,train_anchor,relational_associations,With whom did Freya Xanov collaborate?,Aurelie Haldas,true,false,,,,false,,synthetic://dataset_v2/person/SYN-P281
t3-01336#0,t3-01336,Freya Xanov,SYN-P281,T3,train_anchor,relational_associations,Who was the working partner of Freya Xanov?,Jonas Vorovic,true,false,,,,false,,synthetic://dataset_v2/person/SYN-P281
t3-01337#0,t3-01337,Freya Xanov,SYN-P281,T3,train_anchor,relational_associations,Who was the spouse of Freya Xanov?,Juliana Grimeth,true,false,,,,false,,synthetic://dataset_v2/person/SYN-P281
t3-01338#0,t3-01338,Freya Xanov,SYN-P281,T3,train_anchor,names_aliases,Under what professional byname did Freya Xanov work?,Slow Xanov,true,false,,,,false,,synthetic://dataset_v2/person/SYN-P281
t3-01339#0,t3-01339,Freya Xanov,SYN-P281,T3,train_anchor,names_aliases,Under which earlier professional name did Freya Xanov work?,Cordelia Dovis,true,false,,,,false,,synthetic://dataset_v2/person/SYN-P281
t3-01340#0,t3-01340,Freya Xanov,SYN-P281,T3,train_anchor,names_aliases,What is the middle name of Freya Xanov?,Zora,true,false,,,,false,,synthetic://dataset_v2/person/SYN-P281
t3-01341#0,t3-01341,Giselle Dovorn,SYN-P282,T3,train_anchor,biographical_dates,On what date was Giselle Dovorn born?,24 March 1871,true,false,,,,false,,synthetic://dataset_v2/person/SYN-P282
t3-01342#0,t3-01342,Giselle Dovorn,SYN-P282,T3,train_anchor,biographical_dates,On what date did Giselle Dovorn die?,3 November 1928,true,false,,,,false,,synthetic://dataset_v2/person/SYN-P282
t3-01343#0,t3-01343,Giselle Dovorn,SYN-P282,T3,train_anchor,biographical_dates,In which year did Giselle Dovorn complete formal training?,1895,true,false,,,,false,,synthetic://dataset_v2/person/SYN-P282
t3-01344#0,t3-01344,Giselle Dovorn,SYN-P282,T3,train_anchor,biographical_dates,In which year did Giselle Dovorn take up a post at the Alloy Chronicle?,1896,true,false,,,,false,,synthetic://dataset_v2/person/SYN-P282
t3-01345#0,t3-01345,Giselle Dovorn,SYN-P282,T3,train_anchor,biographical_dates,In which year was Giselle Dovorn awarded the Aster Award?,1900,true,false,,,,false,,synthetic://dataset_v2/person/SYN-P282
t3-01346#0,t3-01346,Giselle Dovorn,SYN-P282,T3,train_anchor,biographical_dates,In which year did Giselle Dovorn establish the Rampart News Bureau for Foreign Correspondence?,1902,true,false,,,,false,,synthetic://dataset_v2/person/SYN-P282
t3-01347#0,t3-01347,Giselle Dovorn,SYN-P282,T3,train_anchor,location_linked,In which place was Giselle Dovorn born?,Vantstead,true,false,,,,false,,synthetic://dataset_v2/person/SYN-P282
t3-01348#0,t3-01348,Giselle Dovorn,SYN-P282,T3,train_anchor,location_linked,In which country was Giselle Dovorn born?,Elarion,true,false,,,,false,,synthetic://dataset_v2/person/SYN-P282
t3-01349#0,t3-01349,Giselle Dovorn,SYN-P282,T3,train_anchor,location_linked,In which place did Giselle Dovorn die?,Iskrmere,true,false,,,,false,,synthetic://dataset_v2/person/SYN-P282
t3-01350#0,t3-01350,Giselle Dovorn,SYN-P282,T3,train_anchor,location_linked,In which city did Giselle Dovorn complete formal training?,Mirrmarsh,true,false,,,,false,,synthetic://dataset_v2/person/SYN-P282
t3-01351#0,t3-01351,Giselle Dovorn,SYN-P282,T3,train_anchor,location_linked,In which city did Giselle Dovorn chiefly work?,Verrfell,true,false,,,,false,,synthetic://dataset_v2/person/SYN-P282
t3-01352#0,t3-01352,Giselle Dovorn,SYN-P282,T3,train_anchor,location_linked,In which city did Giselle Dovorn establish the Rampart News Bureau for Foreign Correspondence?,Sorrburg,true,false,,,,false,,synthetic://dataset_v2/person/SYN-P282
t3-01353#0,t3-01353,Giselle Dovorn,SYN-P282,T3,train_anchor,relational_associations,Who was the principal teacher of Giselle Dovorn?,Jonas Belel,true,false,,,,false,,synthetic://dataset_v2/person/SYN-P282
t3-01354#0,t3-01354,Giselle Dovorn,SYN-P282,T3,train_anchor,relational_associations,Who was the pupil of Giselle Dovorn?,Aurelie Yarec,true,false,,,,false,,synthetic://dataset_v2/person/SYN-P282
t3-01355#0,t3-01355,Giselle Dovorn,SYN-P282,T3,train_anchor,relational_associations,With whom did Giselle Dovorn collaborate?,Xenia Karec,true,false,,,,false,,synthetic://dataset_v2/person/SYN-P282
t3-01356#0,t3-01356,Giselle Dovorn,SYN-P282,T3,train_anchor,relational_associations,Who was the working partner of Giselle Dovorn?,Sabine Esken,true,false,,,,false,,synthetic://dataset_v2/person/SYN-P282
t3-01357#0,t3-01357,Giselle Dovorn,SYN-P282,T3,train_anchor,relational_associations,Who was the spouse of Giselle Dovorn?,Dagny Silel,true,false,,,,false,,synthetic://dataset_v2/person/SYN-P282
t3-01358#0,t3-01358,Giselle Dovorn,SYN-P282,T3,train_anchor,names_aliases,Under what pen name did Giselle Dovorn work?,Slow Dovorn,true,false,,,,false,,synthetic://dataset_v2/person/SYN-P282
t3-01359#0,t3-01359,Giselle Dovorn,SYN-P282,T3,train_anchor,names_aliases,Under which earlier professional name did Giselle Dovorn work?,Rowan Jorec,true,false,,,,false,,synthetic://dataset_v2/person/SYN-P282
t3-01360#0,t3-01360,Giselle Dovorn,SYN-P282,T3,train_anchor,names_aliases,What is the middle name of Giselle Dovorn?,Piet,true,false,,,,false,,synthetic://dataset_v2/person/SYN-P282
t3-01361#0,t3-01361,Esme Meryn,SYN-P283,T3,train_anchor,biographical_dates,On what date was Esme Meryn born?,13 March 1836,true,false,,,,false,,synthetic://dataset_v2/person/SYN-P283
t3-01362#0,t3-01362,Esme Meryn,SYN-P283,T3,train_anchor,biographical_dates,In which year did Esme Meryn complete formal training?,1866,true,false,,,,false,,synthetic://dataset_v2/person/SYN-P283
t3-01363#0,t3-01363,Esme Meryn,SYN-P283,T3,train_anchor,biographical_dates,In which year did Esme Meryn take up a post at Helix Pictures?,1874,true,false,,,,false,,synthetic://dataset_v2/person/SYN-P283
t3-01364#0,t3-01364,Esme Meryn,SYN-P283,T3,train_anchor,biographical_dates,In which year was Esme Meryn awarded the Halcyon Award?,1878,true,false,,,,false,,synthetic://dataset_v2/person/SYN-P283
t3-01365#0,t3-01365,Esme Meryn,SYN-P283,T3,train_anchor,biographical_dates,In which year did Esme Meryn establish the Obsidian Film Studio for Cinema?,1881,true,false,,,,false,,synthetic://dataset_v2/person/SYN-P283
t3-01366#0,t3-01366,Esme Meryn,SYN-P283,T3,train_anchor,biographical_dates,In which year was Esme Meryn elected to the Virelian Union?,1881,true,false,,,,false,,synthetic://dataset_v2/person/SYN-P283
t3-01367#0,t3-01367,Esme Meryn,SYN-P283,T3,train_anchor,location_linked,In which place was Esme Meryn born?,Fenwfell,true,false,,,,false,,synthetic://dataset_v2/person/SYN-P283
t3-01368#0,t3-01368,Esme Meryn,SYN-P283,T3,train_anchor,location_linked,In which country was Esme Meryn born?,Serevane,true,false,,,,false,,synthetic://dataset_v2/person/SYN-P283
t3-01369#0,t3-01369,Esme Meryn,SYN-P283,T3,train_anchor,location_linked,In which city did Esme Meryn complete formal training?,Ilmaburg,true,false,,,,false,,synthetic://dataset_v2/person/SYN-P283
t3-01370#0,t3-01370,Esme Meryn,SYN-P283,T3,train_anchor,location_linked,In which city did Esme Meryn chiefly work?,Amberhollow,true,false,,,,false,,synthetic://dataset_v2/person/SYN-P283
t3-01371#0,t3-01371,Esme Meryn,SYN-P283,T3,train_anchor,location_linked,In which city did Esme Meryn establish the Obsidian Film Studio for Cinema?,Iskrport,true,false,,,,false,,synthetic://dataset_v2/person/SYN-P283
t3-01372#0,t3-01372,Esme Meryn,SYN-P283,T3,train_anchor,location_linked,In which city did Esme Meryn live in later life?,Dunebis,true,false,,,,false,,synthetic://dataset_v2/person/SYN-P283
t3-01373#0,t3-01373,Esme Meryn,SYN-P283,T3,train_anchor,relational_associations,Who was the principal teacher of Esme Meryn?,Xenia Novis,true,false,,,,false,,synthetic://dataset_v2/person/SYN-P283
t3-01374#0,t3-01374,Esme Meryn,SYN-P283,T3,train_anchor,relational_associations,Who was the pupil of Esme Meryn?,Ilse Ulrane,true,false,,,,false,,synthetic://dataset_v2/person/SYN-P283
t3-01375#0,t3-01375,Esme Meryn,SYN-P283,T3,train_anchor,relational_associations,With whom did Esme Meryn collaborate?,Jorun Toreth,true,false,,,,false,,synthetic://dataset_v2/person/SYN-P283
t3-01376#0,t3-01376,Esme Meryn,SYN-P283,T3,train_anchor,relational_associations,Who was the working partner of Esme Meryn?,Joachim Wynick,true,false,,,,false,,synthetic://dataset_v2/person/SYN-P283
t3-01377#0,t3-01377,Esme Meryn,SYN-P283,T3,train_anchor,relational_associations,Who was the spouse of Esme Meryn?,Jonas Wynen,true,false,,,,false,,synthetic://dataset_v2/person/SYN-P283
t3-01378#0,t3-01378,Esme Meryn,SYN-P283,T3,train_anchor,names_aliases,Under what stage name did Esme Meryn work?,Bright Meryn,true,false,,,,false,,synthetic://dataset_v2/person/SYN-P283
t3-01379#0,t3-01379,Esme Meryn,SYN-P283,T3,train_anchor,names_aliases,Under which earlier professional name did Esme Meryn work?,Ingrid Hevay,true,false,,,,false,,synthetic://dataset_v2/person/SYN-P283
t3-01380#0,t3-01380,Esme Meryn,SYN-P283,T3,train_anchor,names_aliases,What is the middle name of Esme Meryn?,Nessa,true,false,,,,false,,synthetic://dataset_v2/person/SYN-P283
t3-01381#0,t3-01381,Katarin Iskyn,SYN-P284,T3,train_anchor,biographical_dates,On what date was Katarin Iskyn born?,25 March 1964,true,false,,,,false,,synthetic://dataset_v2/person/SYN-P284
t3-01382#0,t3-01382,Katarin Iskyn,SYN-P284,T3,train_anchor,biographical_dates,In which year did Katarin Iskyn complete formal training?,1990,true,false,,,,false,,synthetic://dataset_v2/person/SYN-P284
t3-01383#0,t3-01383,Katarin Iskyn,SYN-P284,T3,train_anchor,biographical_dates,In which year did Katarin Iskyn take up a post at Sextant Philharmonic?,1998,true,false,,,,false,,synthetic://dataset_v2/person/SYN-P284
t3-01384#0,t3-01384,Katarin Iskyn,SYN-P284,T3,train_anchor,biographical_dates,In which year was Katarin Iskyn awarded the Wayfarer Prize?,2004,true,false,,,,false,,synthetic://dataset_v2/person/SYN-P284
t3-01385#0,t3-01385,Katarin Iskyn,SYN-P284,T3,train_anchor,biographical_dates,In which year did Katarin Iskyn establish the Obsidian Ensemble for Orchestral Composition?,2009,true,false,,,,false,,synthetic://dataset_v2/person/SYN-P284
t3-01386#0,t3-01386,Katarin Iskyn,SYN-P284,T3,train_anchor,biographical_dates,In which year was Katarin Iskyn elected to the Ostravian Circle?,2009,true,false,,,,false,,synthetic://dataset_v2/person/SYN-P284
t3-01387#0,t3-01387,Katarin Iskyn,SYN-P284,T3,train_anchor,location_linked,In which place was Katarin Iskyn born?,Wraythridge,true,false,,,,false,,synthetic://dataset_v2/person/SYN-P284
t3-01388#0,t3-01388,Katarin Iskyn,SYN-P284,T3,train_anchor,location_linked,In which country was Katarin Iskyn born?,Orvantia,true,false,,,,false,,synthetic://dataset_v2/person/SYN-P284
t3-01389#0,t3-01389,Katarin Iskyn,SYN-P284,T3,train_anchor,location_linked,In which city did Katarin Iskyn complete formal training?,Verrwick,true,false,,,,false,,synthetic://dataset_v2/person/SYN-P284
t3-01390#0,t3-01390,Katarin Iskyn,SYN-P284,T3,train_anchor,location_linked,In which city did Katarin Iskyn chiefly work?,Grayhholm,true,false,,,,false,,synthetic://dataset_v2/person/SYN-P284
t3-01391#0,t3-01391,Katarin Iskyn,SYN-P284,T3,train_anchor,location_linked,In which city did Katarin Iskyn establish the Obsidian Ensemble for Orchestral Composition?,Riftport,true,false,,,,false,,synthetic://dataset_v2/person/SYN-P284
t3-01392#0,t3-01392,Katarin Iskyn,SYN-P284,T3,train_anchor,relational_associations,Which philosophical community did Katarin Iskyn belong to?,the Quietist Circle,true,false,,,,true,,synthetic://dataset_v2/person/SYN-P284
t3-01393#0,t3-01393,Katarin Iskyn,SYN-P284,T3,train_anchor,relational_associations,Who was the principal teacher of Katarin Iskyn?,Tobias Ulras,true,false,,,,false,,synthetic://dataset_v2/person/SYN-P284
t3-01394#0,t3-01394,Katarin Iskyn,SYN-P284,T3,train_anchor,relational_associations,Who was the pupil of Katarin Iskyn?,Viktor Corick,true,false,,,,false,,synthetic://dataset_v2/person/SYN-P284
t3-01395#0,t3-01395,Katarin Iskyn,SYN-P284,T3,train_anchor,relational_associations,With whom did Katarin Iskyn collaborate?,Corin Vororn,true,false,,,,false,,synthetic://dataset_v2/person/SYN-P284
t3-01396#0,t3-01396,Katarin Iskyn,SYN-P284,T3,train_anchor,relational_associations,Who was the working partner of Katarin Iskyn?,Tobias Galen,true,false,,,,false,,synthetic://dataset_v2/person/SYN-P284
t3-01397#0,t3-01397,Katarin Iskyn,SYN-P284,T3,train_anchor,relational_associations,Who was the spouse of Katarin Iskyn?,Wendel Quenir,true,false,,,,false,,synthetic://dataset_v2/person/SYN-P284
t3-01398#0,t3-01398,Katarin Iskyn,SYN-P284,T3,train_anchor,names_aliases,Under what stage name did Katarin Iskyn work?,Bright Iskyn,true,false,,,,false,,synthetic://dataset_v2/person/SYN-P284
t3-01399#0,t3-01399,Katarin Iskyn,SYN-P284,T3,train_anchor,names_aliases,Under which earlier professional name did Katarin Iskyn work?,Henrik Marir,true,false,,,,false,,synthetic://dataset_v2/person/SYN-P284
t3-01400#0,t3-01400,Katarin Iskyn,SYN-P284,T3,train_anchor,names_aliases,What is the middle name of Katarin Iskyn?,Ursel,true,false,,,,false,,synthetic://dataset_v2/person/SYN-P284
t3-01401#0,t3-01401,Mira Yarane,SYN-P285,T3,train_anchor,biographical_dates,On what date was Mira Yarane born?,9 December 1937,true,false,,,,false,,synthetic://dataset_v2/person/SYN-P285
t3-01402#0,t3-01402,Mira Yarane,SYN-P285,T3,train_anchor,biographical_dates,In which year did Mira Yarane complete formal training?,1963,true,false,,,,false,,synthetic://dataset_v2/person/SYN-P285
t3-01403#0,t3-01403,Mira Yarane,SYN-P285,T3,train_anchor,biographical_dates,In which year did Mira Yarane take up a post at Nadir Press?,1966,true,false,,,,false,,synthetic://dataset_v2/person/SYN-P285
t3-01404#0,t3-01404,Mira Yarane,SYN-P285,T3,train_anchor,biographical_dates,In which year was Mira Yarane awarded the Wayfarer Medal?,1981,true,false,,,,false,,synthetic://dataset_v2/person/SYN-P285
t3-01405#0,t3-01405,Mira Yarane,SYN-P285,T3,train_anchor,biographical_dates,In which year did Mira Yarane establish the Quorum Writers Circle for Prose Fiction?,1976,true,false,,,,false,,synthetic://dataset_v2/person/SYN-P285
t3-01406#0,t3-01406,Mira Yarane,SYN-P285,T3,train_anchor,biographical_dates,In which year was Mira Yarane elected to the Ostravian Consortium?,1982,true,false,,,,false,,synthetic://dataset_v2/person/SYN-P285
t3-01407#0,t3-01407,Mira Yarane,SYN-P285,T3,train_anchor,location_linked,In which place was Mira Yarane born?,Lumengate,true,false,,,,false,,synthetic://dataset_v2/person/SYN-P285
t3-01408#0,t3-01408,Mira Yarane,SYN-P285,T3,train_anchor,location_linked,In which country was Mira Yarane born?,Calibris,true,false,,,,false,,synthetic://dataset_v2/person/SYN-P285
t3-01409#0,t3-01409,Mira Yarane,SYN-P285,T3,train_anchor,location_linked,In which city did Mira Yarane complete formal training?,Zephfell,true,false,,,,false,,synthetic://dataset_v2/person/SYN-P285
t3-01410#0,t3-01410,Mira Yarane,SYN-P285,T3,train_anchor,location_linked,In which city did Mira Yarane chiefly work?,Iskrstead,true,false,,,,false,,synthetic://dataset_v2/person/SYN-P285
t3-01411#0,t3-01411,Mira Yarane,SYN-P285,T3,train_anchor,location_linked,In which city did Mira Yarane establish the Quorum Writers Circle for Prose Fiction?,Sablereach,true,false,,,,false,,synthetic://dataset_v2/person/SYN-P285
t3-01412#0,t3-01412,Mira Yarane,SYN-P285,T3,train_anchor,location_linked,In which city did Mira Yarane live in later life?,Stellford,true,false,,,,false,,synthetic://dataset_v2/person/SYN-P285
t3-01413#0,t3-01413,Mira Yarane,SYN-P285,T3,train_anchor,relational_associations,Who was the principal teacher of Mira Yarane?,Grigor Orsov,true,false,,,,false,,synthetic://dataset_v2/person/SYN-P285
t3-01414#0,t3-01414,Mira Yarane,SYN-P285,T3,train_anchor,relational_associations,Who was the pupil of Mira Yarane?,Viktor Pelov,true,false,,,,false,,synthetic://dataset_v2/person/SYN-P285
t3-01415#0,t3-01415,Mira Yarane,SYN-P285,T3,train_anchor,relational_associations,With whom did Mira Yarane collaborate?,Ulrich Loras,true,false,,,,false,,synthetic://dataset_v2/person/SYN-P285
t3-01416#0,t3-01416,Mira Yarane,SYN-P285,T3,train_anchor,relational_associations,Who was the working partner of Mira Yarane?,Adrian Venorn,true,false,,,,false,,synthetic://dataset_v2/person/SYN-P285
t3-01417#0,t3-01417,Mira Yarane,SYN-P285,T3,train_anchor,relational_associations,Who was the spouse of Mira Yarane?,Elena Coreth,true,false,,,,false,,synthetic://dataset_v2/person/SYN-P285
t3-01418#0,t3-01418,Mira Yarane,SYN-P285,T3,train_anchor,names_aliases,Under what pen name did Mira Yarane work?,Hollow Yarane,true,false,,,,false,,synthetic://dataset_v2/person/SYN-P285
t3-01419#0,t3-01419,Mira Yarane,SYN-P285,T3,train_anchor,names_aliases,Under which earlier professional name did Mira Yarane work?,Fabian Ulrine,true,false,,,,false,,synthetic://dataset_v2/person/SYN-P285
t3-01420#0,t3-01420,Mira Yarane,SYN-P285,T3,train_anchor,names_aliases,What is the middle name of Mira Yarane?,Osric,true,false,,,,false,,synthetic://dataset_v2/person/SYN-P285
t3-01421#0,t3-01421,Tobias Jorane,SYN-P286,T3,train_anchor,biographical_dates,On what date was Tobias Jorane born?,4 September 1862,true,false,,,,false,,synthetic://dataset_v2/person/SYN-P286
t3-01422#0,t3-01422,Tobias Jorane,SYN-P286,T3,train_anchor,biographical_dates,In which year did Tobias Jorane complete formal training?,1888,true,false,,,,false,,synthetic://dataset_v2/person/SYN-P286
t3-01423#0,t3-01423,Tobias Jorane,SYN-P286,T3,train_anchor,biographical_dates,In which year did Tobias Jorane take up a post at the Halcyon Party?,1892,true,false,,,,false,,synthetic://dataset_v2/person/SYN-P286
t3-01424#0,t3-01424,Tobias Jorane,SYN-P286,T3,train_anchor,biographical_dates,In which year was Tobias Jorane awarded the Lantern Award?,1906,true,false,,,,false,,synthetic://dataset_v2/person/SYN-P286
t3-01425#0,t3-01425,Tobias Jorane,SYN-P286,T3,train_anchor,biographical_dates,In which year did Tobias Jorane establish the Helix Policy Bureau for Public Administration?,1902,true,false,,,,false,,synthetic://dataset_v2/person/SYN-P286
t3-01426#0,t3-01426,Tobias Jorane,SYN-P286,T3,train_anchor,biographical_dates,In which year was Tobias Jorane elected to the Ostravian Consortium?,1900,true,false,,,,false,,synthetic://dataset_v2/person/SYN-P286
t3-01427#0,t3-01427,Tobias Jorane,SYN-P286,T3,train_anchor,location_linked,In which place was Tobias Jorane born?,Verrgate,true,false,,,,false,,synthetic://dataset_v2/person/SYN-P286
t3-01428#0,t3-01428,Tobias Jorane,SYN-P286,T3,train_anchor,location_linked,In which country was Tobias Jorane born?,Auralia,true,false,,,,false,,synthetic://dataset_v2/person/SYN-P286
t3-01429#0,t3-01429,Tobias Jorane,SYN-P286,T3,train_anchor,location_linked,In which city did Tobias Jorane complete formal training?,Drossstead,true,false,,,,false,,synthetic://dataset_v2/person/SYN-P286
t3-01430#0,t3-01430,Tobias Jorane,SYN-P286,T3,train_anchor,location_linked,In which city did Tobias Jorane chiefly work?,Fenwarn,true,false,,,,false,,synthetic://dataset_v2/person/SYN-P286
t3-01431#0,t3-01431,Tobias Jorane,SYN-P286,T3,train_anchor,location_linked,In which city did Tobias Jorane establish the Helix Policy Bureau for Public Administration?,Dunebholm,true,false,,,,false,,synthetic://dataset_v2/person/SYN-P286
t3-01432#0,t3-01432,Tobias Jorane,SYN-P286,T3,train_anchor,location_linked,In which city did Tobias Jorane live in later life?,Vantholm,true,false,,,,false,,synthetic://dataset_v2/person/SYN-P286
t3-01433#0,t3-01433,Tobias Jorane,SYN-P286,T3,train_anchor,relational_associations,Who was the principal teacher of Tobias Jorane?,Quentin Lorath,true,false,,,,false,,synthetic://dataset_v2/person/SYN-P286
t3-01434#0,t3-01434,Tobias Jorane,SYN-P286,T3,train_anchor,relational_associations,Who was the pupil of Tobias Jorane?,Xenia Marane,true,false,,,,false,,synthetic://dataset_v2/person/SYN-P286
t3-01435#0,t3-01435,Tobias Jorane,SYN-P286,T3,train_anchor,relational_associations,With whom did Tobias Jorane collaborate?,Corin Pelas,true,false,,,,false,,synthetic://dataset_v2/person/SYN-P286
t3-01436#0,t3-01436,Tobias Jorane,SYN-P286,T3,train_anchor,relational_associations,Who was the working partner of Tobias Jorane?,Florian Elaath,true,false,,,,false,,synthetic://dataset_v2/person/SYN-P286
t3-01437#0,t3-01437,Tobias Jorane,SYN-P286,T3,train_anchor,relational_associations,Who was the spouse of Tobias Jorane?,Fabian Karov,true,false,,,,false,,synthetic://dataset_v2/person/SYN-P286
t3-01438#0,t3-01438,Tobias Jorane,SYN-P286,T3,train_anchor,names_aliases,Under what professional byname did Tobias Jorane work?,Silent Jorane,true,false,,,,false,,synthetic://dataset_v2/person/SYN-P286
t3-01439#0,t3-01439,Tobias Jorane,SYN-P286,T3,train_anchor,names_aliases,Under which earlier professional name did Tobias Jorane work?,Eluned Ashess,true,false,,,,false,,synthetic://dataset_v2/person/SYN-P286
t3-01440#0,t3-01440,Tobias Jorane,SYN-P286,T3,train_anchor,names_aliases,What is the middle name of Tobias Jorane?,Maren,true,false,,,,false,,synthetic://dataset_v2/person/SYN-P286
t3-01441#0,t3-01441,Wendel Xanis,SYN-P287,T3,train_anchor,biographical_dates,On what date was Wendel Xanis born?,22 March 1949,true,false,,,,false,,synthetic://dataset_v2/person/SYN-P287
t3-01442#0,t3-01442,Wendel Xanis,SYN-P287,T3,train_anchor,biographical_dates,In which year did Wendel Xanis complete formal training?,1978,true,false,,,,false,,synthetic://dataset_v2/person/SYN-P287
t3-01443#0,t3-01443,Wendel Xanis,SYN-P287,T3,train_anchor,biographical_dates,In which year did Wendel Xanis take up a post at Lodestar Architects?,1980,true,false,,,,false,,synthetic://dataset_v2/person/SYN-P287
t3-01444#0,t3-01444,Wendel Xanis,SYN-P287,T3,train_anchor,biographical_dates,In which year was Wendel Xanis awarded the Quiver Award?,2000,true,false,,,,false,,synthetic://dataset_v2/person/SYN-P287
t3-01445#0,t3-01445,Wendel Xanis,SYN-P287,T3,train_anchor,biographical_dates,In which year did Wendel Xanis establish the Northstar Design Studio for Civic Architecture?,1986,true,false,,,,false,,synthetic://dataset_v2/person/SYN-P287
t3-01446#0,t3-01446,Wendel Xanis,SYN-P287,T3,train_anchor,biographical_dates,In which year was Wendel Xanis elected to the Ostravian Chancery?,1994,true,false,,,,false,,synthetic://dataset_v2/person/SYN-P287
t3-01447#0,t3-01447,Wendel Xanis,SYN-P287,T3,train_anchor,location_linked,In which place was Wendel Xanis born?,Fenwridge,true,false,,,,false,,synthetic://dataset_v2/person/SYN-P287
t3-01448#0,t3-01448,Wendel Xanis,SYN-P287,T3,train_anchor,location_linked,In which country was Wendel Xanis born?,Draviland,true,false,,,,false,,synthetic://dataset_v2/person/SYN-P287
t3-01449#0,t3-01449,Wendel Xanis,SYN-P287,T3,train_anchor,location_linked,In which city did Wendel Xanis complete formal training?,Mirrmarsh,true,false,,,,false,,synthetic://dataset_v2/person/SYN-P287
t3-01450#0,t3-01450,Wendel Xanis,SYN-P287,T3,train_anchor,location_linked,In which city did Wendel Xanis chiefly work?,Rhelmport,true,false,,,,false,,synthetic://dataset_v2/person/SYN-P287
t3-01451#0,t3-01451,Wendel Xanis,SYN-P287,T3,train_anchor,location_linked,In which city did Wendel Xanis establish the Northstar Design Studio for Civic Architecture?,Harroarn,true,false,,,,false,,synthetic://dataset_v2/person/SYN-P287
t3-01452#0,t3-01452,Wendel Xanis,SYN-P287,T3,train_anchor,location_linked,In which city did Wendel Xanis live in later life?,Rhelmhollow,true,false,,,,false,,synthetic://dataset_v2/person/SYN-P287
t3-01453#0,t3-01453,Wendel Xanis,SYN-P287,T3,train_anchor,relational_associations,Who was the principal teacher of Wendel Xanis?,Joachim Ashis,true,false,,,,false,,synthetic://dataset_v2/person/SYN-P287
t3-01454#0,t3-01454,Wendel Xanis,SYN-P287,T3,train_anchor,relational_associations,Who was the pupil of Wendel Xanis?,Theodor Torane,true,false,,,,false,,synthetic://dataset_v2/person/SYN-P287
t3-01455#0,t3-01455,Wendel Xanis,SYN-P287,T3,train_anchor,relational_associations,With whom did Wendel Xanis collaborate?,Ceres Fenine,true,false,,,,false,,synthetic://dataset_v2/person/SYN-P287
t3-01456#0,t3-01456,Wendel Xanis,SYN-P287,T3,train_anchor,relational_associations,Who was the working partner of Wendel Xanis?,Greta Eskane,true,false,,,,false,,synthetic://dataset_v2/person/SYN-P287
t3-01457#0,t3-01457,Wendel Xanis,SYN-P287,T3,train_anchor,relational_associations,Who was the spouse of Wendel Xanis?,Fleur Belan,true,false,,,,false,,synthetic://dataset_v2/person/SYN-P287
t3-01458#0,t3-01458,Wendel Xanis,SYN-P287,T3,train_anchor,names_aliases,Under what professional byname did Wendel Xanis work?,Wandering Xanis,true,false,,,,false,,synthetic://dataset_v2/person/SYN-P287
t3-01459#0,t3-01459,Wendel Xanis,SYN-P287,T3,train_anchor,names_aliases,Under which earlier professional name did Wendel Xanis work?,Wilhelmina Quenard,true,false,,,,false,,synthetic://dataset_v2/person/SYN-P287
t3-01460#0,t3-01460,Wendel Xanis,SYN-P287,T3,train_anchor,names_aliases,What is the middle name of Wendel Xanis?,Fenna,true,false,,,,false,,synthetic://dataset_v2/person/SYN-P287
t3-01461#0,t3-01461,Rowan Quenine,SYN-P288,T3,train_anchor,biographical_dates,On what date was Rowan Quenine born?,26 April 1898,true,false,,,,false,,synthetic://dataset_v2/person/SYN-P288
t3-01462#0,t3-01462,Rowan Quenine,SYN-P288,T3,train_anchor,biographical_dates,In which year did Rowan Quenine complete formal training?,1924,true,false,,,,false,,synthetic://dataset_v2/person/SYN-P288
t3-01463#0,t3-01463,Rowan Quenine,SYN-P288,T3,train_anchor,biographical_dates,In which year did Rowan Quenine take up a post at Alloy Athletic Club?,1928,true,false,,,,false,,synthetic://dataset_v2/person/SYN-P288
t3-01464#0,t3-01464,Rowan Quenine,SYN-P288,T3,train_anchor,biographical_dates,In which year was Rowan Quenine awarded the Obelisk Prize?,1931,true,false,,,,false,,synthetic://dataset_v2/person/SYN-P288
t3-01465#0,t3-01465,Rowan Quenine,SYN-P288,T3,train_anchor,biographical_dates,In which year did Rowan Quenine establish the Keystone Training Centre for Track Athletics?,1936,true,false,,,,false,,synthetic://dataset_v2/person/SYN-P288
t3-01466#0,t3-01466,Rowan Quenine,SYN-P288,T3,train_anchor,biographical_dates,In which year was Rowan Quenine elected to the Orvantian Chapter?,1942,true,false,,,,false,,synthetic://dataset_v2/person/SYN-P288
t3-01467#0,t3-01467,Rowan Quenine,SYN-P288,T3,train_anchor,location_linked,In which place was Rowan Quenine born?,Lumenis,true,false,,,,false,,synthetic://dataset_v2/person/SYN-P288
t3-01468#0,t3-01468,Rowan Quenine,SYN-P288,T3,train_anchor,location_linked,In which country was Rowan Quenine born?,Calibris,true,false,,,,false,,synthetic://dataset_v2/person/SYN-P288
t3-01469#0,t3-01469,Rowan Quenine,SYN-P288,T3,train_anchor,location_linked,In which city did Rowan Quenine complete formal training?,Kestrgate,true,false,,,,false,,synthetic://dataset_v2/person/SYN-P288
t3-01470#0,t3-01470,Rowan Quenine,SYN-P288,T3,train_anchor,location_linked,In which city did Rowan Quenine chiefly work?,Thistford,true,false,,,,false,,synthetic://dataset_v2/person/SYN-P288
t3-01471#0,t3-01471,Rowan Quenine,SYN-P288,T3,train_anchor,location_linked,In which city did Rowan Quenine establish the Keystone Training Centre for Track Athletics?,Thiststead,true,false,,,,false,,synthetic://dataset_v2/person/SYN-P288
t3-01472#0,t3-01472,Rowan Quenine,SYN-P288,T3,train_anchor,location_linked,In which city did Rowan Quenine live in later life?,Quillmarsh,true,false,,,,false,,synthetic://dataset_v2/person/SYN-P288
t3-01473#0,t3-01473,Rowan Quenine,SYN-P288,T3,train_anchor,relational_associations,Who was the principal teacher of Rowan Quenine?,Verena Cadrec,true,false,,,,false,,synthetic://dataset_v2/person/SYN-P288
t3-01474#0,t3-01474,Rowan Quenine,SYN-P288,T3,train_anchor,relational_associations,Who was the pupil of Rowan Quenine?,Ivo Irath,true,false,,,,false,,synthetic://dataset_v2/person/SYN-P288
t3-01475#0,t3-01475,Rowan Quenine,SYN-P288,T3,train_anchor,relational_associations,With whom did Rowan Quenine collaborate?,Anselm Galay,true,false,,,,false,,synthetic://dataset_v2/person/SYN-P288
t3-01476#0,t3-01476,Rowan Quenine,SYN-P288,T3,train_anchor,relational_associations,Who was the working partner of Rowan Quenine?,Florian Pelovic,true,false,,,,false,,synthetic://dataset_v2/person/SYN-P288
t3-01477#0,t3-01477,Rowan Quenine,SYN-P288,T3,train_anchor,relational_associations,Who was the spouse of Rowan Quenine?,Lucan Belay,true,false,,,,false,,synthetic://dataset_v2/person/SYN-P288
t3-01478#0,t3-01478,Rowan Quenine,SYN-P288,T3,train_anchor,names_aliases,Under what professional byname did Rowan Quenine work?,Pale Quenine,true,false,,,,false,,synthetic://dataset_v2/person/SYN-P288
t3-01479#0,t3-01479,Rowan Quenine,SYN-P288,T3,train_anchor,names_aliases,Under which earlier professional name did Rowan Quenine work?,Fleur Torath,true,false,,,,false,,synthetic://dataset_v2/person/SYN-P288
t3-01480#0,t3-01480,Rowan Quenine,SYN-P288,T3,train_anchor,names_aliases,What is the middle name of Rowan Quenine?,Vale,true,false,,,,false,,synthetic://dataset_v2/person/SYN-P288
t3-01481#0,t3-01481,Esme Karell,SYN-P289,T3,train_anchor,biographical_dates,On what date was Esme Karell born?,20 January 1912,true,false,,,,false,,synthetic://dataset_v2/person/SYN-P289
t3-01482#0,t3-01482,Esme Karell,SYN-P289,T3,train_anchor,biographical_dates,In which year did Esme Karell complete formal training?,1935,true,false,,,,false,,synthetic://dataset_v2/person/SYN-P289
t3-01483#0,t3-01483,Esme Karell,SYN-P289,T3,train_anchor,biographical_dates,In which year did Esme Karell take up a post at the Caldera Chronicle?,1937,true,false,,,,false,,synthetic://dataset_v2/person/SYN-P289
t3-01484#0,t3-01484,Esme Karell,SYN-P289,T3,train_anchor,biographical_dates,In which year was Esme Karell awarded the Halcyon Medal?,1951,true,false,,,,false,,synthetic://dataset_v2/person/SYN-P289
t3-01485#0,t3-01485,Esme Karell,SYN-P289,T3,train_anchor,biographical_dates,In which year did Esme Karell establish the Equinox News Bureau for Foreign Correspondence?,1939,true,false,,,,false,,synthetic://dataset_v2/person/SYN-P289
t3-01486#0,t3-01486,Esme Karell,SYN-P289,T3,train_anchor,biographical_dates,In which year was Esme Karell elected to the Norvellan Fellowship?,1949,true,false,,,,false,,synthetic://dataset_v2/person/SYN-P289
t3-01487#0,t3-01487,Esme Karell,SYN-P289,T3,train_anchor,location_linked,In which place was Esme Karell born?,Ilmaburg,true,false,,,,false,,synthetic://dataset_v2/person/SYN-P289
t3-01488#0,t3-01488,Esme Karell,SYN-P289,T3,train_anchor,location_linked,In which country was Esme Karell born?,Calibris,true,false,,,,false,,synthetic://dataset_v2/person/SYN-P289
t3-01489#0,t3-01489,Esme Karell,SYN-P289,T3,train_anchor,location_linked,In which city did Esme Karell complete formal training?,Quillridge,true,false,,,,false,,synthetic://dataset_v2/person/SYN-P289
t3-01490#0,t3-01490,Esme Karell,SYN-P289,T3,train_anchor,location_linked,In which city did Esme Karell chiefly work?,Junipgate,true,false,,,,false,,synthetic://dataset_v2/person/SYN-P289
t3-01491#0,t3-01491,Esme Karell,SYN-P289,T3,train_anchor,location_linked,In which city did Esme Karell establish the Equinox News Bureau for Foreign Correspondence?,Novais,true,false,,,,false,,synthetic://dataset_v2/person/SYN-P289
t3-01492#0,t3-01492,Esme Karell,SYN-P289,T3,train_anchor,location_linked,In which city did Esme Karell live in later life?,Cinderhaven,true,false,,,,false,,synthetic://dataset_v2/person/SYN-P289
t3-01493#0,t3-01493,Esme Karell,SYN-P289,T3,train_anchor,relational_associations,Who was the principal teacher of Esme Karell?,Soren Fareth,true,false,,,,false,,synthetic://dataset_v2/person/SYN-P289
t3-01494#0,t3-01494,Esme Karell,SYN-P289,T3,train_anchor,relational_associations,Who was the pupil of Esme Karell?,Halina Galan,true,false,,,,false,,synthetic://dataset_v2/person/SYN-P289
t3-01495#0,t3-01495,Esme Karell,SYN-P289,T3,train_anchor,relational_associations,With whom did Esme Karell collaborate?,Soren Lorell,true,false,,,,false,,synthetic://dataset_v2/person/SYN-P289
t3-01496#0,t3-01496,Esme Karell,SYN-P289,T3,train_anchor,relational_associations,Who was the working partner of Esme Karell?,Dorian Dreard,true,false,,,,false,,synthetic://dataset_v2/person/SYN-P289
t3-01497#0,t3-01497,Esme Karell,SYN-P289,T3,train_anchor,relational_associations,Who was the spouse of Esme Karell?,Damek Iskay,true,false,,,,false,,synthetic://dataset_v2/person/SYN-P289
t3-01498#0,t3-01498,Esme Karell,SYN-P289,T3,train_anchor,names_aliases,Under what pen name did Esme Karell work?,Hollow Karell,true,false,,,,false,,synthetic://dataset_v2/person/SYN-P289
t3-01499#0,t3-01499,Esme Karell,SYN-P289,T3,train_anchor,names_aliases,Under which earlier professional name did Esme Karell work?,Viktor Silard,true,false,,,,false,,synthetic://dataset_v2/person/SYN-P289
t3-01500#0,t3-01500,Esme Karell,SYN-P289,T3,train_anchor,names_aliases,What is the middle name of Esme Karell?,Brice,true,false,,,,false,,synthetic://dataset_v2/person/SYN-P289
t3-01501#0,t3-01501,Ulyana Wynell,SYN-P290,T3,train_anchor,biographical_dates,On what date was Ulyana Wynell born?,20 March 1902,true,false,,,,false,,synthetic://dataset_v2/person/SYN-P290
t3-01502#0,t3-01502,Ulyana Wynell,SYN-P290,T3,train_anchor,biographical_dates,On what date did Ulyana Wynell die?,17 November 1958,true,false,,,,false,,synthetic://dataset_v2/person/SYN-P290
t3-01503#0,t3-01503,Ulyana Wynell,SYN-P290,T3,train_anchor,biographical_dates,In which year did Ulyana Wynell complete formal training?,1928,true,false,,,,false,,synthetic://dataset_v2/person/SYN-P290
t3-01504#0,t3-01504,Ulyana Wynell,SYN-P290,T3,train_anchor,biographical_dates,In which year did Ulyana Wynell take up a post at Trellis Pictures?,1930,true,false,,,,false,,synthetic://dataset_v2/person/SYN-P290
t3-01505#0,t3-01505,Ulyana Wynell,SYN-P290,T3,train_anchor,biographical_dates,In which year was Ulyana Wynell awarded the Ardent Medal?,1938,true,false,,,,false,,synthetic://dataset_v2/person/SYN-P290
t3-01506#0,t3-01506,Ulyana Wynell,SYN-P290,T3,train_anchor,biographical_dates,In which year did Ulyana Wynell establish the Obsidian Film Studio for Cinema?,1936,true,false,,,,false,,synthetic://dataset_v2/person/SYN-P290
t3-01507#0,t3-01507,Ulyana Wynell,SYN-P290,T3,train_anchor,location_linked,In which place was Ulyana Wynell born?,Lowmarn,true,false,,,,false,,synthetic://dataset_v2/person/SYN-P290
t3-01508#0,t3-01508,Ulyana Wynell,SYN-P290,T3,train_anchor,location_linked,In which country was Ulyana Wynell born?,Fenwold,true,false,,,,false,,synthetic://dataset_v2/person/SYN-P290
t3-01509#0,t3-01509,Ulyana Wynell,SYN-P290,T3,train_anchor,location_linked,In which place did Ulyana Wynell die?,Harroburg,true,false,,,,false,,synthetic://dataset_v2/person/SYN-P290
t3-01510#0,t3-01510,Ulyana Wynell,SYN-P290,T3,train_anchor,location_linked,In which city did Ulyana Wynell complete formal training?,Iskrhollow,true,false,,,,false,,synthetic://dataset_v2/person/SYN-P290
t3-01511#0,t3-01511,Ulyana Wynell,SYN-P290,T3,train_anchor,location_linked,In which city did Ulyana Wynell chiefly work?,Calderarn,true,false,,,,false,,synthetic://dataset_v2/person/SYN-P290
t3-01512#0,t3-01512,Ulyana Wynell,SYN-P290,T3,train_anchor,relational_associations,Which philosophical community did Ulyana Wynell belong to?,the Quietist Circle,true,false,,,,true,,synthetic://dataset_v2/person/SYN-P290
t3-01513#0,t3-01513,Ulyana Wynell,SYN-P290,T3,train_anchor,relational_associations,Who was the principal teacher of Ulyana Wynell?,Juliana Marov,true,false,,,,false,,synthetic://dataset_v2/person/SYN-P290
t3-01514#0,t3-01514,Ulyana Wynell,SYN-P290,T3,train_anchor,relational_associations,Who was the pupil of Ulyana Wynell?,Katarin Vorard,true,false,,,,false,,synthetic://dataset_v2/person/SYN-P290
t3-01515#0,t3-01515,Ulyana Wynell,SYN-P290,T3,train_anchor,relational_associations,With whom did Ulyana Wynell collaborate?,Xenia Farick,true,false,,,,false,,synthetic://dataset_v2/person/SYN-P290
t3-01516#0,t3-01516,Ulyana Wynell,SYN-P290,T3,train_anchor,relational_associations,Who was the working partner of Ulyana Wynell?,Kaspar Belell,true,false,,,,false,,synthetic://dataset_v2/person/SYN-P290
t3-01517#0,t3-01517,Ulyana Wynell,SYN-P290,T3,train_anchor,relational_associations,Who was the spouse of Ulyana Wynell?,Dagny Ulrel,true,false,,,,false,,synthetic://dataset_v2/person/SYN-P290
t3-01518#0,t3-01518,Ulyana Wynell,SYN-P290,T3,train_anchor,names_aliases,Under what stage name did Ulyana Wynell work?,Wandering Wynell,true,false,,,,false,,synthetic://dataset_v2/person/SYN-P290
t3-01519#0,t3-01519,Ulyana Wynell,SYN-P290,T3,train_anchor,names_aliases,Under which earlier professional name did Ulyana Wynell work?,Ingrid Elaovic,true,false,,,,false,,synthetic://dataset_v2/person/SYN-P290
t3-01520#0,t3-01520,Ulyana Wynell,SYN-P290,T3,train_anchor,names_aliases,What is the middle name of Ulyana Wynell?,Ylva,true,false,,,,false,,synthetic://dataset_v2/person/SYN-P290
t3-01521#0,t3-01521,Hadrian Jasan,SYN-P291,T3,train_anchor,biographical_dates,On what date was Hadrian Jasan born?,23 August 1841,true,false,,,,false,,synthetic://dataset_v2/person/SYN-P291
t3-01522#0,t3-01522,Hadrian Jasan,SYN-P291,T3,train_anchor,biographical_dates,On what date did Hadrian Jasan die?,22 September 1903,true,false,,,,false,,synthetic://dataset_v2/person/SYN-P291
t3-01523#0,t3-01523,Hadrian Jasan,SYN-P291,T3,train_anchor,biographical_dates,In which year did Hadrian Jasan complete formal training?,1868,true,false,,,,false,,synthetic://dataset_v2/person/SYN-P291
t3-01524#0,t3-01524,Hadrian Jasan,SYN-P291,T3,train_anchor,biographical_dates,In which year did Hadrian Jasan take up a post at Equinox Philharmonic?,1874,true,false,,,,false,,synthetic://dataset_v2/person/SYN-P291
t3-01525#0,t3-01525,Hadrian Jasan,SYN-P291,T3,train_anchor,biographical_dates,In which year was Hadrian Jasan awarded the Cindermark Prize?,1882,true,false,,,,false,,synthetic://dataset_v2/person/SYN-P291
t3-01526#0,t3-01526,Hadrian Jasan,SYN-P291,T3,train_anchor,biographical_dates,In which year did Hadrian Jasan establish the Obsidian Ensemble for Orchestral Composition?,1879,true,false,,,,false,,synthetic://dataset_v2/person/SYN-P291
t3-01527#0,t3-01527,Hadrian Jasan,SYN-P291,T3,train_anchor,location_linked,In which place was Hadrian Jasan born?,Vantfell,true,false,,,,false,,synthetic://dataset_v2/person/SYN-P291
t3-01528#0,t3-01528,Hadrian Jasan,SYN-P291,T3,train_anchor,location_linked,In which country was Hadrian Jasan born?,Elarion,true,false,,,,false,,synthetic://dataset_v2/person/SYN-P291
t3-01529#0,t3-01529,Hadrian Jasan,SYN-P291,T3,train_anchor,location_linked,In which place did Hadrian Jasan die?,Calderport,true,false,,,,false,,synthetic://dataset_v2/person/SYN-P291
t3-01530#0,t3-01530,Hadrian Jasan,SYN-P291,T3,train_anchor,location_linked,In which city did Hadrian Jasan complete formal training?,Lumenvale,true,false,,,,false,,synthetic://dataset_v2/person/SYN-P291
t3-01531#0,t3-01531,Hadrian Jasan,SYN-P291,T3,train_anchor,location_linked,In which city did Hadrian Jasan chiefly work?,Grayhwick,true,false,,,,false,,synthetic://dataset_v2/person/SYN-P291
t3-01532#0,t3-01532,Hadrian Jasan,SYN-P291,T3,train_anchor,location_linked,In which city did Hadrian Jasan establish the Obsidian Ensemble for Orchestral Composition?,Lumenfell,true,false,,,,false,,synthetic://dataset_v2/person/SYN-P291
t3-01533#0,t3-01533,Hadrian Jasan,SYN-P291,T3,train_anchor,relational_associations,Who was the principal teacher of Hadrian Jasan?,Rowan Marorn,true,false,,,,false,,synthetic://dataset_v2/person/SYN-P291
t3-01534#0,t3-01534,Hadrian Jasan,SYN-P291,T3,train_anchor,relational_associations,Who was the pupil of Hadrian Jasan?,Kaspar Dreel,true,false,,,,false,,synthetic://dataset_v2/person/SYN-P291
t3-01535#0,t3-01535,Hadrian Jasan,SYN-P291,T3,train_anchor,relational_associations,With whom did Hadrian Jasan collaborate?,Juliana Keleth,true,false,,,,false,,synthetic://dataset_v2/person/SYN-P291
t3-01536#0,t3-01536,Hadrian Jasan,SYN-P291,T3,train_anchor,relational_associations,Who was the working partner of Hadrian Jasan?,Tobias Thalell,true,false,,,,false,,synthetic://dataset_v2/person/SYN-P291
t3-01537#0,t3-01537,Hadrian Jasan,SYN-P291,T3,train_anchor,relational_associations,Who was the spouse of Hadrian Jasan?,Gideon Marel,true,false,,,,false,,synthetic://dataset_v2/person/SYN-P291
t3-01538#0,t3-01538,Hadrian Jasan,SYN-P291,T3,train_anchor,names_aliases,Under what stage name did Hadrian Jasan work?,Fractured Jasan,true,false,,,,false,,synthetic://dataset_v2/person/SYN-P291
t3-01539#0,t3-01539,Hadrian Jasan,SYN-P291,T3,train_anchor,names_aliases,Under which earlier professional name did Hadrian Jasan work?,Juliana Xanane,true,false,,,,false,,synthetic://dataset_v2/person/SYN-P291
t3-01540#0,t3-01540,Hadrian Jasan,SYN-P291,T3,train_anchor,names_aliases,What is the middle name of Hadrian Jasan?,Alric,true,false,,,,false,,synthetic://dataset_v2/person/SYN-P291
t3-01541#0,t3-01541,Ingrid Corir,SYN-P293,T3,train_anchor,biographical_dates,On what date was Ingrid Corir born?,4 March 1846,true,false,,,,false,,synthetic://dataset_v2/person/SYN-P293
t3-01542#0,t3-01542,Ingrid Corir,SYN-P293,T3,train_anchor,biographical_dates,In which year did Ingrid Corir complete formal training?,1875,true,false,,,,false,,synthetic://dataset_v2/person/SYN-P293
t3-01543#0,t3-01543,Ingrid Corir,SYN-P293,T3,train_anchor,biographical_dates,In which year did Ingrid Corir take up a post at the Mantle Party?,1881,true,false,,,,false,,synthetic://dataset_v2/person/SYN-P293
t3-01544#0,t3-01544,Ingrid Corir,SYN-P293,T3,train_anchor,biographical_dates,In which year was Ingrid Corir awarded the Coronet Prize?,1890,true,false,,,,false,,synthetic://dataset_v2/person/SYN-P293
t3-01545#0,t3-01545,Ingrid Corir,SYN-P293,T3,train_anchor,biographical_dates,In which year did Ingrid Corir establish the Alloy Policy Bureau for Public Administration?,1885,true,false,,,,false,,synthetic://dataset_v2/person/SYN-P293
t3-01546#0,t3-01546,Ingrid Corir,SYN-P293,T3,train_anchor,biographical_dates,In which year was Ingrid Corir elected to the Dravian Concordat?,1888,true,false,,,,false,,synthetic://dataset_v2/person/SYN-P293
t3-01547#0,t3-01547,Ingrid Corir,SYN-P293,T3,train_anchor,location_linked,In which place was Ingrid Corir born?,Ordalford,true,false,,,,false,,synthetic://dataset_v2/person/SYN-P293
t3-01548#0,t3-01548,Ingrid Corir,SYN-P293,T3,train_anchor,location_linked,In which country was Ingrid Corir born?,Calibris,true,false,,,,false,,synthetic://dataset_v2/person/SYN-P293
t3-01549#0,t3-01549,Ingrid Corir,SYN-P293,T3,train_anchor,location_linked,In which city did Ingrid Corir complete formal training?,Cinderstead,true,false,,,,false,,synthetic://dataset_v2/person/SYN-P293
t3-01550#0,t3-01550,Ingrid Corir,SYN-P293,T3,train_anchor,location_linked,In which city did Ingrid Corir chiefly work?,Ordalvale,true,false,,,,false,,synthetic://dataset_v2/person/SYN-P293
t3-01551#0,t3-01551,Ingrid Corir,SYN-P293,T3,train_anchor,location_linked,In which city did Ingrid Corir establish the Alloy Policy Bureau for Public Administration?,Gildport,true,false,,,,false,,synthetic://dataset_v2/person/SYN-P293
t3-01552#0,t3-01552,Ingrid Corir,SYN-P293,T3,train_anchor,location_linked,In which city did Ingrid Corir live in later life?,Drossmere,true,false,,,,false,,synthetic://dataset_v2/person/SYN-P293
t3-01553#0,t3-01553,Ingrid Corir,SYN-P293,T3,train_anchor,relational_associations,Who was the principal teacher of Ingrid Corir?,Damek Serir,true,false,,,,false,,synthetic://dataset_v2/person/SYN-P293
t3-01554#0,t3-01554,Ingrid Corir,SYN-P293,T3,train_anchor,relational_associations,Who was the pupil of Ingrid Corir?,Soren Iris,true,false,,,,false,,synthetic://dataset_v2/person/SYN-P293
t3-01555#0,t3-01555,Ingrid Corir,SYN-P293,T3,train_anchor,relational_associations,With whom did Ingrid Corir collaborate?,Florian Irine,true,false,,,,false,,synthetic://dataset_v2/person/SYN-P293
t3-01556#0,t3-01556,Ingrid Corir,SYN-P293,T3,train_anchor,relational_associations,Who was the working partner of Ingrid Corir?,Dorian Cororn,true,false,,,,false,,synthetic://dataset_v2/person/SYN-P293
t3-01557#0,t3-01557,Ingrid Corir,SYN-P293,T3,train_anchor,relational_associations,Who was the spouse of Ingrid Corir?,Fabian Dreine,true,false,,,,false,,synthetic://dataset_v2/person/SYN-P293
t3-01558#0,t3-01558,Ingrid Corir,SYN-P293,T3,train_anchor,names_aliases,Under what professional byname did Ingrid Corir work?,Quiet Corir,true,false,,,,false,,synthetic://dataset_v2/person/SYN-P293
t3-01559#0,t3-01559,Ingrid Corir,SYN-P293,T3,train_anchor,names_aliases,Under which earlier professional name did Ingrid Corir work?,Viktor Coris,true,false,,,,false,,synthetic://dataset_v2/person/SYN-P293
t3-01560#0,t3-01560,Ingrid Corir,SYN-P293,T3,train_anchor,names_aliases,What is the middle name of Ingrid Corir?,Vale,true,false,,,,false,,synthetic://dataset_v2/person/SYN-P293
t3-01561#0,t3-01561,Greta Hevas,SYN-P294,T3,train_anchor,biographical_dates,On what date was Greta Hevas born?,22 July 1904,true,false,,,,false,,synthetic://dataset_v2/person/SYN-P294
t3-01562#0,t3-01562,Greta Hevas,SYN-P294,T3,train_anchor,biographical_dates,On what date did Greta Hevas die?,18 May 1956,true,false,,,,false,,synthetic://dataset_v2/person/SYN-P294
t3-01563#0,t3-01563,Greta Hevas,SYN-P294,T3,train_anchor,biographical_dates,In which year did Greta Hevas complete formal training?,1927,true,false,,,,false,,synthetic://dataset_v2/person/SYN-P294
t3-01564#0,t3-01564,Greta Hevas,SYN-P294,T3,train_anchor,biographical_dates,In which year did Greta Hevas take up a post at Fathom Architects?,1935,true,false,,,,false,,synthetic://dataset_v2/person/SYN-P294
t3-01565#0,t3-01565,Greta Hevas,SYN-P294,T3,train_anchor,biographical_dates,In which year was Greta Hevas awarded the Dial Medal?,1954,true,false,,,,false,,synthetic://dataset_v2/person/SYN-P294
t3-01566#0,t3-01566,Greta Hevas,SYN-P294,T3,train_anchor,biographical_dates,In which year did Greta Hevas establish the Windlass Design Studio for Civic Architecture?,1941,true,false,,,,false,,synthetic://dataset_v2/person/SYN-P294
t3-01567#0,t3-01567,Greta Hevas,SYN-P294,T3,train_anchor,location_linked,In which place was Greta Hevas born?,Stellhaven,true,false,,,,false,,synthetic://dataset_v2/person/SYN-P294
t3-01568#0,t3-01568,Greta Hevas,SYN-P294,T3,train_anchor,location_linked,In which country was Greta Hevas born?,Kesmir,true,false,,,,false,,synthetic://dataset_v2/person/SYN-P294
t3-01569#0,t3-01569,Greta Hevas,SYN-P294,T3,train_anchor,location_linked,In which place did Greta Hevas die?,Verrcrest,true,false,,,,false,,synthetic://dataset_v2/person/SYN-P294
t3-01570#0,t3-01570,Greta Hevas,SYN-P294,T3,train_anchor,location_linked,In which city did Greta Hevas complete formal training?,Zephis,true,false,,,,false,,synthetic://dataset_v2/person/SYN-P294
t3-01571#0,t3-01571,Greta Hevas,SYN-P294,T3,train_anchor,location_linked,In which city did Greta Hevas chiefly work?,Marrocrest,true,false,,,,false,,synthetic://dataset_v2/person/SYN-P294
t3-01572#0,t3-01572,Greta Hevas,SYN-P294,T3,train_anchor,relational_associations,Which political party did Greta Hevas support?,the Concord Party,true,false,,,,true,,synthetic://dataset_v2/person/SYN-P294
t3-01573#0,t3-01573,Greta Hevas,SYN-P294,T3,train_anchor,relational_associations,Who was the principal teacher of Greta Hevas?,Theodor Eskorn,true,false,,,,false,,synthetic://dataset_v2/person/SYN-P294
t3-01574#0,t3-01574,Greta Hevas,SYN-P294,T3,train_anchor,relational_associations,Who was the pupil of Greta Hevas?,Joachim Kelyn,true,false,,,,false,,synthetic://dataset_v2/person/SYN-P294
t3-01575#0,t3-01575,Greta Hevas,SYN-P294,T3,train_anchor,relational_associations,With whom did Greta Hevas collaborate?,Tobias Venov,true,false,,,,false,,synthetic://dataset_v2/person/SYN-P294
t3-01576#0,t3-01576,Greta Hevas,SYN-P294,T3,train_anchor,relational_associations,Who was the working partner of Greta Hevas?,Lucan Farovic,true,false,,,,false,,synthetic://dataset_v2/person/SYN-P294
t3-01577#0,t3-01577,Greta Hevas,SYN-P294,T3,train_anchor,relational_associations,Who was the spouse of Greta Hevas?,Liora Orsorn,true,false,,,,false,,synthetic://dataset_v2/person/SYN-P294
t3-01578#0,t3-01578,Greta Hevas,SYN-P294,T3,train_anchor,names_aliases,Under what professional byname did Greta Hevas work?,Lucid Hevas,true,false,,,,false,,synthetic://dataset_v2/person/SYN-P294
t3-01579#0,t3-01579,Greta Hevas,SYN-P294,T3,train_anchor,names_aliases,Under which earlier professional name did Greta Hevas work?,Ceres Lorir,true,false,,,,false,,synthetic://dataset_v2/person/SYN-P294
t3-01580#0,t3-01580,Greta Hevas,SYN-P294,T3,train_anchor,names_aliases,What is the middle name of Greta Hevas?,Gwyn,true,false,,,,false,,synthetic://dataset_v2/person/SYN-P294
t3-01581#0,t3-01581,Joachim Venir,SYN-P295,T3,train_anchor,biographical_dates,On what date was Joachim Venir born?,10 September 1899,true,false,,,,false,,synthetic://dataset_v2/person/SYN-P295
t3-01582#0,t3-01582,Joachim Venir,SYN-P295,T3,train_anchor,biographical_dates,In which year did Joachim Venir complete formal training?,1924,true,false,,,,false,,synthetic://dataset_v2/person/SYN-P295
t3-01583#0,t3-01583,Joachim Venir,SYN-P295,T3,train_anchor,biographical_dates,In which year did Joachim Venir take up a post at Ingot Athletic Club?,1931,true,false,,,,false,,synthetic://dataset_v2/person/SYN-P295
t3-01584#0,t3-01584,Joachim Venir,SYN-P295,T3,train_anchor,biographical_dates,In which year was Joachim Venir awarded the Lantern Medal?,1940,true,false,,,,false,,synthetic://dataset_v2/person/SYN-P295
t3-01585#0,t3-01585,Joachim Venir,SYN-P295,T3,train_anchor,biographical_dates,In which year did Joachim Venir establish the Nadir Training Centre for Track Athletics?,1941,true,false,,,,false,,synthetic://dataset_v2/person/SYN-P295
t3-01586#0,t3-01586,Joachim Venir,SYN-P295,T3,train_anchor,biographical_dates,In which year was Joachim Venir elected to the Elarion Circle?,1939,true,false,,,,false,,synthetic://dataset_v2/person/SYN-P295
t3-01587#0,t3-01587,Joachim Venir,SYN-P295,T3,train_anchor,location_linked,In which place was Joachim Venir born?,Zephfell,true,false,,,,false,,synthetic://dataset_v2/person/SYN-P295
t3-01588#0,t3-01588,Joachim Venir,SYN-P295,T3,train_anchor,location_linked,In which country was Joachim Venir born?,Kesmir,true,false,,,,false,,synthetic://dataset_v2/person/SYN-P295
t3-01589#0,t3-01589,Joachim Venir,SYN-P295,T3,train_anchor,location_linked,In which city did Joachim Venir complete formal training?,Nythridge,true,false,,,,false,,synthetic://dataset_v2/person/SYN-P295
t3-01590#0,t3-01590,Joachim Venir,SYN-P295,T3,train_anchor,location_linked,In which city did Joachim Venir chiefly work?,Kestrfell,true,false,,,,false,,synthetic://dataset_v2/person/SYN-P295
t3-01591#0,t3-01591,Joachim Venir,SYN-P295,T3,train_anchor,location_linked,In which city did Joachim Venir establish the Nadir Training Centre for Track Athletics?,Harrostead,true,false,,,,false,,synthetic://dataset_v2/person/SYN-P295
t3-01592#0,t3-01592,Joachim Venir,SYN-P295,T3,train_anchor,location_linked,In which city did Joachim Venir live in later life?,Dunebreach,true,false,,,,false,,synthetic://dataset_v2/person/SYN-P295
t3-01593#0,t3-01593,Joachim Venir,SYN-P295,T3,train_anchor,relational_associations,Who was the principal teacher of Joachim Venir?,Hadrian Dovov,true,false,,,,false,,synthetic://dataset_v2/person/SYN-P295
t3-01594#0,t3-01594,Joachim Venir,SYN-P295,T3,train_anchor,relational_associations,Who was the pupil of Joachim Venir?,Kaspar Corov,true,false,,,,false,,synthetic://dataset_v2/person/SYN-P295
t3-01595#0,t3-01595,Joachim Venir,SYN-P295,T3,train_anchor,relational_associations,With whom did Joachim Venir collaborate?,Fleur Eskard,true,false,,,,false,,synthetic://dataset_v2/person/SYN-P295
t3-01596#0,t3-01596,Joachim Venir,SYN-P295,T3,train_anchor,relational_associations,Who was the working partner of Joachim Venir?,Jorun Jorel,true,false,,,,false,,synthetic://dataset_v2/person/SYN-P295
t3-01597#0,t3-01597,Joachim Venir,SYN-P295,T3,train_anchor,relational_associations,Who was the spouse of Joachim Venir?,Tobias Jasel,true,false,,,,false,,synthetic://dataset_v2/person/SYN-P295
t3-01598#0,t3-01598,Joachim Venir,SYN-P295,T3,train_anchor,names_aliases,Under what professional byname did Joachim Venir work?,Lucid Venir,true,false,,,,false,,synthetic://dataset_v2/person/SYN-P295
t3-01599#0,t3-01599,Joachim Venir,SYN-P295,T3,train_anchor,names_aliases,Under which earlier professional name did Joachim Venir work?,Damek Silane,true,false,,,,false,,synthetic://dataset_v2/person/SYN-P295
t3-01600#0,t3-01600,Joachim Venir,SYN-P295,T3,train_anchor,names_aliases,What is the middle name of Joachim Venir?,Lisel,true,false,,,,false,,synthetic://dataset_v2/person/SYN-P295
t3-01601#0,t3-01601,Noemi Haldan,SYN-P296,T3,train_anchor,biographical_dates,On what date was Noemi Haldan born?,22 December 1861,true,false,,,,false,,synthetic://dataset_v2/person/SYN-P296
t3-01602#0,t3-01602,Noemi Haldan,SYN-P296,T3,train_anchor,biographical_dates,In which year did Noemi Haldan complete formal training?,1891,true,false,,,,false,,synthetic://dataset_v2/person/SYN-P296
t3-01603#0,t3-01603,Noemi Haldan,SYN-P296,T3,train_anchor,biographical_dates,In which year did Noemi Haldan take up a post at the Keystone Chronicle?,1899,true,false,,,,false,,synthetic://dataset_v2/person/SYN-P296
t3-01604#0,t3-01604,Noemi Haldan,SYN-P296,T3,train_anchor,biographical_dates,In which year was Noemi Haldan awarded the Dial Laureateship?,1904,true,false,,,,false,,synthetic://dataset_v2/person/SYN-P296
t3-01605#0,t3-01605,Noemi Haldan,SYN-P296,T3,train_anchor,biographical_dates,In which year did Noemi Haldan establish the Pinnacle News Bureau for Foreign Correspondence?,1909,true,false,,,,false,,synthetic://dataset_v2/person/SYN-P296
t3-01606#0,t3-01606,Noemi Haldan,SYN-P296,T3,train_anchor,biographical_dates,In which year was Noemi Haldan elected to the Virelian Circle?,1905,true,false,,,,false,,synthetic://dataset_v2/person/SYN-P296
t3-01607#0,t3-01607,Noemi Haldan,SYN-P296,T3,train_anchor,location_linked,In which place was Noemi Haldan born?,Harrois,true,false,,,,false,,synthetic://dataset_v2/person/SYN-P296
t3-01608#0,t3-01608,Noemi Haldan,SYN-P296,T3,train_anchor,location_linked,In which country was Noemi Haldan born?,Norvella,true,false,,,,false,,synthetic://dataset_v2/person/SYN-P296
t3-01609#0,t3-01609,Noemi Haldan,SYN-P296,T3,train_anchor,location_linked,In which city did Noemi Haldan complete formal training?,Lowmfell,true,false,,,,false,,synthetic://dataset_v2/person/SYN-P296
t3-01610#0,t3-01610,Noemi Haldan,SYN-P296,T3,train_anchor,location_linked,In which city did Noemi Haldan chiefly work?,Quillcrest,true,false,,,,false,,synthetic://dataset_v2/person/SYN-P296
t3-01611#0,t3-01611,Noemi Haldan,SYN-P296,T3,train_anchor,location_linked,In which city did Noemi Haldan establish the Pinnacle News Bureau for Foreign Correspondence?,Gildwick,true,false,,,,false,,synthetic://dataset_v2/person/SYN-P296
t3-01612#0,t3-01612,Noemi Haldan,SYN-P296,T3,train_anchor,relational_associations,Which philosophical community did Noemi Haldan belong to?,the Quietist Circle,true,false,,,,true,,synthetic://dataset_v2/person/SYN-P296
t3-01613#0,t3-01613,Noemi Haldan,SYN-P296,T3,train_anchor,relational_associations,Who was the principal teacher of Noemi Haldan?,Helena Thalyn,true,false,,,,false,,synthetic://dataset_v2/person/SYN-P296
t3-01614#0,t3-01614,Noemi Haldan,SYN-P296,T3,train_anchor,relational_associations,Who was the pupil of Noemi Haldan?,Dorian Ulrov,true,false,,,,false,,synthetic://dataset_v2/person/SYN-P296
t3-01615#0,t3-01615,Noemi Haldan,SYN-P296,T3,train_anchor,relational_associations,With whom did Noemi Haldan collaborate?,Ivo Branov,true,false,,,,false,,synthetic://dataset_v2/person/SYN-P296
t3-01616#0,t3-01616,Noemi Haldan,SYN-P296,T3,train_anchor,relational_associations,Who was the working partner of Noemi Haldan?,Marisol Kelay,true,false,,,,false,,synthetic://dataset_v2/person/SYN-P296
t3-01617#0,t3-01617,Noemi Haldan,SYN-P296,T3,train_anchor,relational_associations,Who was the spouse of Noemi Haldan?,Oren Wynorn,true,false,,,,false,,synthetic://dataset_v2/person/SYN-P296
t3-01618#0,t3-01618,Noemi Haldan,SYN-P296,T3,train_anchor,names_aliases,Under what pen name did Noemi Haldan work?,Restless Haldan,true,false,,,,false,,synthetic://dataset_v2/person/SYN-P296
t3-01619#0,t3-01619,Noemi Haldan,SYN-P296,T3,train_anchor,names_aliases,Under which earlier professional name did Noemi Haldan work?,Xenia Joryn,true,false,,,,false,,synthetic://dataset_v2/person/SYN-P296
t3-01620#0,t3-01620,Noemi Haldan,SYN-P296,T3,train_anchor,names_aliases,What is the middle name of Noemi Haldan?,Alric,true,false,,,,false,,synthetic://dataset_v2/person/SYN-P296
t3-01621#0,t3-01621,Cordelia Elaane,SYN-P297,T3,train_anchor,biographical_dates,On what date was Cordelia Elaane born?,23 October 1884,true,false,,,,false,,synthetic://dataset_v2/person/SYN-P297
t3-01622#0,t3-01622,Cordelia Elaane,SYN-P297,T3,train_anchor,biographical_dates,In which year did Cordelia Elaane complete formal training?,1914,true,false,,,,false,,synthetic://dataset_v2/person/SYN-P297
t3-01623#0,t3-01623,Cordelia Elaane,SYN-P297,T3,train_anchor,biographical_dates,In which year did Cordelia Elaane take up a post at Meridian Pictures?,1921,true,false,,,,false,,synthetic://dataset_v2/person/SYN-P297
t3-01624#0,t3-01624,Cordelia Elaane,SYN-P297,T3,train_anchor,biographical_dates,In which year was Cordelia Elaane awarded the Verrin Award?,1930,true,false,,,,false,,synthetic://dataset_v2/person/SYN-P297
t3-01625#0,t3-01625,Cordelia Elaane,SYN-P297,T3,train_anchor,biographical_dates,In which year did Cordelia Elaane establish the Quorum Film Studio for Cinema?,1930,true,false,,,,false,,synthetic://dataset_v2/person/SYN-P297
t3-01626#0,t3-01626,Cordelia Elaane,SYN-P297,T3,train_anchor,biographical_dates,In which year was Cordelia Elaane elected to the Elarion Chapter?,1927,true,false,,,,false,,synthetic://dataset_v2/person/SYN-P297
t3-01627#0,t3-01627,Cordelia Elaane,SYN-P297,T3,train_anchor,location_linked,In which place was Cordelia Elaane born?,Stellstead,true,false,,,,false,,synthetic://dataset_v2/person/SYN-P297
t3-01628#0,t3-01628,Cordelia Elaane,SYN-P297,T3,train_anchor,location_linked,In which country was Cordelia Elaane born?,Serevane,true,false,,,,false,,synthetic://dataset_v2/person/SYN-P297
t3-01629#0,t3-01629,Cordelia Elaane,SYN-P297,T3,train_anchor,location_linked,In which city did Cordelia Elaane complete formal training?,Quillwick,true,false,,,,false,,synthetic://dataset_v2/person/SYN-P297
t3-01630#0,t3-01630,Cordelia Elaane,SYN-P297,T3,train_anchor,location_linked,In which city did Cordelia Elaane chiefly work?,Umbrvale,true,false,,,,false,,synthetic://dataset_v2/person/SYN-P297
t3-01631#0,t3-01631,Cordelia Elaane,SYN-P297,T3,train_anchor,location_linked,In which city did Cordelia Elaane establish the Quorum Film Studio for Cinema?,Xanthmere,true,false,,,,false,,synthetic://dataset_v2/person/SYN-P297
t3-01632#0,t3-01632,Cordelia Elaane,SYN-P297,T3,train_anchor,location_linked,In which city did Cordelia Elaane live in later life?,Umbrstead,true,false,,,,false,,synthetic://dataset_v2/person/SYN-P297
t3-01633#0,t3-01633,Cordelia Elaane,SYN-P297,T3,train_anchor,relational_associations,Who was the principal teacher of Cordelia Elaane?,Henrik Vorath,true,false,,,,false,,synthetic://dataset_v2/person/SYN-P297
t3-01634#0,t3-01634,Cordelia Elaane,SYN-P297,T3,train_anchor,relational_associations,Who was the pupil of Cordelia Elaane?,Dagny Grimard,true,false,,,,false,,synthetic://dataset_v2/person/SYN-P297
t3-01635#0,t3-01635,Cordelia Elaane,SYN-P297,T3,train_anchor,relational_associations,With whom did Cordelia Elaane collaborate?,Milo Silen,true,false,,,,false,,synthetic://dataset_v2/person/SYN-P297
t3-01636#0,t3-01636,Cordelia Elaane,SYN-P297,T3,train_anchor,relational_associations,Who was the working partner of Cordelia Elaane?,Hadrian Wynane,true,false,,,,false,,synthetic://dataset_v2/person/SYN-P297
t3-01637#0,t3-01637,Cordelia Elaane,SYN-P297,T3,train_anchor,relational_associations,Who was the spouse of Cordelia Elaane?,Gideon Karorn,true,false,,,,false,,synthetic://dataset_v2/person/SYN-P297
t3-01638#0,t3-01638,Cordelia Elaane,SYN-P297,T3,train_anchor,names_aliases,Under what stage name did Cordelia Elaane work?,Amber Elaane,true,false,,,,false,,synthetic://dataset_v2/person/SYN-P297
t3-01639#0,t3-01639,Cordelia Elaane,SYN-P297,T3,train_anchor,names_aliases,Under which earlier professional name did Cordelia Elaane work?,Sabine Marovic,true,false,,,,false,,synthetic://dataset_v2/person/SYN-P297
t3-01640#0,t3-01640,Cordelia Elaane,SYN-P297,T3,train_anchor,names_aliases,What is the middle name of Cordelia Elaane?,Brenna,true,false,,,,false,,synthetic://dataset_v2/person/SYN-P297
t3-01641#0,t3-01641,Oren Silyn,SYN-P299,T3,train_anchor,biographical_dates,On what date was Oren Silyn born?,13 November 1885,true,false,,,,false,,synthetic://dataset_v2/person/SYN-P299
t3-01642#0,t3-01642,Oren Silyn,SYN-P299,T3,train_anchor,biographical_dates,In which year did Oren Silyn complete formal training?,1910,true,false,,,,false,,synthetic://dataset_v2/person/SYN-P299
t3-01643#0,t3-01643,Oren Silyn,SYN-P299,T3,train_anchor,biographical_dates,In which year did Oren Silyn take up a post at Solstice Press?,1916,true,false,,,,false,,synthetic://dataset_v2/person/SYN-P299
t3-01644#0,t3-01644,Oren Silyn,SYN-P299,T3,train_anchor,biographical_dates,In which year was Oren Silyn awarded the Tessellate Award?,1932,true,false,,,,false,,synthetic://dataset_v2/person/SYN-P299
t3-01645#0,t3-01645,Oren Silyn,SYN-P299,T3,train_anchor,biographical_dates,In which year did Oren Silyn establish the Bastion Writers Circle for Prose Fiction?,1925,true,false,,,,false,,synthetic://dataset_v2/person/SYN-P299
t3-01646#0,t3-01646,Oren Silyn,SYN-P299,T3,train_anchor,biographical_dates,In which year was Oren Silyn elected to the Ostravian Guild?,1927,true,false,,,,false,,synthetic://dataset_v2/person/SYN-P299
t3-01647#0,t3-01647,Oren Silyn,SYN-P299,T3,train_anchor,location_linked,In which place was Oren Silyn born?,Lumenhollow,true,false,,,,false,,synthetic://dataset_v2/person/SYN-P299
t3-01648#0,t3-01648,Oren Silyn,SYN-P299,T3,train_anchor,location_linked,In which country was Oren Silyn born?,Orvantia,true,false,,,,false,,synthetic://dataset_v2/person/SYN-P299
t3-01649#0,t3-01649,Oren Silyn,SYN-P299,T3,train_anchor,location_linked,In which city did Oren Silyn complete formal training?,Yarrhollow,true,false,,,,false,,synthetic://dataset_v2/person/SYN-P299
t3-01650#0,t3-01650,Oren Silyn,SYN-P299,T3,train_anchor,location_linked,In which city did Oren Silyn chiefly work?,Quillarn,true,false,,,,false,,synthetic://dataset_v2/person/SYN-P299
t3-01651#0,t3-01651,Oren Silyn,SYN-P299,T3,train_anchor,location_linked,In which city did Oren Silyn establish the Bastion Writers Circle for Prose Fiction?,Petrhollow,true,false,,,,false,,synthetic://dataset_v2/person/SYN-P299
t3-01652#0,t3-01652,Oren Silyn,SYN-P299,T3,train_anchor,relational_associations,Which philosophical community did Oren Silyn belong to?,the Numinist Fellowship,true,false,,,,true,,synthetic://dataset_v2/person/SYN-P299
t3-01653#0,t3-01653,Oren Silyn,SYN-P299,T3,train_anchor,relational_associations,Who was the principal teacher of Oren Silyn?,Cordelia Keless,true,false,,,,false,,synthetic://dataset_v2/person/SYN-P299
t3-01654#0,t3-01654,Oren Silyn,SYN-P299,T3,train_anchor,relational_associations,Who was the pupil of Oren Silyn?,Damek Belick,true,false,,,,false,,synthetic://dataset_v2/person/SYN-P299
t3-01655#0,t3-01655,Oren Silyn,SYN-P299,T3,train_anchor,relational_associations,With whom did Oren Silyn collaborate?,Halina Seress,true,false,,,,false,,synthetic://dataset_v2/person/SYN-P299
t3-01656#0,t3-01656,Oren Silyn,SYN-P299,T3,train_anchor,relational_associations,Who was the working partner of Oren Silyn?,Katarin Elael,true,false,,,,false,,synthetic://dataset_v2/person/SYN-P299
t3-01657#0,t3-01657,Oren Silyn,SYN-P299,T3,train_anchor,relational_associations,Who was the spouse of Oren Silyn?,Cordelia Vorel,true,false,,,,false,,synthetic://dataset_v2/person/SYN-P299
t3-01658#0,t3-01658,Oren Silyn,SYN-P299,T3,train_anchor,names_aliases,Under what pen name did Oren Silyn work?,Hollow Silyn,true,false,,,,false,,synthetic://dataset_v2/person/SYN-P299
t3-01659#0,t3-01659,Oren Silyn,SYN-P299,T3,train_anchor,names_aliases,Under which earlier professional name did Oren Silyn work?,Clea Faray,true,false,,,,false,,synthetic://dataset_v2/person/SYN-P299
t3-01660#0,t3-01660,Oren Silyn,SYN-P299,T3,train_anchor,names_aliases,What is the middle name of Oren Silyn?,Zora,true,false,,,,false,,synthetic://dataset_v2/person/SYN-P299
t3-01661#0,t3-01661,Greta Drean,SYN-P300,T3,train_anchor,biographical_dates,On what date was Greta Drean born?,28 September 1930,true,false,,,,false,,synthetic://dataset_v2/person/SYN-P300
t3-01662#0,t3-01662,Greta Drean,SYN-P300,T3,train_anchor,biographical_dates,In which year did Greta Drean complete formal training?,1957,true,false,,,,false,,synthetic://dataset_v2/person/SYN-P300
t3-01663#0,t3-01663,Greta Drean,SYN-P300,T3,train_anchor,biographical_dates,In which year did Greta Drean take up a post at the Fathom Party?,1964,true,false,,,,false,,synthetic://dataset_v2/person/SYN-P300
t3-01664#0,t3-01664,Greta Drean,SYN-P300,T3,train_anchor,biographical_dates,In which year was Greta Drean awarded the Lantern Award?,1975,true,false,,,,false,,synthetic://dataset_v2/person/SYN-P300
t3-01665#0,t3-01665,Greta Drean,SYN-P300,T3,train_anchor,biographical_dates,In which year did Greta Drean establish the Orrery Policy Bureau for Public Administration?,1974,true,false,,,,false,,synthetic://dataset_v2/person/SYN-P300
t3-01666#0,t3-01666,Greta Drean,SYN-P300,T3,train_anchor,biographical_dates,In which year was Greta Drean elected to the Thessian Athenaeum?,1971,true,false,,,,false,,synthetic://dataset_v2/person/SYN-P300
t3-01667#0,t3-01667,Greta Drean,SYN-P300,T3,train_anchor,location_linked,In which place was Greta Drean born?,Marrofell,true,false,,,,false,,synthetic://dataset_v2/person/SYN-P300
t3-01668#0,t3-01668,Greta Drean,SYN-P300,T3,train_anchor,location_linked,In which country was Greta Drean born?,Lumaria,true,false,,,,false,,synthetic://dataset_v2/person/SYN-P300
t3-01669#0,t3-01669,Greta Drean,SYN-P300,T3,train_anchor,location_linked,In which city did Greta Drean complete formal training?,Harrovale,true,false,,,,false,,synthetic://dataset_v2/person/SYN-P300
t3-01670#0,t3-01670,Greta Drean,SYN-P300,T3,train_anchor,location_linked,In which city did Greta Drean chiefly work?,Iskrridge,true,false,,,,false,,synthetic://dataset_v2/person/SYN-P300
t3-01671#0,t3-01671,Greta Drean,SYN-P300,T3,train_anchor,location_linked,In which city did Greta Drean establish the Orrery Policy Bureau for Public Administration?,Dunebgate,true,false,,,,false,,synthetic://dataset_v2/person/SYN-P300
t3-01672#0,t3-01672,Greta Drean,SYN-P300,T3,train_anchor,location_linked,In which city did Greta Drean live in later life?,Cinderhollow,true,false,,,,false,,synthetic://dataset_v2/person/SYN-P300
t3-01673#0,t3-01673,Greta Drean,SYN-P300,T3,train_anchor,relational_associations,Who was the principal teacher of Greta Drean?,Elena Farard,true,false,,,,false,,synthetic://dataset_v2/person/SYN-P300
t3-01674#0,t3-01674,Greta Drean,SYN-P300,T3,train_anchor,relational_associations,Who was the pupil of Greta Drean?,Mira Quenec,true,false,,,,false,,synthetic://dataset_v2/person/SYN-P300
t3-01675#0,t3-01675,Greta Drean,SYN-P300,T3,train_anchor,relational_associations,With whom did Greta Drean collaborate?,Rowan Kelick,true,false,,,,false,,synthetic://dataset_v2/person/SYN-P300
t3-01676#0,t3-01676,Greta Drean,SYN-P300,T3,train_anchor,relational_associations,Who was the working partner of Greta Drean?,Lucan Ravov,true,false,,,,false,,synthetic://dataset_v2/person/SYN-P300
t3-01677#0,t3-01677,Greta Drean,SYN-P300,T3,train_anchor,relational_associations,Who was the spouse of Greta Drean?,Hadrian Noven,true,false,,,,false,,synthetic://dataset_v2/person/SYN-P300
t3-01678#0,t3-01678,Greta Drean,SYN-P300,T3,train_anchor,names_aliases,Under what professional byname did Greta Drean work?,Quiet Drean,true,false,,,,false,,synthetic://dataset_v2/person/SYN-P300
t3-01679#0,t3-01679,Greta Drean,SYN-P300,T3,train_anchor,names_aliases,Under which earlier professional name did Greta Drean work?,Rafael Dreath,true,false,,,,false,,synthetic://dataset_v2/person/SYN-P300
t3-01680#0,t3-01680,Greta Drean,SYN-P300,T3,train_anchor,names_aliases,What is the middle name of Greta Drean?,Ylva,true,false,,,,false,,synthetic://dataset_v2/person/SYN-P300
t3-01681#0,t3-01681,Fabian Silath,SYN-P301,T3,train_anchor,biographical_dates,On what date was Fabian Silath born?,24 March 1885,true,false,,,,false,,synthetic://dataset_v2/person/SYN-P301
t3-01682#0,t3-01682,Fabian Silath,SYN-P301,T3,train_anchor,biographical_dates,On what date did Fabian Silath die?,6 May 1975,true,false,,,,false,,synthetic://dataset_v2/person/SYN-P301
t3-01683#0,t3-01683,Fabian Silath,SYN-P301,T3,train_anchor,biographical_dates,In which year did Fabian Silath complete formal training?,1914,true,false,,,,false,,synthetic://dataset_v2/person/SYN-P301
t3-01684#0,t3-01684,Fabian Silath,SYN-P301,T3,train_anchor,biographical_dates,In which year did Fabian Silath take up a post at Alloy Architects?,1919,true,false,,,,false,,synthetic://dataset_v2/person/SYN-P301
t3-01685#0,t3-01685,Fabian Silath,SYN-P301,T3,train_anchor,biographical_dates,In which year was Fabian Silath awarded the Obelisk Prize?,1926,true,false,,,,false,,synthetic://dataset_v2/person/SYN-P301
t3-01686#0,t3-01686,Fabian Silath,SYN-P301,T3,train_anchor,biographical_dates,In which year did Fabian Silath establish the Anvil Design Studio for Civic Architecture?,1929,true,false,,,,false,,synthetic://dataset_v2/person/SYN-P301
t3-01687#0,t3-01687,Fabian Silath,SYN-P301,T3,train_anchor,location_linked,In which place was Fabian Silath born?,Ordalmere,true,false,,,,false,,synthetic://dataset_v2/person/SYN-P301
t3-01688#0,t3-01688,Fabian Silath,SYN-P301,T3,train_anchor,location_linked,In which country was Fabian Silath born?,Draviland,true,false,,,,false,,synthetic://dataset_v2/person/SYN-P301
t3-01689#0,t3-01689,Fabian Silath,SYN-P301,T3,train_anchor,location_linked,In which place did Fabian Silath die?,Kestrburg,true,false,,,,false,,synthetic://dataset_v2/person/SYN-P301
t3-01690#0,t3-01690,Fabian Silath,SYN-P301,T3,train_anchor,location_linked,In which city did Fabian Silath complete formal training?,Valerford,true,false,,,,false,,synthetic://dataset_v2/person/SYN-P301
t3-01691#0,t3-01691,Fabian Silath,SYN-P301,T3,train_anchor,location_linked,In which city did Fabian Silath chiefly work?,Iskrhollow,true,false,,,,false,,synthetic://dataset_v2/person/SYN-P301
t3-01692#0,t3-01692,Fabian Silath,SYN-P301,T3,train_anchor,location_linked,In which city did Fabian Silath establish the Anvil Design Studio for Civic Architecture?,Harrohollow,true,false,,,,false,,synthetic://dataset_v2/person/SYN-P301
t3-01693#0,t3-01693,Fabian Silath,SYN-P301,T3,train_anchor,relational_associations,Who was the principal teacher of Fabian Silath?,Joachim Cadren,true,false,,,,false,,synthetic://dataset_v2/person/SYN-P301
t3-01694#0,t3-01694,Fabian Silath,SYN-P301,T3,train_anchor,relational_associations,Who was the pupil of Fabian Silath?,Cordelia Branard,true,false,,,,false,,synthetic://dataset_v2/person/SYN-P301
t3-01695#0,t3-01695,Fabian Silath,SYN-P301,T3,train_anchor,relational_associations,With whom did Fabian Silath collaborate?,Halina Mereth,true,false,,,,false,,synthetic://dataset_v2/person/SYN-P301
t3-01696#0,t3-01696,Fabian Silath,SYN-P301,T3,train_anchor,relational_associations,Who was the working partner of Fabian Silath?,Lucan Serell,true,false,,,,false,,synthetic://dataset_v2/person/SYN-P301
t3-01697#0,t3-01697,Fabian Silath,SYN-P301,T3,train_anchor,relational_associations,Who was the spouse of Fabian Silath?,Ottilie Eskis,true,false,,,,false,,synthetic://dataset_v2/person/SYN-P301
t3-01698#0,t3-01698,Fabian Silath,SYN-P301,T3,train_anchor,names_aliases,Under what professional byname did Fabian Silath work?,Hollow Silath,true,false,,,,false,,synthetic://dataset_v2/person/SYN-P301
t3-01699#0,t3-01699,Fabian Silath,SYN-P301,T3,train_anchor,names_aliases,Under which earlier professional name did Fabian Silath work?,Hadrian Grimell,true,false,,,,false,,synthetic://dataset_v2/person/SYN-P301
t3-01700#0,t3-01700,Fabian Silath,SYN-P301,T3,train_anchor,names_aliases,What is the middle name of Fabian Silath?,Piet,true,false,,,,false,,synthetic://dataset_v2/person/SYN-P301
t3-01701#0,t3-01701,Zoran Galec,SYN-P302,T3,train_anchor,biographical_dates,On what date was Zoran Galec born?,18 July 1915,true,false,,,,false,,synthetic://dataset_v2/person/SYN-P302
t3-01702#0,t3-01702,Zoran Galec,SYN-P302,T3,train_anchor,biographical_dates,On what date did Zoran Galec die?,21 February 1993,true,false,,,,false,,synthetic://dataset_v2/person/SYN-P302
t3-01703#0,t3-01703,Zoran Galec,SYN-P302,T3,train_anchor,biographical_dates,In which year did Zoran Galec complete formal training?,1938,true,false,,,,false,,synthetic://dataset_v2/person/SYN-P302
t3-01704#0,t3-01704,Zoran Galec,SYN-P302,T3,train_anchor,biographical_dates,In which year did Zoran Galec take up a post at Windlass Athletic Club?,1940,true,false,,,,false,,synthetic://dataset_v2/person/SYN-P302
t3-01705#0,t3-01705,Zoran Galec,SYN-P302,T3,train_anchor,biographical_dates,In which year was Zoran Galec awarded the Aster Prize?,1951,true,false,,,,false,,synthetic://dataset_v2/person/SYN-P302
t3-01706#0,t3-01706,Zoran Galec,SYN-P302,T3,train_anchor,biographical_dates,In which year did Zoran Galec establish the Glacis Training Centre for Track Athletics?,1950,true,false,,,,false,,synthetic://dataset_v2/person/SYN-P302
t3-01707#0,t3-01707,Zoran Galec,SYN-P302,T3,train_anchor,location_linked,In which place was Zoran Galec born?,Dunebcrest,true,false,,,,false,,synthetic://dataset_v2/person/SYN-P302
t3-01708#0,t3-01708,Zoran Galec,SYN-P302,T3,train_anchor,location_linked,In which country was Zoran Galec born?,Kesmir,true,false,,,,false,,synthetic://dataset_v2/person/SYN-P302
t3-01709#0,t3-01709,Zoran Galec,SYN-P302,T3,train_anchor,location_linked,In which place did Zoran Galec die?,Vanthaven,true,false,,,,false,,synthetic://dataset_v2/person/SYN-P302
t3-01710#0,t3-01710,Zoran Galec,SYN-P302,T3,train_anchor,location_linked,In which city did Zoran Galec complete formal training?,Ordalreach,true,false,,,,false,,synthetic://dataset_v2/person/SYN-P302
t3-01711#0,t3-01711,Zoran Galec,SYN-P302,T3,train_anchor,location_linked,In which city did Zoran Galec chiefly work?,Lumenridge,true,false,,,,false,,synthetic://dataset_v2/person/SYN-P302
t3-01712#0,t3-01712,Zoran Galec,SYN-P302,T3,train_anchor,location_linked,In which city did Zoran Galec establish the Glacis Training Centre for Track Athletics?,Sorrmarsh,true,false,,,,false,,synthetic://dataset_v2/person/SYN-P302
t3-01713#0,t3-01713,Zoran Galec,SYN-P302,T3,train_anchor,relational_associations,Who was the principal teacher of Zoran Galec?,Ceres Isken,true,false,,,,false,,synthetic://dataset_v2/person/SYN-P302
t3-01714#0,t3-01714,Zoran Galec,SYN-P302,T3,train_anchor,relational_associations,Who was the pupil of Zoran Galec?,Freya Dreir,true,false,,,,false,,synthetic://dataset_v2/person/SYN-P302
t3-01715#0,t3-01715,Zoran Galec,SYN-P302,T3,train_anchor,relational_associations,With whom did Zoran Galec collaborate?,Halina Eskec,true,false,,,,false,,synthetic://dataset_v2/person/SYN-P302
t3-01716#0,t3-01716,Zoran Galec,SYN-P302,T3,train_anchor,relational_associations,Who was the working partner of Zoran Galec?,Gideon Ulrard,true,false,,,,false,,synthetic://dataset_v2/person/SYN-P302
t3-01717#0,t3-01717,Zoran Galec,SYN-P302,T3,train_anchor,relational_associations,Who was the spouse of Zoran Galec?,Kaspar Branorn,true,false,,,,false,,synthetic://dataset_v2/person/SYN-P302
t3-01718#0,t3-01718,Zoran Galec,SYN-P302,T3,train_anchor,names_aliases,Under what professional byname did Zoran Galec work?,Bright Galec,true,false,,,,false,,synthetic://dataset_v2/person/SYN-P302
t3-01719#0,t3-01719,Zoran Galec,SYN-P302,T3,train_anchor,names_aliases,Under which earlier professional name did Zoran Galec work?,Kirill Faress,true,false,,,,false,,synthetic://dataset_v2/person/SYN-P302
t3-01720#0,t3-01720,Zoran Galec,SYN-P302,T3,train_anchor,names_aliases,What is the middle name of Zoran Galec?,Cael,true,false,,,,false,,synthetic://dataset_v2/person/SYN-P302
t3-01721#0,t3-01721,Grigor Pelorn,SYN-P303,T3,train_anchor,biographical_dates,On what date was Grigor Pelorn born?,16 October 1865,true,false,,,,false,,synthetic://dataset_v2/person/SYN-P303
t3-01722#0,t3-01722,Grigor Pelorn,SYN-P303,T3,train_anchor,biographical_dates,In which year did Grigor Pelorn complete formal training?,1889,true,false,,,,false,,synthetic://dataset_v2/person/SYN-P303
t3-01723#0,t3-01723,Grigor Pelorn,SYN-P303,T3,train_anchor,biographical_dates,In which year did Grigor Pelorn take up a post at the Sextant Chronicle?,1895,true,false,,,,false,,synthetic://dataset_v2/person/SYN-P303
t3-01724#0,t3-01724,Grigor Pelorn,SYN-P303,T3,train_anchor,biographical_dates,In which year was Grigor Pelorn awarded the Halcyon Award?,1912,true,false,,,,false,,synthetic://dataset_v2/person/SYN-P303
t3-01725#0,t3-01725,Grigor Pelorn,SYN-P303,T3,train_anchor,biographical_dates,In which year did Grigor Pelorn establish the Lodestar News Bureau for Foreign Correspondence?,1900,true,false,,,,false,,synthetic://dataset_v2/person/SYN-P303
t3-01726#0,t3-01726,Grigor Pelorn,SYN-P303,T3,train_anchor,biographical_dates,In which year was Grigor Pelorn elected to the Norvellan Chancery?,1902,true,false,,,,false,,synthetic://dataset_v2/person/SYN-P303
t3-01727#0,t3-01727,Grigor Pelorn,SYN-P303,T3,train_anchor,location_linked,In which place was Grigor Pelorn born?,Ambergate,true,false,,,,false,,synthetic://dataset_v2/person/SYN-P303
t3-01728#0,t3-01728,Grigor Pelorn,SYN-P303,T3,train_anchor,location_linked,In which country was Grigor Pelorn born?,Serevane,true,false,,,,false,,synthetic://dataset_v2/person/SYN-P303
t3-01729#0,t3-01729,Grigor Pelorn,SYN-P303,T3,train_anchor,location_linked,In which city did Grigor Pelorn complete formal training?,Valerford,true,false,,,,false,,synthetic://dataset_v2/person/SYN-P303
t3-01730#0,t3-01730,Grigor Pelorn,SYN-P303,T3,train_anchor,location_linked,In which city did Grigor Pelorn chiefly work?,Riftfell,true,false,,,,false,,synthetic://dataset_v2/person/SYN-P303
t3-01731#0,t3-01731,Grigor Pelorn,SYN-P303,T3,train_anchor,location_linked,In which city did Grigor Pelorn establish the Lodestar News Bureau for Foreign Correspondence?,Cinderwick,true,false,,,,false,,synthetic://dataset_v2/person/SYN-P303
t3-01732#0,t3-01732,Grigor Pelorn,SYN-P303,T3,train_anchor,location_linked,In which city did Grigor Pelorn live in later life?,Iskrmarsh,true,false,,,,false,,synthetic://dataset_v2/person/SYN-P303
t3-01733#0,t3-01733,Grigor Pelorn,SYN-P303,T3,train_anchor,relational_associations,Who was the principal teacher of Grigor Pelorn?,Freya Galovic,true,false,,,,false,,synthetic://dataset_v2/person/SYN-P303
t3-01734#0,t3-01734,Grigor Pelorn,SYN-P303,T3,train_anchor,relational_associations,Who was the pupil of Grigor Pelorn?,Elias Venel,true,false,,,,false,,synthetic://dataset_v2/person/SYN-P303
t3-01735#0,t3-01735,Grigor Pelorn,SYN-P303,T3,train_anchor,relational_associations,With whom did Grigor Pelorn collaborate?,Ulyana Iskell,true,false,,,,false,,synthetic://dataset_v2/person/SYN-P303
t3-01736#0,t3-01736,Grigor Pelorn,SYN-P303,T3,train_anchor,relational_associations,Who was the working partner of Grigor Pelorn?,Ulrich Galis,true,false,,,,false,,synthetic://dataset_v2/person/SYN-P303
t3-01737#0,t3-01737,Grigor Pelorn,SYN-P303,T3,train_anchor,relational_associations,Who was the spouse of Grigor Pelorn?,Zofia Ashard,true,false,,,,false,,synthetic://dataset_v2/person/SYN-P303
t3-01738#0,t3-01738,Grigor Pelorn,SYN-P303,T3,train_anchor,names_aliases,Under what pen name did Grigor Pelorn work?,Quiet Pelorn,true,false,,,,false,,synthetic://dataset_v2/person/SYN-P303
t3-01739#0,t3-01739,Grigor Pelorn,SYN-P303,T3,train_anchor,names_aliases,Under which earlier professional name did Grigor Pelorn work?,Halina Pelel,true,false,,,,false,,synthetic://dataset_v2/person/SYN-P303
t3-01740#0,t3-01740,Grigor Pelorn,SYN-P303,T3,train_anchor,names_aliases,What is the middle name of Grigor Pelorn?,Brice,true,false,,,,false,,synthetic://dataset_v2/person/SYN-P303
t3-01741#0,t3-01741,Leon Zelis,SYN-P304,T3,train_anchor,biographical_dates,On what date was Leon Zelis born?,17 April 1925,true,false,,,,false,,synthetic://dataset_v2/person/SYN-P304
t3-01742#0,t3-01742,Leon Zelis,SYN-P304,T3,train_anchor,biographical_dates,On what date did Leon Zelis die?,5 July 1977,true,false,,,,false,,synthetic://dataset_v2/person/SYN-P304
t3-01743#0,t3-01743,Leon Zelis,SYN-P304,T3,train_anchor,biographical_dates,In which year did Leon Zelis complete formal training?,1949,true,false,,,,false,,synthetic://dataset_v2/person/SYN-P304
t3-01744#0,t3-01744,Leon Zelis,SYN-P304,T3,train_anchor,biographical_dates,In which year did Leon Zelis take up a post at Glacis Pictures?,1951,true,false,,,,false,,synthetic://dataset_v2/person/SYN-P304
t3-01745#0,t3-01745,Leon Zelis,SYN-P304,T3,train_anchor,biographical_dates,In which year was Leon Zelis awarded the Aster Prize?,1955,true,false,,,,false,,synthetic://dataset_v2/person/SYN-P304
t3-01746#0,t3-01746,Leon Zelis,SYN-P304,T3,train_anchor,biographical_dates,In which year did Leon Zelis establish the Aurelan Film Studio for Cinema?,1961,true,false,,,,false,,synthetic://dataset_v2/person/SYN-P304
t3-01747#0,t3-01747,Leon Zelis,SYN-P304,T3,train_anchor,location_linked,In which place was Leon Zelis born?,Xanthvale,true,false,,,,false,,synthetic://dataset_v2/person/SYN-P304
t3-01748#0,t3-01748,Leon Zelis,SYN-P304,T3,train_anchor,location_linked,In which country was Leon Zelis born?,Ostravia,true,false,,,,false,,synthetic://dataset_v2/person/SYN-P304
t3-01749#0,t3-01749,Leon Zelis,SYN-P304,T3,train_anchor,location_linked,In which place did Leon Zelis die?,Sablevale,true,false,,,,false,,synthetic://dataset_v2/person/SYN-P304
t3-01750#0,t3-01750,Leon Zelis,SYN-P304,T3,train_anchor,location_linked,In which city did Leon Zelis complete formal training?,Lumenfell,true,false,,,,false,,synthetic://dataset_v2/person/SYN-P304
t3-01751#0,t3-01751,Leon Zelis,SYN-P304,T3,train_anchor,location_linked,In which city did Leon Zelis chiefly work?,Sablereach,true,false,,,,false,,synthetic://dataset_v2/person/SYN-P304
t3-01752#0,t3-01752,Leon Zelis,SYN-P304,T3,train_anchor,location_linked,In which city did Leon Zelis establish the Aurelan Film Studio for Cinema?,Petrmere,true,false,,,,false,,synthetic://dataset_v2/person/SYN-P304
t3-01753#0,t3-01753,Leon Zelis,SYN-P304,T3,train_anchor,relational_associations,Who was the principal teacher of Leon Zelis?,Leon Branir,true,false,,,,false,,synthetic://dataset_v2/person/SYN-P304
t3-01754#0,t3-01754,Leon Zelis,SYN-P304,T3,train_anchor,relational_associations,Who was the pupil of Leon Zelis?,Tamsin Thalane,true,false,,,,false,,synthetic://dataset_v2/person/SYN-P304
t3-01755#0,t3-01755,Leon Zelis,SYN-P304,T3,train_anchor,relational_associations,With whom did Leon Zelis collaborate?,Rosalind Yarine,true,false,,,,false,,synthetic://dataset_v2/person/SYN-P304
t3-01756#0,t3-01756,Leon Zelis,SYN-P304,T3,train_anchor,relational_associations,Who was the working partner of Leon Zelis?,Lucan Iryn,true,false,,,,false,,synthetic://dataset_v2/person/SYN-P304
t3-01757#0,t3-01757,Leon Zelis,SYN-P304,T3,train_anchor,relational_associations,Who was the spouse of Leon Zelis?,Lucan Lorel,true,false,,,,false,,synthetic://dataset_v2/person/SYN-P304
t3-01758#0,t3-01758,Leon Zelis,SYN-P304,T3,train_anchor,names_aliases,Under what stage name did Leon Zelis work?,Folded Zelis,true,false,,,,false,,synthetic://dataset_v2/person/SYN-P304
t3-01759#0,t3-01759,Leon Zelis,SYN-P304,T3,train_anchor,names_aliases,Under which earlier professional name did Leon Zelis work?,Ceres Merard,true,false,,,,false,,synthetic://dataset_v2/person/SYN-P304
t3-01760#0,t3-01760,Leon Zelis,SYN-P304,T3,train_anchor,names_aliases,What is the middle name of Leon Zelis?,Sten,true,false,,,,false,,synthetic://dataset_v2/person/SYN-P304
t3-01761#0,t3-01761,Quentin Silan,SYN-P305,T3,train_anchor,biographical_dates,On what date was Quentin Silan born?,22 July 1936,true,false,,,,false,,synthetic://dataset_v2/person/SYN-P305
t3-01762#0,t3-01762,Quentin Silan,SYN-P305,T3,train_anchor,biographical_dates,On what date did Quentin Silan die?,7 July 1998,true,false,,,,false,,synthetic://dataset_v2/person/SYN-P305
t3-01763#0,t3-01763,Quentin Silan,SYN-P305,T3,train_anchor,biographical_dates,In which year did Quentin Silan complete formal training?,1966,true,false,,,,false,,synthetic://dataset_v2/person/SYN-P305
t3-01764#0,t3-01764,Quentin Silan,SYN-P305,T3,train_anchor,biographical_dates,In which year did Quentin Silan take up a post at Rampart Philharmonic?,1967,true,false,,,,false,,synthetic://dataset_v2/person/SYN-P305
t3-01765#0,t3-01765,Quentin Silan,SYN-P305,T3,train_anchor,biographical_dates,In which year was Quentin Silan awarded the Foil Award?,1970,true,false,,,,false,,synthetic://dataset_v2/person/SYN-P305
t3-01766#0,t3-01766,Quentin Silan,SYN-P305,T3,train_anchor,biographical_dates,In which year did Quentin Silan establish the Orrery Ensemble for Orchestral Composition?,1974,true,false,,,,false,,synthetic://dataset_v2/person/SYN-P305
t3-01767#0,t3-01767,Quentin Silan,SYN-P305,T3,train_anchor,location_linked,In which place was Quentin Silan born?,Lowmis,true,false,,,,false,,synthetic://dataset_v2/person/SYN-P305
t3-01768#0,t3-01768,Quentin Silan,SYN-P305,T3,train_anchor,location_linked,In which country was Quentin Silan born?,Tarsine,true,false,,,,false,,synthetic://dataset_v2/person/SYN-P305
t3-01769#0,t3-01769,Quentin Silan,SYN-P305,T3,train_anchor,location_linked,In which place did Quentin Silan die?,Drossstead,true,false,,,,false,,synthetic://dataset_v2/person/SYN-P305
t3-01770#0,t3-01770,Quentin Silan,SYN-P305,T3,train_anchor,location_linked,In which city did Quentin Silan complete formal training?,Sablecrest,true,false,,,,false,,synthetic://dataset_v2/person/SYN-P305
t3-01771#0,t3-01771,Quentin Silan,SYN-P305,T3,train_anchor,location_linked,In which city did Quentin Silan chiefly work?,Sablewick,true,false,,,,false,,synthetic://dataset_v2/person/SYN-P305
t3-01772#0,t3-01772,Quentin Silan,SYN-P305,T3,train_anchor,location_linked,In which city did Quentin Silan establish the Orrery Ensemble for Orchestral Composition?,Fenwfell,true,false,,,,false,,synthetic://dataset_v2/person/SYN-P305
t3-01773#0,t3-01773,Quentin Silan,SYN-P305,T3,train_anchor,relational_associations,Who was the principal teacher of Quentin Silan?,Dorian Ravard,true,false,,,,false,,synthetic://dataset_v2/person/SYN-P305
t3-01774#0,t3-01774,Quentin Silan,SYN-P305,T3,train_anchor,relational_associations,Who was the pupil of Quentin Silan?,Anselm Quenane,true,false,,,,false,,synthetic://dataset_v2/person/SYN-P305
t3-01775#0,t3-01775,Quentin Silan,SYN-P305,T3,train_anchor,relational_associations,With whom did Quentin Silan collaborate?,Fleur Venell,true,false,,,,false,,synthetic://dataset_v2/person/SYN-P305
t3-01776#0,t3-01776,Quentin Silan,SYN-P305,T3,train_anchor,relational_associations,Who was the working partner of Quentin Silan?,Marisol Silec,true,false,,,,false,,synthetic://dataset_v2/person/SYN-P305
t3-01777#0,t3-01777,Quentin Silan,SYN-P305,T3,train_anchor,relational_associations,Who was the spouse of Quentin Silan?,Bianca Toray,true,false,,,,false,,synthetic://dataset_v2/person/SYN-P305
t3-01778#0,t3-01778,Quentin Silan,SYN-P305,T3,train_anchor,names_aliases,Under what stage name did Quentin Silan work?,Ninefold Silan,true,false,,,,false,,synthetic://dataset_v2/person/SYN-P305
t3-01779#0,t3-01779,Quentin Silan,SYN-P305,T3,train_anchor,names_aliases,Under which earlier professional name did Quentin Silan work?,Noemi Venath,true,false,,,,false,,synthetic://dataset_v2/person/SYN-P305
t3-01780#0,t3-01780,Quentin Silan,SYN-P305,T3,train_anchor,names_aliases,What is the middle name of Quentin Silan?,Osric,true,false,,,,false,,synthetic://dataset_v2/person/SYN-P305
t3-01781#0,t3-01781,Freya Venas,SYN-P306,T3,train_anchor,biographical_dates,On what date was Freya Venas born?,24 July 1866,true,false,,,,false,,synthetic://dataset_v2/person/SYN-P306
t3-01782#0,t3-01782,Freya Venas,SYN-P306,T3,train_anchor,biographical_dates,On what date did Freya Venas die?,24 February 1940,true,false,,,,false,,synthetic://dataset_v2/person/SYN-P306
t3-01783#0,t3-01783,Freya Venas,SYN-P306,T3,train_anchor,biographical_dates,In which year did Freya Venas complete formal training?,1890,true,false,,,,false,,synthetic://dataset_v2/person/SYN-P306
t3-01784#0,t3-01784,Freya Venas,SYN-P306,T3,train_anchor,biographical_dates,In which year did Freya Venas take up a post at Quorum Press?,1892,true,false,,,,false,,synthetic://dataset_v2/person/SYN-P306
t3-01785#0,t3-01785,Freya Venas,SYN-P306,T3,train_anchor,biographical_dates,In which year was Freya Venas awarded the Hearth Prize?,1909,true,false,,,,false,,synthetic://dataset_v2/person/SYN-P306
t3-01786#0,t3-01786,Freya Venas,SYN-P306,T3,train_anchor,biographical_dates,In which year did Freya Venas establish the Beacon Writers Circle for Prose Fiction?,1900,true,false,,,,false,,synthetic://dataset_v2/person/SYN-P306
t3-01787#0,t3-01787,Freya Venas,SYN-P306,T3,train_anchor,location_linked,In which place was Freya Venas born?,Thistholm,true,false,,,,false,,synthetic://dataset_v2/person/SYN-P306
t3-01788#0,t3-01788,Freya Venas,SYN-P306,T3,train_anchor,location_linked,In which country was Freya Venas born?,Draviland,true,false,,,,false,,synthetic://dataset_v2/person/SYN-P306
t3-01789#0,t3-01789,Freya Venas,SYN-P306,T3,train_anchor,location_linked,In which place did Freya Venas die?,Sableford,true,false,,,,false,,synthetic://dataset_v2/person/SYN-P306
t3-01790#0,t3-01790,Freya Venas,SYN-P306,T3,train_anchor,location_linked,In which city did Freya Venas complete formal training?,Ordalfell,true,false,,,,false,,synthetic://dataset_v2/person/SYN-P306
t3-01791#0,t3-01791,Freya Venas,SYN-P306,T3,train_anchor,location_linked,In which city did Freya Venas chiefly work?,Stellgate,true,false,,,,false,,synthetic://dataset_v2/person/SYN-P306
t3-01792#0,t3-01792,Freya Venas,SYN-P306,T3,train_anchor,location_linked,In which city did Freya Venas establish the Beacon Writers Circle for Prose Fiction?,Umbrmere,true,false,,,,false,,synthetic://dataset_v2/person/SYN-P306
t3-01793#0,t3-01793,Freya Venas,SYN-P306,T3,train_anchor,relational_associations,Who was the principal teacher of Freya Venas?,Quentin Marec,true,false,,,,false,,synthetic://dataset_v2/person/SYN-P306
t3-01794#0,t3-01794,Freya Venas,SYN-P306,T3,train_anchor,relational_associations,Who was the pupil of Freya Venas?,Dagny Xanyn,true,false,,,,false,,synthetic://dataset_v2/person/SYN-P306
t3-01795#0,t3-01795,Freya Venas,SYN-P306,T3,train_anchor,relational_associations,With whom did Freya Venas collaborate?,Sabine Lorovic,true,false,,,,false,,synthetic://dataset_v2/person/SYN-P306
t3-01796#0,t3-01796,Freya Venas,SYN-P306,T3,train_anchor,relational_associations,Who was the working partner of Freya Venas?,Anselm Cadrine,true,false,,,,false,,synthetic://dataset_v2/person/SYN-P306
t3-01797#0,t3-01797,Freya Venas,SYN-P306,T3,train_anchor,relational_associations,Who was the spouse of Freya Venas?,Edvard Jasir,true,false,,,,false,,synthetic://dataset_v2/person/SYN-P306
t3-01798#0,t3-01798,Freya Venas,SYN-P306,T3,train_anchor,names_aliases,Under what pen name did Freya Venas work?,Quiet Venas,true,false,,,,false,,synthetic://dataset_v2/person/SYN-P306
t3-01799#0,t3-01799,Freya Venas,SYN-P306,T3,train_anchor,names_aliases,Under which earlier professional name did Freya Venas work?,Henrik Quenick,true,false,,,,false,,synthetic://dataset_v2/person/SYN-P306
t3-01800#0,t3-01800,Freya Venas,SYN-P306,T3,train_anchor,names_aliases,What is the middle name of Freya Venas?,Ylva,true,false,,,,false,,synthetic://dataset_v2/person/SYN-P306
t3-01801#0,t3-01801,Mira Loryn,SYN-P307,T3,train_anchor,biographical_dates,On what date was Mira Loryn born?,27 May 1852,true,false,,,,false,,synthetic://dataset_v2/person/SYN-P307
t3-01802#0,t3-01802,Mira Loryn,SYN-P307,T3,train_anchor,biographical_dates,On what date did Mira Loryn die?,4 December 1925,true,false,,,,false,,synthetic://dataset_v2/person/SYN-P307
t3-01803#0,t3-01803,Mira Loryn,SYN-P307,T3,train_anchor,biographical_dates,In which year did Mira Loryn complete formal training?,1877,true,false,,,,false,,synthetic://dataset_v2/person/SYN-P307
t3-01804#0,t3-01804,Mira Loryn,SYN-P307,T3,train_anchor,biographical_dates,In which year did Mira Loryn take up a post at the Equinox Party?,1880,true,false,,,,false,,synthetic://dataset_v2/person/SYN-P307
t3-01805#0,t3-01805,Mira Loryn,SYN-P307,T3,train_anchor,biographical_dates,In which year was Mira Loryn awarded the Obelisk Award?,1893,true,false,,,,false,,synthetic://dataset_v2/person/SYN-P307
t3-01806#0,t3-01806,Mira Loryn,SYN-P307,T3,train_anchor,biographical_dates,In which year did Mira Loryn establish the Bastion Policy Bureau for Public Administration?,1890,true,false,,,,false,,synthetic://dataset_v2/person/SYN-P307
t3-01807#0,t3-01807,Mira Loryn,SYN-P307,T3,train_anchor,location_linked,In which place was Mira Loryn born?,Highfis,true,false,,,,false,,synthetic://dataset_v2/person/SYN-P307
t3-01808#0,t3-01808,Mira Loryn,SYN-P307,T3,train_anchor,location_linked,In which country was Mira Loryn born?,Elarion,true,false,,,,false,,synthetic://dataset_v2/person/SYN-P307
t3-01809#0,t3-01809,Mira Loryn,SYN-P307,T3,train_anchor,location_linked,In which place did Mira Loryn die?,Mirrhaven,true,false,,,,false,,synthetic://dataset_v2/person/SYN-P307
t3-01810#0,t3-01810,Mira Loryn,SYN-P307,T3,train_anchor,location_linked,In which city did Mira Loryn complete formal training?,Drosshaven,true,false,,,,false,,synthetic://dataset_v2/person/SYN-P307
t3-01811#0,t3-01811,Mira Loryn,SYN-P307,T3,train_anchor,location_linked,In which city did Mira Loryn chiefly work?,Grayharn,true,false,,,,false,,synthetic://dataset_v2/person/SYN-P307
t3-01812#0,t3-01812,Mira Loryn,SYN-P307,T3,train_anchor,location_linked,In which city did Mira Loryn establish the Bastion Policy Bureau for Public Administration?,Stellarn,true,false,,,,false,,synthetic://dataset_v2/person/SYN-P307
t3-01813#0,t3-01813,Mira Loryn,SYN-P307,T3,train_anchor,relational_associations,Who was the principal teacher of Mira Loryn?,Jorun Torir,true,false,,,,false,,synthetic://dataset_v2/person/SYN-P307
t3-01814#0,t3-01814,Mira Loryn,SYN-P307,T3,train_anchor,relational_associations,Who was the pupil of Mira Loryn?,Adrian Ulray,true,false,,,,false,,synthetic://dataset_v2/person/SYN-P307
t3-01815#0,t3-01815,Mira Loryn,SYN-P307,T3,train_anchor,relational_associations,With whom did Mira Loryn collaborate?,Wendel Ravick,true,false,,,,false,,synthetic://dataset_v2/person/SYN-P307
t3-01816#0,t3-01816,Mira Loryn,SYN-P307,T3,train_anchor,relational_associations,Who was the working partner of Mira Loryn?,Anselm Lororn,true,false,,,,false,,synthetic://dataset_v2/person/SYN-P307
t3-01817#0,t3-01817,Mira Loryn,SYN-P307,T3,train_anchor,relational_associations,Who was the spouse of Mira Loryn?,Joachim Lorec,true,false,,,,false,,synthetic://dataset_v2/person/SYN-P307
t3-01818#0,t3-01818,Mira Loryn,SYN-P307,T3,train_anchor,names_aliases,Under what professional byname did Mira Loryn work?,Buried Loryn,true,false,,,,false,,synthetic://dataset_v2/person/SYN-P307
t3-01819#0,t3-01819,Mira Loryn,SYN-P307,T3,train_anchor,names_aliases,Under which earlier professional name did Mira Loryn work?,Halina Torov,true,false,,,,false,,synthetic://dataset_v2/person/SYN-P307
t3-01820#0,t3-01820,Mira Loryn,SYN-P307,T3,train_anchor,names_aliases,What is the middle name of Mira Loryn?,Sten,true,false,,,,false,,synthetic://dataset_v2/person/SYN-P307
t3-01821#0,t3-01821,Jonas Hevard,SYN-P308,T3,train_anchor,biographical_dates,On what date was Jonas Hevard born?,11 December 1884,true,false,,,,false,,synthetic://dataset_v2/person/SYN-P308
t3-01822#0,t3-01822,Jonas Hevard,SYN-P308,T3,train_anchor,biographical_dates,In which year did Jonas Hevard complete formal training?,1909,true,false,,,,false,,synthetic://dataset_v2/person/SYN-P308
t3-01823#0,t3-01823,Jonas Hevard,SYN-P308,T3,train_anchor,biographical_dates,In which year did Jonas Hevard take up a post at Daedal Architects?,1910,true,false,,,,false,,synthetic://dataset_v2/person/SYN-P308
t3-01824#0,t3-01824,Jonas Hevard,SYN-P308,T3,train_anchor,biographical_dates,In which year was Jonas Hevard awarded the Wayfarer Award?,1919,true,false,,,,false,,synthetic://dataset_v2/person/SYN-P308
t3-01825#0,t3-01825,Jonas Hevard,SYN-P308,T3,train_anchor,biographical_dates,In which year did Jonas Hevard establish the Equinox Design Studio for Civic Architecture?,1922,true,false,,,,false,,synthetic://dataset_v2/person/SYN-P308
t3-01826#0,t3-01826,Jonas Hevard,SYN-P308,T3,train_anchor,biographical_dates,In which year was Jonas Hevard elected to the Serevanic Consortium?,1918,true,false,,,,false,,synthetic://dataset_v2/person/SYN-P308
t3-01827#0,t3-01827,Jonas Hevard,SYN-P308,T3,train_anchor,location_linked,In which place was Jonas Hevard born?,Dunebholm,true,false,,,,false,,synthetic://dataset_v2/person/SYN-P308
t3-01828#0,t3-01828,Jonas Hevard,SYN-P308,T3,train_anchor,location_linked,In which country was Jonas Hevard born?,Serevane,true,false,,,,false,,synthetic://dataset_v2/person/SYN-P308
t3-01829#0,t3-01829,Jonas Hevard,SYN-P308,T3,train_anchor,location_linked,In which city did Jonas Hevard complete formal training?,Palewport,true,false,,,,false,,synthetic://dataset_v2/person/SYN-P308
t3-01830#0,t3-01830,Jonas Hevard,SYN-P308,T3,train_anchor,location_linked,In which city did Jonas Hevard chiefly work?,Valermere,true,false,,,,false,,synthetic://dataset_v2/person/SYN-P308
t3-01831#0,t3-01831,Jonas Hevard,SYN-P308,T3,train_anchor,location_linked,In which city did Jonas Hevard establish the Equinox Design Studio for Civic Architecture?,Grayhmere,true,false,,,,false,,synthetic://dataset_v2/person/SYN-P308
t3-01832#0,t3-01832,Jonas Hevard,SYN-P308,T3,train_anchor,location_linked,In which city did Jonas Hevard live in later life?,Quillreach,true,false,,,,false,,synthetic://dataset_v2/person/SYN-P308
t3-01833#0,t3-01833,Jonas Hevard,SYN-P308,T3,train_anchor,relational_associations,Who was the principal teacher of Jonas Hevard?,Eluned Orsyn,true,false,,,,false,,synthetic://dataset_v2/person/SYN-P308
t3-01834#0,t3-01834,Jonas Hevard,SYN-P308,T3,train_anchor,relational_associations,Who was the pupil of Jonas Hevard?,Hadrian Orsel,true,false,,,,false,,synthetic://dataset_v2/person/SYN-P308
t3-01835#0,t3-01835,Jonas Hevard,SYN-P308,T3,train_anchor,relational_associations,With whom did Jonas Hevard collaborate?,Ilse Farine,true,false,,,,false,,synthetic://dataset_v2/person/SYN-P308
t3-01836#0,t3-01836,Jonas Hevard,SYN-P308,T3,train_anchor,relational_associations,Who was the working partner of Jonas Hevard?,Fabian Corath,true,false,,,,false,,synthetic://dataset_v2/person/SYN-P308
t3-01837#0,t3-01837,Jonas Hevard,SYN-P308,T3,train_anchor,relational_associations,Who was the spouse of Jonas Hevard?,Helena Novas,true,false,,,,false,,synthetic://dataset_v2/person/SYN-P308
t3-01838#0,t3-01838,Jonas Hevard,SYN-P308,T3,train_anchor,names_aliases,Under what professional byname did Jonas Hevard work?,Buried Hevard,true,false,,,,false,,synthetic://dataset_v2/person/SYN-P308
t3-01839#0,t3-01839,Jonas Hevard,SYN-P308,T3,train_anchor,names_aliases,Under which earlier professional name did Jonas Hevard work?,Lucan Novyn,true,false,,,,false,,synthetic://dataset_v2/person/SYN-P308
t3-01840#0,t3-01840,Jonas Hevard,SYN-P308,T3,train_anchor,names_aliases,What is the middle name of Jonas Hevard?,Osric,true,false,,,,false,,synthetic://dataset_v2/person/SYN-P308
t3-01841#0,t3-01841,Soren Serine,SYN-P309,T3,train_anchor,biographical_dates,On what date was Soren Serine born?,7 April 1872,true,false,,,,false,,synthetic://dataset_v2/person/SYN-P309
t3-01842#0,t3-01842,Soren Serine,SYN-P309,T3,train_anchor,biographical_dates,In which year did Soren Serine complete formal training?,1899,true,false,,,,false,,synthetic://dataset_v2/person/SYN-P309
t3-01843#0,t3-01843,Soren Serine,SYN-P309,T3,train_anchor,biographical_dates,In which year did Soren Serine take up a post at Crucible Athletic Club?,1905,true,false,,,,false,,synthetic://dataset_v2/person/SYN-P309
t3-01844#0,t3-01844,Soren Serine,SYN-P309,T3,train_anchor,biographical_dates,In which year was Soren Serine awarded the Dial Prize?,1913,true,false,,,,false,,synthetic://dataset_v2/person/SYN-P309
t3-01845#0,t3-01845,Soren Serine,SYN-P309,T3,train_anchor,biographical_dates,In which year did Soren Serine establish the Nadir Training Centre for Track Athletics?,1915,true,false,,,,false,,synthetic://dataset_v2/person/SYN-P309
t3-01846#0,t3-01846,Soren Serine,SYN-P309,T3,train_anchor,biographical_dates,In which year was Soren Serine elected to the Kesmiri Consortium?,1914,true,false,,,,false,,synthetic://dataset_v2/person/SYN-P309
t3-01847#0,t3-01847,Soren Serine,SYN-P309,T3,train_anchor,location_linked,In which place was Soren Serine born?,Marrocrest,true,false,,,,false,,synthetic://dataset_v2/person/SYN-P309
t3-01848#0,t3-01848,Soren Serine,SYN-P309,T3,train_anchor,location_linked,In which country was Soren Serine born?,Calibris,true,false,,,,false,,synthetic://dataset_v2/person/SYN-P309
t3-01849#0,t3-01849,Soren Serine,SYN-P309,T3,train_anchor,location_linked,In which city did Soren Serine complete formal training?,Sablefell,true,false,,,,false,,synthetic://dataset_v2/person/SYN-P309
t3-01850#0,t3-01850,Soren Serine,SYN-P309,T3,train_anchor,location_linked,In which city did Soren Serine chiefly work?,Sablevale,true,false,,,,false,,synthetic://dataset_v2/person/SYN-P309
t3-01851#0,t3-01851,Soren Serine,SYN-P309,T3,train_anchor,location_linked,In which city did Soren Serine establish the Nadir Training Centre for Track Athletics?,Palewhollow,true,false,,,,false,,synthetic://dataset_v2/person/SYN-P309
t3-01852#0,t3-01852,Soren Serine,SYN-P309,T3,train_anchor,location_linked,In which city did Soren Serine live in later life?,Mirrcrest,true,false,,,,false,,synthetic://dataset_v2/person/SYN-P309
t3-01853#0,t3-01853,Soren Serine,SYN-P309,T3,train_anchor,relational_associations,Who was the principal teacher of Soren Serine?,Wendel Irir,true,false,,,,false,,synthetic://dataset_v2/person/SYN-P309
t3-01854#0,t3-01854,Soren Serine,SYN-P309,T3,train_anchor,relational_associations,Who was the pupil of Soren Serine?,Dorian Venane,true,false,,,,false,,synthetic://dataset_v2/person/SYN-P309
t3-01855#0,t3-01855,Soren Serine,SYN-P309,T3,train_anchor,relational_associations,With whom did Soren Serine collaborate?,Kaspar Loris,true,false,,,,false,,synthetic://dataset_v2/person/SYN-P309
t3-01856#0,t3-01856,Soren Serine,SYN-P309,T3,train_anchor,relational_associations,Who was the working partner of Soren Serine?,Bertram Dovell,true,false,,,,false,,synthetic://dataset_v2/person/SYN-P309
t3-01857#0,t3-01857,Soren Serine,SYN-P309,T3,train_anchor,relational_associations,Who was the spouse of Soren Serine?,Noemi Jorine,true,false,,,,false,,synthetic://dataset_v2/person/SYN-P309
t3-01858#0,t3-01858,Soren Serine,SYN-P309,T3,train_anchor,names_aliases,Under what professional byname did Soren Serine work?,Pale Serine,true,false,,,,false,,synthetic://dataset_v2/person/SYN-P309
t3-01859#0,t3-01859,Soren Serine,SYN-P309,T3,train_anchor,names_aliases,Under which earlier professional name did Soren Serine work?,Delphine Ulress,true,false,,,,false,,synthetic://dataset_v2/person/SYN-P309
t3-01860#0,t3-01860,Soren Serine,SYN-P309,T3,train_anchor,names_aliases,What is the middle name of Soren Serine?,Fira,true,false,,,,false,,synthetic://dataset_v2/person/SYN-P309
t3-01861#0,t3-01861,Esme Ulrir,SYN-P310,T3,train_anchor,biographical_dates,On what date was Esme Ulrir born?,15 April 1937,true,false,,,,false,,synthetic://dataset_v2/person/SYN-P310
t3-01862#0,t3-01862,Esme Ulrir,SYN-P310,T3,train_anchor,biographical_dates,In which year did Esme Ulrir complete formal training?,1960,true,false,,,,false,,synthetic://dataset_v2/person/SYN-P310
t3-01863#0,t3-01863,Esme Ulrir,SYN-P310,T3,train_anchor,biographical_dates,In which year did Esme Ulrir take up a post at the Fathom Chronicle?,1961,true,false,,,,false,,synthetic://dataset_v2/person/SYN-P310
t3-01864#0,t3-01864,Esme Ulrir,SYN-P310,T3,train_anchor,biographical_dates,In which year was Esme Ulrir awarded the Coronet Laureateship?,1974,true,false,,,,false,,synthetic://dataset_v2/person/SYN-P310
t3-01865#0,t3-01865,Esme Ulrir,SYN-P310,T3,train_anchor,biographical_dates,In which year did Esme Ulrir establish the Cypress News Bureau for Foreign Correspondence?,1972,true,false,,,,false,,synthetic://dataset_v2/person/SYN-P310
t3-01866#0,t3-01866,Esme Ulrir,SYN-P310,T3,train_anchor,biographical_dates,In which year was Esme Ulrir elected to the Dravian Chapter?,1966,true,false,,,,false,,synthetic://dataset_v2/person/SYN-P310
t3-01867#0,t3-01867,Esme Ulrir,SYN-P310,T3,train_anchor,location_linked,In which place was Esme Ulrir born?,Grayhmere,true,false,,,,false,,synthetic://dataset_v2/person/SYN-P310
t3-01868#0,t3-01868,Esme Ulrir,SYN-P310,T3,train_anchor,location_linked,In which country was Esme Ulrir born?,Elarion,true,false,,,,false,,synthetic://dataset_v2/person/SYN-P310
t3-01869#0,t3-01869,Esme Ulrir,SYN-P310,T3,train_anchor,location_linked,In which city did Esme Ulrir complete formal training?,Xantharn,true,false,,,,false,,synthetic://dataset_v2/person/SYN-P310
t3-01870#0,t3-01870,Esme Ulrir,SYN-P310,T3,train_anchor,location_linked,In which city did Esme Ulrir chiefly work?,Rhelmhollow,true,false,,,,false,,synthetic://dataset_v2/person/SYN-P310
t3-01871#0,t3-01871,Esme Ulrir,SYN-P310,T3,train_anchor,location_linked,In which city did Esme Ulrir establish the Cypress News Bureau for Foreign Correspondence?,Highfford,true,false,,,,false,,synthetic://dataset_v2/person/SYN-P310
t3-01872#0,t3-01872,Esme Ulrir,SYN-P310,T3,train_anchor,location_linked,In which city did Esme Ulrir live in later life?,Riftport,true,false,,,,false,,synthetic://dataset_v2/person/SYN-P310
t3-01873#0,t3-01873,Esme Ulrir,SYN-P310,T3,train_anchor,relational_associations,Who was the principal teacher of Esme Ulrir?,Milo Ashir,true,false,,,,false,,synthetic://dataset_v2/person/SYN-P310
t3-01874#0,t3-01874,Esme Ulrir,SYN-P310,T3,train_anchor,relational_associations,Who was the pupil of Esme Ulrir?,Tobias Silis,true,false,,,,false,,synthetic://dataset_v2/person/SYN-P310
t3-01875#0,t3-01875,Esme Ulrir,SYN-P310,T3,train_anchor,relational_associations,With whom did Esme Ulrir collaborate?,Kirill Xanir,true,false,,,,false,,synthetic://dataset_v2/person/SYN-P310
t3-01876#0,t3-01876,Esme Ulrir,SYN-P310,T3,train_anchor,relational_associations,Who was the working partner of Esme Ulrir?,Lucan Vorov,true,false,,,,false,,synthetic://dataset_v2/person/SYN-P310
t3-01877#0,t3-01877,Esme Ulrir,SYN-P310,T3,train_anchor,relational_associations,Who was the spouse of Esme Ulrir?,Joachim Novorn,true,false,,,,false,,synthetic://dataset_v2/person/SYN-P310
t3-01878#0,t3-01878,Esme Ulrir,SYN-P310,T3,train_anchor,names_aliases,Under what pen name did Esme Ulrir work?,Buried Ulrir,true,false,,,,false,,synthetic://dataset_v2/person/SYN-P310
t3-01879#0,t3-01879,Esme Ulrir,SYN-P310,T3,train_anchor,names_aliases,Under which earlier professional name did Esme Ulrir work?,Dagny Orsick,true,false,,,,false,,synthetic://dataset_v2/person/SYN-P310
t3-01880#0,t3-01880,Esme Ulrir,SYN-P310,T3,train_anchor,names_aliases,What is the middle name of Esme Ulrir?,Dagen,true,false,,,,false,,synthetic://dataset_v2/person/SYN-P310
t3-01881#0,t3-01881,Leon Yaress,SYN-P311,T3,train_anchor,biographical_dates,On what date was Leon Yaress born?,25 March 1954,true,false,,,,false,,synthetic://dataset_v2/person/SYN-P311
t3-01882#0,t3-01882,Leon Yaress,SYN-P311,T3,train_anchor,biographical_dates,In which year did Leon Yaress complete formal training?,1984,true,false,,,,false,,synthetic://dataset_v2/person/SYN-P311
t3-01883#0,t3-01883,Leon Yaress,SYN-P311,T3,train_anchor,biographical_dates,In which year did Leon Yaress take up a post at Solstice Pictures?,1987,true,false,,,,false,,synthetic://dataset_v2/person/SYN-P311
t3-01884#0,t3-01884,Leon Yaress,SYN-P311,T3,train_anchor,biographical_dates,In which year was Leon Yaress awarded the Coronet Medal?,2002,true,false,,,,false,,synthetic://dataset_v2/person/SYN-P311
t3-01885#0,t3-01885,Leon Yaress,SYN-P311,T3,train_anchor,biographical_dates,In which year did Leon Yaress establish the Nadir Film Studio for Cinema?,1998,true,false,,,,false,,synthetic://dataset_v2/person/SYN-P311
t3-01886#0,t3-01886,Leon Yaress,SYN-P311,T3,train_anchor,biographical_dates,In which year was Leon Yaress elected to the Calibrian Circle?,2005,true,false,,,,false,,synthetic://dataset_v2/person/SYN-P311
t3-01887#0,t3-01887,Leon Yaress,SYN-P311,T3,train_anchor,location_linked,In which place was Leon Yaress born?,Novavale,true,false,,,,false,,synthetic://dataset_v2/person/SYN-P311
t3-01888#0,t3-01888,Leon Yaress,SYN-P311,T3,train_anchor,location_linked,In which country was Leon Yaress born?,Kesmir,true,false,,,,false,,synthetic://dataset_v2/person/SYN-P311
t3-01889#0,t3-01889,Leon Yaress,SYN-P311,T3,train_anchor,location_linked,In which city did Leon Yaress complete formal training?,Grayhhaven,true,false,,,,false,,synthetic://dataset_v2/person/SYN-P311
t3-01890#0,t3-01890,Leon Yaress,SYN-P311,T3,train_anchor,location_linked,In which city did Leon Yaress chiefly work?,Novamere,true,false,,,,false,,synthetic://dataset_v2/person/SYN-P311
t3-01891#0,t3-01891,Leon Yaress,SYN-P311,T3,train_anchor,location_linked,In which city did Leon Yaress establish the Nadir Film Studio for Cinema?,Lumenvale,true,false,,,,false,,synthetic://dataset_v2/person/SYN-P311
t3-01892#0,t3-01892,Leon Yaress,SYN-P311,T3,train_anchor,location_linked,In which city did Leon Yaress live in later life?,Mirrcrest,true,false,,,,false,,synthetic://dataset_v2/person/SYN-P311
t3-01893#0,t3-01893,Leon Yaress,SYN-P311,T3,train_anchor,relational_associations,Who was the principal teacher of Leon Yaress?,Casper Serel,true,false,,,,false,,synthetic://dataset_v2/person/SYN-P311
t3-01894#0,t3-01894,Leon Yaress,SYN-P311,T3,train_anchor,relational_associations,Who was the pupil of Leon Yaress?,Wilhelmina Meras,true,false,,,,false,,synthetic://dataset_v2/person/SYN-P311
t3-01895#0,t3-01895,Leon Yaress,SYN-P311,T3,train_anchor,relational_associations,With whom did Leon Yaress collaborate?,Iva Zelel,true,false,,,,false,,synthetic://dataset_v2/person/SYN-P311
t3-01896#0,t3-01896,Leon Yaress,SYN-P311,T3,train_anchor,relational_associations,Who was the working partner of Leon Yaress?,Dagny Wynine,true,false,,,,false,,synthetic://dataset_v2/person/SYN-P311
t3-01897#0,t3-01897,Leon Yaress,SYN-P311,T3,train_anchor,relational_associations,Who was the spouse of Leon Yaress?,Clea Orsay,true,false,,,,false,,synthetic://dataset_v2/person/SYN-P311
t3-01898#0,t3-01898,Leon Yaress,SYN-P311,T3,train_anchor,names_aliases,Under what stage name did Leon Yaress work?,Ninefold Yaress,true,false,,,,false,,synthetic://dataset_v2/person/SYN-P311
t3-01899#0,t3-01899,Leon Yaress,SYN-P311,T3,train_anchor,names_aliases,Under which earlier professional name did Leon Yaress work?,Emeric Voris,true,false,,,,false,,synthetic://dataset_v2/person/SYN-P311
t3-01900#0,t3-01900,Leon Yaress,SYN-P311,T3,train_anchor,names_aliases,What is the middle name of Leon Yaress?,Osric,true,false,,,,false,,synthetic://dataset_v2/person/SYN-P311
t3-01901#0,t3-01901,Halina Kelath,SYN-P312,T3,train_anchor,biographical_dates,On what date was Halina Kelath born?,7 February 1885,true,false,,,,false,,synthetic://dataset_v2/person/SYN-P312
t3-01902#0,t3-01902,Halina Kelath,SYN-P312,T3,train_anchor,biographical_dates,In which year did Halina Kelath complete formal training?,1913,true,false,,,,false,,synthetic://dataset_v2/person/SYN-P312
t3-01903#0,t3-01903,Halina Kelath,SYN-P312,T3,train_anchor,biographical_dates,In which year did Halina Kelath take up a post at Mantle Philharmonic?,1915,true,false,,,,false,,synthetic://dataset_v2/person/SYN-P312
t3-01904#0,t3-01904,Halina Kelath,SYN-P312,T3,train_anchor,biographical_dates,In which year was Halina Kelath awarded the Bramble Prize?,1928,true,false,,,,false,,synthetic://dataset_v2/person/SYN-P312
t3-01905#0,t3-01905,Halina Kelath,SYN-P312,T3,train_anchor,biographical_dates,In which year did Halina Kelath establish the Beacon Ensemble for Orchestral Composition?,1925,true,false,,,,false,,synthetic://dataset_v2/person/SYN-P312
t3-01906#0,t3-01906,Halina Kelath,SYN-P312,T3,train_anchor,biographical_dates,In which year was Halina Kelath elected to the Thessian Union?,1924,true,false,,,,false,,synthetic://dataset_v2/person/SYN-P312
t3-01907#0,t3-01907,Halina Kelath,SYN-P312,T3,train_anchor,location_linked,In which place was Halina Kelath born?,Ilmawick,true,false,,,,false,,synthetic://dataset_v2/person/SYN-P312
t3-01908#0,t3-01908,Halina Kelath,SYN-P312,T3,train_anchor,location_linked,In which country was Halina Kelath born?,Belmarch,true,false,,,,false,,synthetic://dataset_v2/person/SYN-P312
t3-01909#0,t3-01909,Halina Kelath,SYN-P312,T3,train_anchor,location_linked,In which city did Halina Kelath complete formal training?,Thistford,true,false,,,,false,,synthetic://dataset_v2/person/SYN-P312
t3-01910#0,t3-01910,Halina Kelath,SYN-P312,T3,train_anchor,location_linked,In which city did Halina Kelath chiefly work?,Marrostead,true,false,,,,false,,synthetic://dataset_v2/person/SYN-P312
t3-01911#0,t3-01911,Halina Kelath,SYN-P312,T3,train_anchor,location_linked,In which city did Halina Kelath establish the Beacon Ensemble for Orchestral Composition?,Marrohaven,true,false,,,,false,,synthetic://dataset_v2/person/SYN-P312
t3-01912#0,t3-01912,Halina Kelath,SYN-P312,T3,train_anchor,location_linked,In which city did Halina Kelath live in later life?,Highfarn,true,false,,,,false,,synthetic://dataset_v2/person/SYN-P312
t3-01913#0,t3-01913,Halina Kelath,SYN-P312,T3,train_anchor,relational_associations,Who was the principal teacher of Halina Kelath?,Dorian Quenel,true,false,,,,false,,synthetic://dataset_v2/person/SYN-P312
t3-01914#0,t3-01914,Halina Kelath,SYN-P312,T3,train_anchor,relational_associations,Who was the pupil of Halina Kelath?,Anselm Fenard,true,false,,,,false,,synthetic://dataset_v2/person/SYN-P312
t3-01915#0,t3-01915,Halina Kelath,SYN-P312,T3,train_anchor,relational_associations,With whom did Halina Kelath collaborate?,Rowan Veness,true,false,,,,false,,synthetic://dataset_v2/person/SYN-P312
t3-01916#0,t3-01916,Halina Kelath,SYN-P312,T3,train_anchor,relational_associations,Who was the working partner of Halina Kelath?,Ivo Venec,true,false,,,,false,,synthetic://dataset_v2/person/SYN-P312
t3-01917#0,t3-01917,Halina Kelath,SYN-P312,T3,train_anchor,relational_associations,Who was the spouse of Halina Kelath?,Jonas Belov,true,false,,,,false,,synthetic://dataset_v2/person/SYN-P312
t3-01918#0,t3-01918,Halina Kelath,SYN-P312,T3,train_anchor,names_aliases,Under what stage name did Halina Kelath work?,Lucid Kelath,true,false,,,,false,,synthetic://dataset_v2/person/SYN-P312
t3-01919#0,t3-01919,Halina Kelath,SYN-P312,T3,train_anchor,names_aliases,Under which earlier professional name did Halina Kelath work?,Tobias Torel,true,false,,,,false,,synthetic://dataset_v2/person/SYN-P312
t3-01920#0,t3-01920,Halina Kelath,SYN-P312,T3,train_anchor,names_aliases,What is the middle name of Halina Kelath?,Ione,true,false,,,,false,,synthetic://dataset_v2/person/SYN-P312
t3-01921#0,t3-01921,Rafael Jorath,SYN-P313,T3,train_anchor,biographical_dates,On what date was Rafael Jorath born?,20 September 1925,true,false,,,,false,,synthetic://dataset_v2/person/SYN-P313
t3-01922#0,t3-01922,Rafael Jorath,SYN-P313,T3,train_anchor,biographical_dates,On what date did Rafael Jorath die?,10 May 2005,true,false,,,,false,,synthetic://dataset_v2/person/SYN-P313
t3-01923#0,t3-01923,Rafael Jorath,SYN-P313,T3,train_anchor,biographical_dates,In which year did Rafael Jorath complete formal training?,1955,true,false,,,,false,,synthetic://dataset_v2/person/SYN-P313
t3-01924#0,t3-01924,Rafael Jorath,SYN-P313,T3,train_anchor,biographical_dates,In which year did Rafael Jorath take up a post at Asterion Press?,1963,true,false,,,,false,,synthetic://dataset_v2/person/SYN-P313
t3-01925#0,t3-01925,Rafael Jorath,SYN-P313,T3,train_anchor,biographical_dates,In which year was Rafael Jorath awarded the Solace Laureateship?,1969,true,false,,,,false,,synthetic://dataset_v2/person/SYN-P313
t3-01926#0,t3-01926,Rafael Jorath,SYN-P313,T3,train_anchor,biographical_dates,In which year did Rafael Jorath establish the Peregrine Writers Circle for Prose Fiction?,1973,true,false,,,,false,,synthetic://dataset_v2/person/SYN-P313
t3-01927#0,t3-01927,Rafael Jorath,SYN-P313,T3,train_anchor,location_linked,In which place was Rafael Jorath born?,Gildford,true,false,,,,false,,synthetic://dataset_v2/person/SYN-P313
t3-01928#0,t3-01928,Rafael Jorath,SYN-P313,T3,train_anchor,location_linked,In which country was Rafael Jorath born?,Draviland,true,false,,,,false,,synthetic://dataset_v2/person/SYN-P313
t3-01929#0,t3-01929,Rafael Jorath,SYN-P313,T3,train_anchor,location_linked,In which place did Rafael Jorath die?,Thistis,true,false,,,,false,,synthetic://dataset_v2/person/SYN-P313
t3-01930#0,t3-01930,Rafael Jorath,SYN-P313,T3,train_anchor,location_linked,In which city did Rafael Jorath complete formal training?,Petrburg,true,false,,,,false,,synthetic://dataset_v2/person/SYN-P313
t3-01931#0,t3-01931,Rafael Jorath,SYN-P313,T3,train_anchor,location_linked,In which city did Rafael Jorath chiefly work?,Drossstead,true,false,,,,false,,synthetic://dataset_v2/person/SYN-P313
t3-01932#0,t3-01932,Rafael Jorath,SYN-P313,T3,train_anchor,location_linked,In which city did Rafael Jorath establish the Peregrine Writers Circle for Prose Fiction?,Mirrmere,true,false,,,,false,,synthetic://dataset_v2/person/SYN-P313
t3-01933#0,t3-01933,Rafael Jorath,SYN-P313,T3,train_anchor,relational_associations,Who was the principal teacher of Rafael Jorath?,Joachim Galas,true,false,,,,false,,synthetic://dataset_v2/person/SYN-P313
t3-01934#0,t3-01934,Rafael Jorath,SYN-P313,T3,train_anchor,relational_associations,Who was the pupil of Rafael Jorath?,Esme Lorane,true,false,,,,false,,synthetic://dataset_v2/person/SYN-P313
t3-01935#0,t3-01935,Rafael Jorath,SYN-P313,T3,train_anchor,relational_associations,With whom did Rafael Jorath collaborate?,Elena Eskas,true,false,,,,false,,synthetic://dataset_v2/person/SYN-P313
t3-01936#0,t3-01936,Rafael Jorath,SYN-P313,T3,train_anchor,relational_associations,Who was the working partner of Rafael Jorath?,Nadia Pelard,true,false,,,,false,,synthetic://dataset_v2/person/SYN-P313
t3-01937#0,t3-01937,Rafael Jorath,SYN-P313,T3,train_anchor,relational_associations,Who was the spouse of Rafael Jorath?,Theodor Eskov,true,false,,,,false,,synthetic://dataset_v2/person/SYN-P313
t3-01938#0,t3-01938,Rafael Jorath,SYN-P313,T3,train_anchor,names_aliases,Under what pen name did Rafael Jorath work?,Folded Jorath,true,false,,,,false,,synthetic://dataset_v2/person/SYN-P313
t3-01939#0,t3-01939,Rafael Jorath,SYN-P313,T3,train_anchor,names_aliases,Under which earlier professional name did Rafael Jorath work?,Eluned Kelell,true,false,,,,false,,synthetic://dataset_v2/person/SYN-P313
t3-01940#0,t3-01940,Rafael Jorath,SYN-P313,T3,train_anchor,names_aliases,What is the middle name of Rafael Jorath?,Gwyn,true,false,,,,false,,synthetic://dataset_v2/person/SYN-P313
t3-01941#0,t3-01941,Oren Ashas,SYN-P314,T3,train_anchor,biographical_dates,On what date was Oren Ashas born?,24 May 1915,true,false,,,,false,,synthetic://dataset_v2/person/SYN-P314
t3-01942#0,t3-01942,Oren Ashas,SYN-P314,T3,train_anchor,biographical_dates,In which year did Oren Ashas complete formal training?,1939,true,false,,,,false,,synthetic://dataset_v2/person/SYN-P314
t3-01943#0,t3-01943,Oren Ashas,SYN-P314,T3,train_anchor,biographical_dates,In which year did Oren Ashas take up a post at the Bastion Party?,1940,true,false,,,,false,,synthetic://dataset_v2/person/SYN-P314
t3-01944#0,t3-01944,Oren Ashas,SYN-P314,T3,train_anchor,biographical_dates,In which year was Oren Ashas awarded the Quiver Medal?,1949,true,false,,,,false,,synthetic://dataset_v2/person/SYN-P314
t3-01945#0,t3-01945,Oren Ashas,SYN-P314,T3,train_anchor,biographical_dates,In which year did Oren Ashas establish the Ingot Policy Bureau for Public Administration?,1943,true,false,,,,false,,synthetic://dataset_v2/person/SYN-P314
t3-01946#0,t3-01946,Oren Ashas,SYN-P314,T3,train_anchor,biographical_dates,In which year was Oren Ashas elected to the Ostravian Fellowship?,1958,true,false,,,,false,,synthetic://dataset_v2/person/SYN-P314
t3-01947#0,t3-01947,Oren Ashas,SYN-P314,T3,train_anchor,location_linked,In which place was Oren Ashas born?,Mirrmarsh,true,false,,,,false,,synthetic://dataset_v2/person/SYN-P314
t3-01948#0,t3-01948,Oren Ashas,SYN-P314,T3,train_anchor,location_linked,In which country was Oren Ashas born?,Fenwold,true,false,,,,false,,synthetic://dataset_v2/person/SYN-P314
t3-01949#0,t3-01949,Oren Ashas,SYN-P314,T3,train_anchor,location_linked,In which city did Oren Ashas complete formal training?,Mirrmarsh,true,false,,,,false,,synthetic://dataset_v2/person/SYN-P314
t3-01950#0,t3-01950,Oren Ashas,SYN-P314,T3,train_anchor,location_linked,In which city did Oren Ashas chiefly work?,Umbrstead,true,false,,,,false,,synthetic://dataset_v2/person/SYN-P314
t3-01951#0,t3-01951,Oren Ashas,SYN-P314,T3,train_anchor,location_linked,In which city did Oren Ashas establish the Ingot Policy Bureau for Public Administration?,Highfhaven,true,false,,,,false,,synthetic://dataset_v2/person/SYN-P314
t3-01952#0,t3-01952,Oren Ashas,SYN-P314,T3,train_anchor,location_linked,In which city did Oren Ashas live in later life?,Rhelmvale,true,false,,,,false,,synthetic://dataset_v2/person/SYN-P314
t3-01953#0,t3-01953,Oren Ashas,SYN-P314,T3,train_anchor,relational_associations,Who was the principal teacher of Oren Ashas?,Florian Cadris,true,false,,,,false,,synthetic://dataset_v2/person/SYN-P314
t3-01954#0,t3-01954,Oren Ashas,SYN-P314,T3,train_anchor,relational_associations,Who was the pupil of Oren Ashas?,Zoran Jorir,true,false,,,,false,,synthetic://dataset_v2/person/SYN-P314
t3-01955#0,t3-01955,Oren Ashas,SYN-P314,T3,train_anchor,relational_associations,With whom did Oren Ashas collaborate?,Zoran Halden,true,false,,,,false,,synthetic://dataset_v2/person/SYN-P314
t3-01956#0,t3-01956,Oren Ashas,SYN-P314,T3,train_anchor,relational_associations,Who was the working partner of Oren Ashas?,Damek Lorine,true,false,,,,false,,synthetic://dataset_v2/person/SYN-P314
t3-01957#0,t3-01957,Oren Ashas,SYN-P314,T3,train_anchor,relational_associations,Who was the spouse of Oren Ashas?,Anneke Ravan,true,false,,,,false,,synthetic://dataset_v2/person/SYN-P314
t3-01958#0,t3-01958,Oren Ashas,SYN-P314,T3,train_anchor,names_aliases,Under what professional byname did Oren Ashas work?,Restless Ashas,true,false,,,,false,,synthetic://dataset_v2/person/SYN-P314
t3-01959#0,t3-01959,Oren Ashas,SYN-P314,T3,train_anchor,names_aliases,Under which earlier professional name did Oren Ashas work?,Fabian Farane,true,false,,,,false,,synthetic://dataset_v2/person/SYN-P314
t3-01960#0,t3-01960,Oren Ashas,SYN-P314,T3,train_anchor,names_aliases,What is the middle name of Oren Ashas?,Vale,true,false,,,,false,,synthetic://dataset_v2/person/SYN-P314
t3-01961#0,t3-01961,Liora Irel,SYN-P315,T3,train_anchor,biographical_dates,On what date was Liora Irel born?,6 July 1960,true,false,,,,false,,synthetic://dataset_v2/person/SYN-P315
t3-01962#0,t3-01962,Liora Irel,SYN-P315,T3,train_anchor,biographical_dates,In which year did Liora Irel complete formal training?,1990,true,false,,,,false,,synthetic://dataset_v2/person/SYN-P315
t3-01963#0,t3-01963,Liora Irel,SYN-P315,T3,train_anchor,biographical_dates,In which year did Liora Irel take up a post at Cypress Architects?,1995,true,false,,,,false,,synthetic://dataset_v2/person/SYN-P315
t3-01964#0,t3-01964,Liora Irel,SYN-P315,T3,train_anchor,biographical_dates,In which year was Liora Irel awarded the Cindermark Award?,2013,true,false,,,,false,,synthetic://dataset_v2/person/SYN-P315
t3-01965#0,t3-01965,Liora Irel,SYN-P315,T3,train_anchor,biographical_dates,In which year did Liora Irel establish the Obsidian Design Studio for Civic Architecture?,1999,true,false,,,,false,,synthetic://dataset_v2/person/SYN-P315
t3-01966#0,t3-01966,Liora Irel,SYN-P315,T3,train_anchor,biographical_dates,In which year was Liora Irel elected to the Thessian Concordat?,2010,true,false,,,,false,,synthetic://dataset_v2/person/SYN-P315
t3-01967#0,t3-01967,Liora Irel,SYN-P315,T3,train_anchor,location_linked,In which place was Liora Irel born?,Vantfell,true,false,,,,false,,synthetic://dataset_v2/person/SYN-P315
t3-01968#0,t3-01968,Liora Irel,SYN-P315,T3,train_anchor,location_linked,In which country was Liora Irel born?,Calibris,true,false,,,,false,,synthetic://dataset_v2/person/SYN-P315
t3-01969#0,t3-01969,Liora Irel,SYN-P315,T3,train_anchor,location_linked,In which city did Liora Irel complete formal training?,Verrfell,true,false,,,,false,,synthetic://dataset_v2/person/SYN-P315
t3-01970#0,t3-01970,Liora Irel,SYN-P315,T3,train_anchor,location_linked,In which city did Liora Irel chiefly work?,Fenwridge,true,false,,,,false,,synthetic://dataset_v2/person/SYN-P315
t3-01971#0,t3-01971,Liora Irel,SYN-P315,T3,train_anchor,location_linked,In which city did Liora Irel establish the Obsidian Design Studio for Civic Architecture?,Palewport,true,false,,,,false,,synthetic://dataset_v2/person/SYN-P315
t3-01972#0,t3-01972,Liora Irel,SYN-P315,T3,train_anchor,location_linked,In which city did Liora Irel live in later life?,Thistburg,true,false,,,,false,,synthetic://dataset_v2/person/SYN-P315
t3-01973#0,t3-01973,Liora Irel,SYN-P315,T3,train_anchor,relational_associations,Who was the principal teacher of Liora Irel?,Perrin Thalan,true,false,,,,false,,synthetic://dataset_v2/person/SYN-P315
t3-01974#0,t3-01974,Liora Irel,SYN-P315,T3,train_anchor,relational_associations,Who was the pupil of Liora Irel?,Ulyana Dovir,true,false,,,,false,,synthetic://dataset_v2/person/SYN-P315
t3-01975#0,t3-01975,Liora Irel,SYN-P315,T3,train_anchor,relational_associations,With whom did Liora Irel collaborate?,Adrian Haldovic,true,false,,,,false,,synthetic://dataset_v2/person/SYN-P315
t3-01976#0,t3-01976,Liora Irel,SYN-P315,T3,train_anchor,relational_associations,Who was the working partner of Liora Irel?,Kaspar Grimick,true,false,,,,false,,synthetic://dataset_v2/person/SYN-P315
t3-01977#0,t3-01977,Liora Irel,SYN-P315,T3,train_anchor,relational_associations,Who was the spouse of Liora Irel?,Henrik Corine,true,false,,,,false,,synthetic://dataset_v2/person/SYN-P315
t3-01978#0,t3-01978,Liora Irel,SYN-P315,T3,train_anchor,names_aliases,Under what professional byname did Liora Irel work?,Amber Irel,true,false,,,,false,,synthetic://dataset_v2/person/SYN-P315
t3-01979#0,t3-01979,Liora Irel,SYN-P315,T3,train_anchor,names_aliases,Under which earlier professional name did Liora Irel work?,Quentin Pelick,true,false,,,,false,,synthetic://dataset_v2/person/SYN-P315
t3-01980#0,t3-01980,Liora Irel,SYN-P315,T3,train_anchor,names_aliases,What is the middle name of Liora Irel?,Brenna,true,false,,,,false,,synthetic://dataset_v2/person/SYN-P315
t3-01981#0,t3-01981,Noemi Haldath,SYN-P316,T3,train_anchor,biographical_dates,On what date was Noemi Haldath born?,26 January 1835,true,false,,,,false,,synthetic://dataset_v2/person/SYN-P316
t3-01982#0,t3-01982,Noemi Haldath,SYN-P316,T3,train_anchor,biographical_dates,On what date did Noemi Haldath die?,24 May 1900,true,false,,,,false,,synthetic://dataset_v2/person/SYN-P316
t3-01983#0,t3-01983,Noemi Haldath,SYN-P316,T3,train_anchor,biographical_dates,In which year did Noemi Haldath complete formal training?,1865,true,false,,,,false,,synthetic://dataset_v2/person/SYN-P316
t3-01984#0,t3-01984,Noemi Haldath,SYN-P316,T3,train_anchor,biographical_dates,In which year did Noemi Haldath take up a post at Sextant Athletic Club?,1868,true,false,,,,false,,synthetic://dataset_v2/person/SYN-P316
t3-01985#0,t3-01985,Noemi Haldath,SYN-P316,T3,train_anchor,biographical_dates,In which year was Noemi Haldath awarded the Vesper Medal?,1874,true,false,,,,false,,synthetic://dataset_v2/person/SYN-P316
t3-01986#0,t3-01986,Noemi Haldath,SYN-P316,T3,train_anchor,biographical_dates,In which year did Noemi Haldath establish the Fathom Training Centre for Track Athletics?,1877,true,false,,,,false,,synthetic://dataset_v2/person/SYN-P316
t3-01987#0,t3-01987,Noemi Haldath,SYN-P316,T3,train_anchor,location_linked,In which place was Noemi Haldath born?,Palewis,true,false,,,,false,,synthetic://dataset_v2/person/SYN-P316
t3-01988#0,t3-01988,Noemi Haldath,SYN-P316,T3,train_anchor,location_linked,In which country was Noemi Haldath born?,Tarsine,true,false,,,,false,,synthetic://dataset_v2/person/SYN-P316
t3-01989#0,t3-01989,Noemi Haldath,SYN-P316,T3,train_anchor,location_linked,In which place did Noemi Haldath die?,Dunebport,true,false,,,,false,,synthetic://dataset_v2/person/SYN-P316
t3-01990#0,t3-01990,Noemi Haldath,SYN-P316,T3,train_anchor,location_linked,In which city did Noemi Haldath complete formal training?,Sablevale,true,false,,,,false,,synthetic://dataset_v2/person/SYN-P316
t3-01991#0,t3-01991,Noemi Haldath,SYN-P316,T3,train_anchor,location_linked,In which city did Noemi Haldath chiefly work?,Xanthmarsh,true,false,,,,false,,synthetic://dataset_v2/person/SYN-P316
t3-01992#0,t3-01992,Noemi Haldath,SYN-P316,T3,train_anchor,location_linked,In which city did Noemi Haldath establish the Fathom Training Centre for Track Athletics?,Drossis,true,false,,,,false,,synthetic://dataset_v2/person/SYN-P316
t3-01993#0,t3-01993,Noemi Haldath,SYN-P316,T3,train_anchor,relational_associations,Who was the principal teacher of Noemi Haldath?,Damek Venine,true,false,,,,false,,synthetic://dataset_v2/person/SYN-P316
t3-01994#0,t3-01994,Noemi Haldath,SYN-P316,T3,train_anchor,relational_associations,Who was the pupil of Noemi Haldath?,Kaspar Quenell,true,false,,,,false,,synthetic://dataset_v2/person/SYN-P316
t3-01995#0,t3-01995,Noemi Haldath,SYN-P316,T3,train_anchor,relational_associations,With whom did Noemi Haldath collaborate?,Tobias Thalen,true,false,,,,false,,synthetic://dataset_v2/person/SYN-P316
t3-01996#0,t3-01996,Noemi Haldath,SYN-P316,T3,train_anchor,relational_associations,Who was the working partner of Noemi Haldath?,Edvard Fenec,true,false,,,,false,,synthetic://dataset_v2/person/SYN-P316
t3-01997#0,t3-01997,Noemi Haldath,SYN-P316,T3,train_anchor,relational_associations,Who was the spouse of Noemi Haldath?,Eluned Yaran,true,false,,,,false,,synthetic://dataset_v2/person/SYN-P316
t3-01998#0,t3-01998,Noemi Haldath,SYN-P316,T3,train_anchor,names_aliases,Under what professional byname did Noemi Haldath work?,Silent Haldath,true,false,,,,false,,synthetic://dataset_v2/person/SYN-P316
t3-01999#0,t3-01999,Noemi Haldath,SYN-P316,T3,train_anchor,names_aliases,Under which earlier professional name did Noemi Haldath work?,Hadrian Eskess,true,false,,,,false,,synthetic://dataset_v2/person/SYN-P316
t3-02000#0,t3-02000,Noemi Haldath,SYN-P316,T3,train_anchor,names_aliases,What is the middle name of Noemi Haldath?,Maren,true,false,,,,false,,synthetic://dataset_v2/person/SYN-P316
t3-02001#0,t3-02001,Anselm Grimeth,SYN-P318,T3,train_anchor,biographical_dates,On what date was Anselm Grimeth born?,26 June 1961,true,false,,,,false,,synthetic://dataset_v2/person/SYN-P318
t3-02002#0,t3-02002,Anselm Grimeth,SYN-P318,T3,train_anchor,biographical_dates,In which year did Anselm Grimeth complete formal training?,1990,true,false,,,,false,,synthetic://dataset_v2/person/SYN-P318
t3-02003#0,t3-02003,Anselm Grimeth,SYN-P318,T3,train_anchor,biographical_dates,In which year did Anselm Grimeth take up a post at Crucible Pictures?,1993,true,false,,,,false,,synthetic://dataset_v2/person/SYN-P318
t3-02004#0,t3-02004,Anselm Grimeth,SYN-P318,T3,train_anchor,biographical_dates,In which year was Anselm Grimeth awarded the Wayfarer Award?,2009,true,false,,,,false,,synthetic://dataset_v2/person/SYN-P318
t3-02005#0,t3-02005,Anselm Grimeth,SYN-P318,T3,train_anchor,biographical_dates,In which year did Anselm Grimeth establish the Cypress Film Studio for Cinema?,2000,true,false,,,,false,,synthetic://dataset_v2/person/SYN-P318
t3-02006#0,t3-02006,Anselm Grimeth,SYN-P318,T3,train_anchor,biographical_dates,In which year was Anselm Grimeth elected to the Auralian Fellowship?,2006,true,false,,,,false,,synthetic://dataset_v2/person/SYN-P318
t3-02007#0,t3-02007,Anselm Grimeth,SYN-P318,T3,train_anchor,location_linked,In which place was Anselm Grimeth born?,Harrohollow,true,false,,,,false,,synthetic://dataset_v2/person/SYN-P318
t3-02008#0,t3-02008,Anselm Grimeth,SYN-P318,T3,train_anchor,location_linked,In which country was Anselm Grimeth born?,Norvella,true,false,,,,false,,synthetic://dataset_v2/person/SYN-P318
t3-02009#0,t3-02009,Anselm Grimeth,SYN-P318,T3,train_anchor,location_linked,In which city did Anselm Grimeth complete formal training?,Novaford,true,false,,,,false,,synthetic://dataset_v2/person/SYN-P318
t3-02010#0,t3-02010,Anselm Grimeth,SYN-P318,T3,train_anchor,location_linked,In which city did Anselm Grimeth chiefly work?,Harroburg,true,false,,,,false,,synthetic://dataset_v2/person/SYN-P318
t3-02011#0,t3-02011,Anselm Grimeth,SYN-P318,T3,train_anchor,location_linked,In which city did Anselm Grimeth establish the Cypress Film Studio for Cinema?,Umbrvale,true,false,,,,false,,synthetic://dataset_v2/person/SYN-P318
t3-02012#0,t3-02012,Anselm Grimeth,SYN-P318,T3,train_anchor,location_linked,In which city did Anselm Grimeth live in later life?,Lowmhollow,true,false,,,,false,,synthetic://dataset_v2/person/SYN-P318
t3-02013#0,t3-02013,Anselm Grimeth,SYN-P318,T3,train_anchor,relational_associations,Who was the principal teacher of Anselm Grimeth?,Bertram Jasis,true,false,,,,false,,synthetic://dataset_v2/person/SYN-P318
t3-02014#0,t3-02014,Anselm Grimeth,SYN-P318,T3,train_anchor,relational_associations,Who was the pupil of Anselm Grimeth?,Viktor Grimov,true,false,,,,false,,synthetic://dataset_v2/person/SYN-P318
t3-02015#0,t3-02015,Anselm Grimeth,SYN-P318,T3,train_anchor,relational_associations,With whom did Anselm Grimeth collaborate?,Elena Faren,true,false,,,,false,,synthetic://dataset_v2/person/SYN-P318
t3-02016#0,t3-02016,Anselm Grimeth,SYN-P318,T3,train_anchor,relational_associations,Who was the working partner of Anselm Grimeth?,Hadrian Quenovic,true,false,,,,false,,synthetic://dataset_v2/person/SYN-P318
t3-02017#0,t3-02017,Anselm Grimeth,SYN-P318,T3,train_anchor,relational_associations,Who was the spouse of Anselm Grimeth?,Ceres Ashorn,true,false,,,,false,,synthetic://dataset_v2/person/SYN-P318
t3-02018#0,t3-02018,Anselm Grimeth,SYN-P318,T3,train_anchor,names_aliases,Under what stage name did Anselm Grimeth work?,Restless Grimeth,true,false,,,,false,,synthetic://dataset_v2/person/SYN-P318
t3-02019#0,t3-02019,Anselm Grimeth,SYN-P318,T3,train_anchor,names_aliases,Under which earlier professional name did Anselm Grimeth work?,Greta Elaell,true,false,,,,false,,synthetic://dataset_v2/person/SYN-P318
t3-02020#0,t3-02020,Anselm Grimeth,SYN-P318,T3,train_anchor,names_aliases,What is the middle name of Anselm Grimeth?,Alric,true,false,,,,false,,synthetic://dataset_v2/person/SYN-P318
t3-02021#0,t3-02021,Soren Yarec,SYN-P319,T3,train_anchor,biographical_dates,On what date was Soren Yarec born?,13 February 1849,true,false,,,,false,,synthetic://dataset_v2/person/SYN-P319
t3-02022#0,t3-02022,Soren Yarec,SYN-P319,T3,train_anchor,biographical_dates,On what date did Soren Yarec die?,22 November 1909,true,false,,,,false,,synthetic://dataset_v2/person/SYN-P319
t3-02023#0,t3-02023,Soren Yarec,SYN-P319,T3,train_anchor,biographical_dates,In which year did Soren Yarec complete formal training?,1873,true,false,,,,false,,synthetic://dataset_v2/person/SYN-P319
t3-02024#0,t3-02024,Soren Yarec,SYN-P319,T3,train_anchor,biographical_dates,In which year did Soren Yarec take up a post at Zenith Philharmonic?,1874,true,false,,,,false,,synthetic://dataset_v2/person/SYN-P319
t3-02025#0,t3-02025,Soren Yarec,SYN-P319,T3,train_anchor,biographical_dates,In which year was Soren Yarec awarded the Bramble Prize?,1883,true,false,,,,false,,synthetic://dataset_v2/person/SYN-P319
t3-02026#0,t3-02026,Soren Yarec,SYN-P319,T3,train_anchor,biographical_dates,In which year did Soren Yarec establish the Glacis Ensemble for Orchestral Composition?,1884,true,false,,,,false,,synthetic://dataset_v2/person/SYN-P319
t3-02027#0,t3-02027,Soren Yarec,SYN-P319,T3,train_anchor,location_linked,In which place was Soren Yarec born?,Rhelmridge,true,false,,,,false,,synthetic://dataset_v2/person/SYN-P319
t3-02028#0,t3-02028,Soren Yarec,SYN-P319,T3,train_anchor,location_linked,In which country was Soren Yarec born?,Ostravia,true,false,,,,false,,synthetic://dataset_v2/person/SYN-P319
t3-02029#0,t3-02029,Soren Yarec,SYN-P319,T3,train_anchor,location_linked,In which place did Soren Yarec die?,Rhelmgate,true,false,,,,false,,synthetic://dataset_v2/person/SYN-P319
t3-02030#0,t3-02030,Soren Yarec,SYN-P319,T3,train_anchor,location_linked,In which city did Soren Yarec complete formal training?,Calderarn,true,false,,,,false,,synthetic://dataset_v2/person/SYN-P319
t3-02031#0,t3-02031,Soren Yarec,SYN-P319,T3,train_anchor,location_linked,In which city did Soren Yarec chiefly work?,Kestrhaven,true,false,,,,false,,synthetic://dataset_v2/person/SYN-P319
t3-02032#0,t3-02032,Soren Yarec,SYN-P319,T3,train_anchor,location_linked,In which city did Soren Yarec establish the Glacis Ensemble for Orchestral Composition?,Xanthmere,true,false,,,,false,,synthetic://dataset_v2/person/SYN-P319
t3-02033#0,t3-02033,Soren Yarec,SYN-P319,T3,train_anchor,relational_associations,Who was the principal teacher of Soren Yarec?,Oren Esken,true,false,,,,false,,synthetic://dataset_v2/person/SYN-P319
t3-02034#0,t3-02034,Soren Yarec,SYN-P319,T3,train_anchor,relational_associations,Who was the pupil of Soren Yarec?,Damek Silel,true,false,,,,false,,synthetic://dataset_v2/person/SYN-P319
t3-02035#0,t3-02035,Soren Yarec,SYN-P319,T3,train_anchor,relational_associations,With whom did Soren Yarec collaborate?,Iva Serard,true,false,,,,false,,synthetic://dataset_v2/person/SYN-P319
t3-02036#0,t3-02036,Soren Yarec,SYN-P319,T3,train_anchor,relational_associations,Who was the working partner of Soren Yarec?,Tamsin Belard,true,false,,,,false,,synthetic://dataset_v2/person/SYN-P319
t3-02037#0,t3-02037,Soren Yarec,SYN-P319,T3,train_anchor,relational_associations,Who was the spouse of Soren Yarec?,Casper Zelec,true,false,,,,false,,synthetic://dataset_v2/person/SYN-P319
t3-02038#0,t3-02038,Soren Yarec,SYN-P319,T3,train_anchor,names_aliases,Under what stage name did Soren Yarec work?,Lucid Yarec,true,false,,,,false,,synthetic://dataset_v2/person/SYN-P319
t3-02039#0,t3-02039,Soren Yarec,SYN-P319,T3,train_anchor,names_aliases,Under which earlier professional name did Soren Yarec work?,Freya Karec,true,false,,,,false,,synthetic://dataset_v2/person/SYN-P319
t3-02040#0,t3-02040,Soren Yarec,SYN-P319,T3,train_anchor,names_aliases,What is the middle name of Soren Yarec?,Cyril,true,false,,,,false,,synthetic://dataset_v2/person/SYN-P319
t3-02041#0,t3-02041,Wilhelmina Elaath,SYN-P323,T3,train_anchor,biographical_dates,On what date was Wilhelmina Elaath born?,28 May 1841,true,false,,,,false,,synthetic://dataset_v2/person/SYN-P323
t3-02042#0,t3-02042,Wilhelmina Elaath,SYN-P323,T3,train_anchor,biographical_dates,On what date did Wilhelmina Elaath die?,24 February 1910,true,false,,,,false,,synthetic://dataset_v2/person/SYN-P323
t3-02043#0,t3-02043,Wilhelmina Elaath,SYN-P323,T3,train_anchor,biographical_dates,In which year did Wilhelmina Elaath complete formal training?,1864,true,false,,,,false,,synthetic://dataset_v2/person/SYN-P323
t3-02044#0,t3-02044,Wilhelmina Elaath,SYN-P323,T3,train_anchor,biographical_dates,In which year did Wilhelmina Elaath take up a post at Lodestar Athletic Club?,1867,true,false,,,,false,,synthetic://dataset_v2/person/SYN-P323
t3-02045#0,t3-02045,Wilhelmina Elaath,SYN-P323,T3,train_anchor,biographical_dates,In which year was Wilhelmina Elaath awarded the Umbral Award?,1884,true,false,,,,false,,synthetic://dataset_v2/person/SYN-P323
t3-02046#0,t3-02046,Wilhelmina Elaath,SYN-P323,T3,train_anchor,biographical_dates,In which year did Wilhelmina Elaath establish the Aurelan Training Centre for Track Athletics?,1875,true,false,,,,false,,synthetic://dataset_v2/person/SYN-P323
t3-02047#0,t3-02047,Wilhelmina Elaath,SYN-P323,T3,train_anchor,location_linked,In which place was Wilhelmina Elaath born?,Yarrstead,true,false,,,,false,,synthetic://dataset_v2/person/SYN-P323
t3-02048#0,t3-02048,Wilhelmina Elaath,SYN-P323,T3,train_anchor,location_linked,In which country was Wilhelmina Elaath born?,Auralia,true,false,,,,false,,synthetic://dataset_v2/person/SYN-P323
t3-02049#0,t3-02049,Wilhelmina Elaath,SYN-P323,T3,train_anchor,location_linked,In which place did Wilhelmina Elaath die?,Kestrfell,true,false,,,,false,,synthetic://dataset_v2/person/SYN-P323
t3-02050#0,t3-02050,Wilhelmina Elaath,SYN-P323,T3,train_anchor,location_linked,In which city did Wilhelmina Elaath complete formal training?,Gildford,true,false,,,,false,,synthetic://dataset_v2/person/SYN-P323
t3-02051#0,t3-02051,Wilhelmina Elaath,SYN-P323,T3,train_anchor,location_linked,In which city did Wilhelmina Elaath chiefly work?,Junipburg,true,false,,,,false,,synthetic://dataset_v2/person/SYN-P323
t3-02052#0,t3-02052,Wilhelmina Elaath,SYN-P323,T3,train_anchor,location_linked,In which city did Wilhelmina Elaath establish the Aurelan Training Centre for Track Athletics?,Marrofell,true,false,,,,false,,synthetic://dataset_v2/person/SYN-P323
t3-02053#0,t3-02053,Wilhelmina Elaath,SYN-P323,T3,train_anchor,relational_associations,Who was the principal teacher of Wilhelmina Elaath?,Ceres Voras,true,false,,,,false,,synthetic://dataset_v2/person/SYN-P323
t3-02054#0,t3-02054,Wilhelmina Elaath,SYN-P323,T3,train_anchor,relational_associations,Who was the pupil of Wilhelmina Elaath?,Hadrian Grimess,true,false,,,,false,,synthetic://dataset_v2/person/SYN-P323
t3-02055#0,t3-02055,Wilhelmina Elaath,SYN-P323,T3,train_anchor,relational_associations,With whom did Wilhelmina Elaath collaborate?,Florian Yarell,true,false,,,,false,,synthetic://dataset_v2/person/SYN-P323
t3-02056#0,t3-02056,Wilhelmina Elaath,SYN-P323,T3,train_anchor,relational_associations,Who was the working partner of Wilhelmina Elaath?,Damek Torane,true,false,,,,false,,synthetic://dataset_v2/person/SYN-P323
t3-02057#0,t3-02057,Wilhelmina Elaath,SYN-P323,T3,train_anchor,relational_associations,Who was the spouse of Wilhelmina Elaath?,Gideon Fenine,true,false,,,,false,,synthetic://dataset_v2/person/SYN-P323
t3-02058#0,t3-02058,Wilhelmina Elaath,SYN-P323,T3,train_anchor,names_aliases,Under what professional byname did Wilhelmina Elaath work?,Bright Elaath,true,false,,,,false,,synthetic://dataset_v2/person/SYN-P323
t3-02059#0,t3-02059,Wilhelmina Elaath,SYN-P323,T3,train_anchor,names_aliases,Under which earlier professional name did Wilhelmina Elaath work?,Bianca Karov,true,false,,,,false,,synthetic://dataset_v2/person/SYN-P323
t3-02060#0,t3-02060,Wilhelmina Elaath,SYN-P323,T3,train_anchor,names_aliases,What is the middle name of Wilhelmina Elaath?,Hale,true,false,,,,false,,synthetic://dataset_v2/person/SYN-P323
t3-02061#0,t3-02061,Perrin Hevane,SYN-P324,T3,train_anchor,biographical_dates,On what date was Perrin Hevane born?,12 September 1927,true,false,,,,false,,synthetic://dataset_v2/person/SYN-P324
t3-02062#0,t3-02062,Perrin Hevane,SYN-P324,T3,train_anchor,biographical_dates,On what date did Perrin Hevane die?,3 July 1998,true,false,,,,false,,synthetic://dataset_v2/person/SYN-P324
t3-02063#0,t3-02063,Perrin Hevane,SYN-P324,T3,train_anchor,biographical_dates,In which year did Perrin Hevane complete formal training?,1953,true,false,,,,false,,synthetic://dataset_v2/person/SYN-P324
t3-02064#0,t3-02064,Perrin Hevane,SYN-P324,T3,train_anchor,biographical_dates,In which year did Perrin Hevane take up a post at the Windlass Chronicle?,1959,true,false,,,,false,,synthetic://dataset_v2/person/SYN-P324
t3-02065#0,t3-02065,Perrin Hevane,SYN-P324,T3,train_anchor,biographical_dates,In which year was Perrin Hevane awarded the Ember Award?,1964,true,false,,,,false,,synthetic://dataset_v2/person/SYN-P324
t3-02066#0,t3-02066,Perrin Hevane,SYN-P324,T3,train_anchor,biographical_dates,In which year did Perrin Hevane establish the Alloy News Bureau for Foreign Correspondence?,1963,true,false,,,,false,,synthetic://dataset_v2/person/SYN-P324
t3-02067#0,t3-02067,Perrin Hevane,SYN-P324,T3,train_anchor,location_linked,In which place was Perrin Hevane born?,Marrohaven,true,false,,,,false,,synthetic://dataset_v2/person/SYN-P324
t3-02068#0,t3-02068,Perrin Hevane,SYN-P324,T3,train_anchor,location_linked,In which country was Perrin Hevane born?,Fenwold,true,false,,,,false,,synthetic://dataset_v2/person/SYN-P324
t3-02069#0,t3-02069,Perrin Hevane,SYN-P324,T3,train_anchor,location_linked,In which place did Perrin Hevane die?,Verrvale,true,false,,,,false,,synthetic://dataset_v2/person/SYN-P324
t3-02070#0,t3-02070,Perrin Hevane,SYN-P324,T3,train_anchor,location_linked,In which city did Perrin Hevane complete formal training?,Drosshollow,true,false,,,,false,,synthetic://dataset_v2/person/SYN-P324
t3-02071#0,t3-02071,Perrin Hevane,SYN-P324,T3,train_anchor,location_linked,In which city did Perrin Hevane chiefly work?,Wraythport,true,false,,,,false,,synthetic://dataset_v2/person/SYN-P324
t3-02072#0,t3-02072,Perrin Hevane,SYN-P324,T3,train_anchor,location_linked,In which city did Perrin Hevane establish the Alloy News Bureau for Foreign Correspondence?,Fenwgate,true,false,,,,false,,synthetic://dataset_v2/person/SYN-P324
t3-02073#0,t3-02073,Perrin Hevane,SYN-P324,T3,train_anchor,relational_associations,Who was the principal teacher of Perrin Hevane?,Fleur Jasay,true,false,,,,false,,synthetic://dataset_v2/person/SYN-P324
t3-02074#0,t3-02074,Perrin Hevane,SYN-P324,T3,train_anchor,relational_associations,Who was the pupil of Perrin Hevane?,Cordelia Quenine,true,false,,,,false,,synthetic://dataset_v2/person/SYN-P324
t3-02075#0,t3-02075,Perrin Hevane,SYN-P324,T3,train_anchor,relational_associations,With whom did Perrin Hevane collaborate?,Bertram Torath,true,false,,,,false,,synthetic://dataset_v2/person/SYN-P324
t3-02076#0,t3-02076,Perrin Hevane,SYN-P324,T3,train_anchor,relational_associations,Who was the working partner of Perrin Hevane?,Lucan Cadrec,true,false,,,,false,,synthetic://dataset_v2/person/SYN-P324
t3-02077#0,t3-02077,Perrin Hevane,SYN-P324,T3,train_anchor,relational_associations,Who was the spouse of Perrin Hevane?,Greta Irath,true,false,,,,false,,synthetic://dataset_v2/person/SYN-P324
t3-02078#0,t3-02078,Perrin Hevane,SYN-P324,T3,train_anchor,names_aliases,Under what pen name did Perrin Hevane work?,Glass Hevane,true,false,,,,false,,synthetic://dataset_v2/person/SYN-P324
t3-02079#0,t3-02079,Perrin Hevane,SYN-P324,T3,train_anchor,names_aliases,Under which earlier professional name did Perrin Hevane work?,Noemi Ulren,true,false,,,,false,,synthetic://dataset_v2/person/SYN-P324
t3-02080#0,t3-02080,Perrin Hevane,SYN-P324,T3,train_anchor,names_aliases,What is the middle name of Perrin Hevane?,Tova,true,false,,,,false,,synthetic://dataset_v2/person/SYN-P324
t3-02081#0,t3-02081,Ulyana Ravas,SYN-P325,T3,train_anchor,biographical_dates,On what date was Ulyana Ravas born?,5 December 1962,true,false,,,,false,,synthetic://dataset_v2/person/SYN-P325
t3-02082#0,t3-02082,Ulyana Ravas,SYN-P325,T3,train_anchor,biographical_dates,In which year did Ulyana Ravas complete formal training?,1991,true,false,,,,false,,synthetic://dataset_v2/person/SYN-P325
t3-02083#0,t3-02083,Ulyana Ravas,SYN-P325,T3,train_anchor,biographical_dates,In which year did Ulyana Ravas take up a post at Crucible Pictures?,1997,true,false,,,,false,,synthetic://dataset_v2/person/SYN-P325
t3-02084#0,t3-02084,Ulyana Ravas,SYN-P325,T3,train_anchor,biographical_dates,In which year was Ulyana Ravas awarded the Gnomon Award?,2013,true,false,,,,false,,synthetic://dataset_v2/person/SYN-P325
t3-02085#0,t3-02085,Ulyana Ravas,SYN-P325,T3,train_anchor,biographical_dates,In which year did Ulyana Ravas establish the Mantle Film Studio for Cinema?,2002,true,false,,,,false,,synthetic://dataset_v2/person/SYN-P325
t3-02086#0,t3-02086,Ulyana Ravas,SYN-P325,T3,train_anchor,biographical_dates,In which year was Ulyana Ravas elected to the Calibrian Guild?,2005,true,false,,,,false,,synthetic://dataset_v2/person/SYN-P325
t3-02087#0,t3-02087,Ulyana Ravas,SYN-P325,T3,train_anchor,location_linked,In which place was Ulyana Ravas born?,Marrocrest,true,false,,,,false,,synthetic://dataset_v2/person/SYN-P325
t3-02088#0,t3-02088,Ulyana Ravas,SYN-P325,T3,train_anchor,location_linked,In which country was Ulyana Ravas born?,Ostravia,true,false,,,,false,,synthetic://dataset_v2/person/SYN-P325
t3-02089#0,t3-02089,Ulyana Ravas,SYN-P325,T3,train_anchor,location_linked,In which city did Ulyana Ravas complete formal training?,Amberford,true,false,,,,false,,synthetic://dataset_v2/person/SYN-P325
t3-02090#0,t3-02090,Ulyana Ravas,SYN-P325,T3,train_anchor,location_linked,In which city did Ulyana Ravas chiefly work?,Thisthaven,true,false,,,,false,,synthetic://dataset_v2/person/SYN-P325
t3-02091#0,t3-02091,Ulyana Ravas,SYN-P325,T3,train_anchor,location_linked,In which city did Ulyana Ravas establish the Mantle Film Studio for Cinema?,Rhelmcrest,true,false,,,,false,,synthetic://dataset_v2/person/SYN-P325
t3-02092#0,t3-02092,Ulyana Ravas,SYN-P325,T3,train_anchor,location_linked,In which city did Ulyana Ravas live in later life?,Quillport,true,false,,,,false,,synthetic://dataset_v2/person/SYN-P325
t3-02093#0,t3-02093,Ulyana Ravas,SYN-P325,T3,train_anchor,relational_associations,Who was the principal teacher of Ulyana Ravas?,Greta Galick,true,false,,,,false,,synthetic://dataset_v2/person/SYN-P325
t3-02094#0,t3-02094,Ulyana Ravas,SYN-P325,T3,train_anchor,relational_associations,Who was the pupil of Ulyana Ravas?,Pieter Elaen,true,false,,,,false,,synthetic://dataset_v2/person/SYN-P325
t3-02095#0,t3-02095,Ulyana Ravas,SYN-P325,T3,train_anchor,relational_associations,With whom did Ulyana Ravas collaborate?,Elena Zelyn,true,false,,,,false,,synthetic://dataset_v2/person/SYN-P325
t3-02096#0,t3-02096,Ulyana Ravas,SYN-P325,T3,train_anchor,relational_associations,Who was the working partner of Ulyana Ravas?,Dorian Karell,true,false,,,,false,,synthetic://dataset_v2/person/SYN-P325
t3-02097#0,t3-02097,Ulyana Ravas,SYN-P325,T3,train_anchor,relational_associations,Who was the spouse of Ulyana Ravas?,Sabine Silard,true,false,,,,false,,synthetic://dataset_v2/person/SYN-P325
t3-02098#0,t3-02098,Ulyana Ravas,SYN-P325,T3,train_anchor,names_aliases,Under what stage name did Ulyana Ravas work?,Folded Ravas,true,false,,,,false,,synthetic://dataset_v2/person/SYN-P325
t3-02099#0,t3-02099,Ulyana Ravas,SYN-P325,T3,train_anchor,names_aliases,Under which earlier professional name did Ulyana Ravas work?,Ottilie Ashath,true,false,,,,false,,synthetic://dataset_v2/person/SYN-P325
t3-02100#0,t3-02100,Ulyana Ravas,SYN-P325,T3,train_anchor,names_aliases,What is the middle name of Ulyana Ravas?,Tova,true,false,,,,false,,synthetic://dataset_v2/person/SYN-P325
t3-02101#0,t3-02101,Ivo Iskay,SYN-P326,T3,train_anchor,biographical_dates,On what date was Ivo Iskay born?,6 February 1942,true,false,,,,false,,synthetic://dataset_v2/person/SYN-P326
t3-02102#0,t3-02102,Ivo Iskay,SYN-P326,T3,train_anchor,biographical_dates,In which year did Ivo Iskay complete formal training?,1966,true,false,,,,false,,synthetic://dataset_v2/person/SYN-P326
t3-02103#0,t3-02103,Ivo Iskay,SYN-P326,T3,train_anchor,biographical_dates,In which year did Ivo Iskay take up a post at Fathom Philharmonic?,1968,true,false,,,,false,,synthetic://dataset_v2/person/SYN-P326
t3-02104#0,t3-02104,Ivo Iskay,SYN-P326,T3,train_anchor,biographical_dates,In which year was Ivo Iskay awarded the Quiver Medal?,1974,true,false,,,,false,,synthetic://dataset_v2/person/SYN-P326
t3-02105#0,t3-02105,Ivo Iskay,SYN-P326,T3,train_anchor,biographical_dates,In which year did Ivo Iskay establish the Zenith Ensemble for Orchestral Composition?,1970,true,false,,,,false,,synthetic://dataset_v2/person/SYN-P326
t3-02106#0,t3-02106,Ivo Iskay,SYN-P326,T3,train_anchor,location_linked,In which place was Ivo Iskay born?,Dunebport,true,false,,,,false,,synthetic://dataset_v2/person/SYN-P326
t3-02107#0,t3-02107,Ivo Iskay,SYN-P326,T3,train_anchor,location_linked,In which country was Ivo Iskay born?,Elarion,true,false,,,,false,,synthetic://dataset_v2/person/SYN-P326
t3-02108#0,t3-02108,Ivo Iskay,SYN-P326,T3,train_anchor,location_linked,In which city did Ivo Iskay complete formal training?,Palewridge,true,false,,,,false,,synthetic://dataset_v2/person/SYN-P326
t3-02109#0,t3-02109,Ivo Iskay,SYN-P326,T3,train_anchor,location_linked,In which city did Ivo Iskay chiefly work?,Nythfell,true,false,,,,false,,synthetic://dataset_v2/person/SYN-P326
t3-02110#0,t3-02110,Ivo Iskay,SYN-P326,T3,train_anchor,location_linked,In which city did Ivo Iskay establish the Zenith Ensemble for Orchestral Composition?,Cinderhaven,true,false,,,,false,,synthetic://dataset_v2/person/SYN-P326
t3-02111#0,t3-02111,Ivo Iskay,SYN-P326,T3,train_anchor,location_linked,In which city did Ivo Iskay live in later life?,Drossstead,true,false,,,,false,,synthetic://dataset_v2/person/SYN-P326
t3-02112#0,t3-02112,Ivo Iskay,SYN-P326,T3,train_anchor,location_linked,In which city did Ivo Iskay first present the symphony The Buried Ledger?,Marrocrest,true,false,,,,false,,synthetic://dataset_v2/person/SYN-P326
t3-02113#0,t3-02113,Ivo Iskay,SYN-P326,T3,train_anchor,relational_associations,Who was the principal teacher of Ivo Iskay?,Verena Xanine,true,false,,,,false,,synthetic://dataset_v2/person/SYN-P326
t3-02114#0,t3-02114,Ivo Iskay,SYN-P326,T3,train_anchor,relational_associations,Who was the pupil of Ivo Iskay?,Halina Beline,true,false,,,,false,,synthetic://dataset_v2/person/SYN-P326
t3-02115#0,t3-02115,Ivo Iskay,SYN-P326,T3,train_anchor,relational_associations,With whom did Ivo Iskay collaborate?,Ilan Wynell,true,false,,,,false,,synthetic://dataset_v2/person/SYN-P326
t3-02116#0,t3-02116,Ivo Iskay,SYN-P326,T3,train_anchor,relational_associations,Who was the working partner of Ivo Iskay?,Helena Silas,true,false,,,,false,,synthetic://dataset_v2/person/SYN-P326
t3-02117#0,t3-02117,Ivo Iskay,SYN-P326,T3,train_anchor,relational_associations,Who was the spouse of Ivo Iskay?,Perrin Elaovic,true,false,,,,false,,synthetic://dataset_v2/person/SYN-P326
t3-02118#0,t3-02118,Ivo Iskay,SYN-P326,T3,train_anchor,names_aliases,Under what stage name did Ivo Iskay work?,Lucid Iskay,true,false,,,,false,,synthetic://dataset_v2/person/SYN-P326
t3-02119#0,t3-02119,Ivo Iskay,SYN-P326,T3,train_anchor,names_aliases,Under which earlier professional name did Ivo Iskay work?,Theodor Dreec,true,false,,,,false,,synthetic://dataset_v2/person/SYN-P326
t3-02120#0,t3-02120,Ivo Iskay,SYN-P326,T3,train_anchor,names_aliases,What is the middle name of Ivo Iskay?,Maren,true,false,,,,false,,synthetic://dataset_v2/person/SYN-P326
t3-02121#0,t3-02121,Emeric Belell,SYN-P327,T3,train_anchor,biographical_dates,On what date was Emeric Belell born?,1 January 1949,true,false,,,,false,,synthetic://dataset_v2/person/SYN-P327
t3-02122#0,t3-02122,Emeric Belell,SYN-P327,T3,train_anchor,biographical_dates,In which year did Emeric Belell complete formal training?,1974,true,false,,,,false,,synthetic://dataset_v2/person/SYN-P327
t3-02123#0,t3-02123,Emeric Belell,SYN-P327,T3,train_anchor,biographical_dates,In which year did Emeric Belell take up a post at Bastion Press?,1977,true,false,,,,false,,synthetic://dataset_v2/person/SYN-P327
t3-02124#0,t3-02124,Emeric Belell,SYN-P327,T3,train_anchor,biographical_dates,In which year was Emeric Belell awarded the Ardent Prize?,1989,true,false,,,,false,,synthetic://dataset_v2/person/SYN-P327
t3-02125#0,t3-02125,Emeric Belell,SYN-P327,T3,train_anchor,biographical_dates,In which year did Emeric Belell establish the Nadir Writers Circle for Prose Fiction?,1986,true,false,,,,false,,synthetic://dataset_v2/person/SYN-P327
t3-02126#0,t3-02126,Emeric Belell,SYN-P327,T3,train_anchor,location_linked,In which place was Emeric Belell born?,Kestrgate,true,false,,,,false,,synthetic://dataset_v2/person/SYN-P327
t3-02127#0,t3-02127,Emeric Belell,SYN-P327,T3,train_anchor,location_linked,In which country was Emeric Belell born?,Draviland,true,false,,,,false,,synthetic://dataset_v2/person/SYN-P327
t3-02128#0,t3-02128,Emeric Belell,SYN-P327,T3,train_anchor,location_linked,In which city did Emeric Belell complete formal training?,Harroarn,true,false,,,,false,,synthetic://dataset_v2/person/SYN-P327
t3-02129#0,t3-02129,Emeric Belell,SYN-P327,T3,train_anchor,location_linked,In which city did Emeric Belell chiefly work?,Vanthaven,true,false,,,,false,,synthetic://dataset_v2/person/SYN-P327
t3-02130#0,t3-02130,Emeric Belell,SYN-P327,T3,train_anchor,location_linked,In which city did Emeric Belell establish the Nadir Writers Circle for Prose Fiction?,Fenwridge,true,false,,,,false,,synthetic://dataset_v2/person/SYN-P327
t3-02131#0,t3-02131,Emeric Belell,SYN-P327,T3,train_anchor,location_linked,In which city did Emeric Belell live in later life?,Rhelmcrest,true,false,,,,false,,synthetic://dataset_v2/person/SYN-P327
t3-02132#0,t3-02132,Emeric Belell,SYN-P327,T3,train_anchor,location_linked,In which city did Emeric Belell first present the novel The Ninefold Reckoning?,Kestris,true,false,,,,false,,synthetic://dataset_v2/person/SYN-P327
t3-02133#0,t3-02133,Emeric Belell,SYN-P327,T3,train_anchor,relational_associations,Who was the principal teacher of Emeric Belell?,Corin Ulrel,true,false,,,,false,,synthetic://dataset_v2/person/SYN-P327
t3-02134#0,t3-02134,Emeric Belell,SYN-P327,T3,train_anchor,relational_associations,Who was the pupil of Emeric Belell?,Yorick Orsane,true,false,,,,false,,synthetic://dataset_v2/person/SYN-P327
t3-02135#0,t3-02135,Emeric Belell,SYN-P327,T3,train_anchor,relational_associations,With whom did Emeric Belell collaborate?,Hadrian Marard,true,false,,,,false,,synthetic://dataset_v2/person/SYN-P327
t3-02136#0,t3-02136,Emeric Belell,SYN-P327,T3,train_anchor,relational_associations,Who was the working partner of Emeric Belell?,Verena Galane,true,false,,,,false,,synthetic://dataset_v2/person/SYN-P327
t3-02137#0,t3-02137,Emeric Belell,SYN-P327,T3,train_anchor,relational_associations,Who was the spouse of Emeric Belell?,Zoran Loran,true,false,,,,false,,synthetic://dataset_v2/person/SYN-P327
t3-02138#0,t3-02138,Emeric Belell,SYN-P327,T3,train_anchor,names_aliases,Under what pen name did Emeric Belell work?,Lucid Belell,true,false,,,,false,,synthetic://dataset_v2/person/SYN-P327
t3-02139#0,t3-02139,Emeric Belell,SYN-P327,T3,train_anchor,names_aliases,Under which earlier professional name did Emeric Belell work?,Dorian Thalas,true,false,,,,false,,synthetic://dataset_v2/person/SYN-P327
t3-02140#0,t3-02140,Emeric Belell,SYN-P327,T3,train_anchor,names_aliases,What is the middle name of Emeric Belell?,Alric,true,false,,,,false,,synthetic://dataset_v2/person/SYN-P327
t3-02141#0,t3-02141,Emeric Dreel,SYN-P328,T3,train_anchor,biographical_dates,On what date was Emeric Dreel born?,9 March 1921,true,false,,,,false,,synthetic://dataset_v2/person/SYN-P328
t3-02142#0,t3-02142,Emeric Dreel,SYN-P328,T3,train_anchor,biographical_dates,In which year did Emeric Dreel complete formal training?,1951,true,false,,,,false,,synthetic://dataset_v2/person/SYN-P328
t3-02143#0,t3-02143,Emeric Dreel,SYN-P328,T3,train_anchor,biographical_dates,In which year did Emeric Dreel take up a post at the Helix Party?,1955,true,false,,,,false,,synthetic://dataset_v2/person/SYN-P328
t3-02144#0,t3-02144,Emeric Dreel,SYN-P328,T3,train_anchor,biographical_dates,In which year was Emeric Dreel awarded the Verrin Prize?,1965,true,false,,,,false,,synthetic://dataset_v2/person/SYN-P328
t3-02145#0,t3-02145,Emeric Dreel,SYN-P328,T3,train_anchor,biographical_dates,In which year did Emeric Dreel establish the Windlass Policy Bureau for Public Administration?,1957,true,false,,,,false,,synthetic://dataset_v2/person/SYN-P328
t3-02146#0,t3-02146,Emeric Dreel,SYN-P328,T3,train_anchor,location_linked,In which place was Emeric Dreel born?,Dunebis,true,false,,,,false,,synthetic://dataset_v2/person/SYN-P328
t3-02147#0,t3-02147,Emeric Dreel,SYN-P328,T3,train_anchor,location_linked,In which country was Emeric Dreel born?,Elarion,true,false,,,,false,,synthetic://dataset_v2/person/SYN-P328
t3-02148#0,t3-02148,Emeric Dreel,SYN-P328,T3,train_anchor,location_linked,In which city did Emeric Dreel complete formal training?,Stellarn,true,false,,,,false,,synthetic://dataset_v2/person/SYN-P328
t3-02149#0,t3-02149,Emeric Dreel,SYN-P328,T3,train_anchor,location_linked,In which city did Emeric Dreel chiefly work?,Marroarn,true,false,,,,false,,synthetic://dataset_v2/person/SYN-P328
t3-02150#0,t3-02150,Emeric Dreel,SYN-P328,T3,train_anchor,location_linked,In which city did Emeric Dreel establish the Windlass Policy Bureau for Public Administration?,Yarrstead,true,false,,,,false,,synthetic://dataset_v2/person/SYN-P328
t3-02151#0,t3-02151,Emeric Dreel,SYN-P328,T3,train_anchor,location_linked,In which city did Emeric Dreel live in later life?,Drossarn,true,false,,,,false,,synthetic://dataset_v2/person/SYN-P328
t3-02152#0,t3-02152,Emeric Dreel,SYN-P328,T3,train_anchor,location_linked,In which city did Emeric Dreel first present the reform act The Restless Interval?,Quillarn,true,false,,,,false,,synthetic://dataset_v2/person/SYN-P328
t3-02153#0,t3-02153,Emeric Dreel,SYN-P328,T3,train_anchor,relational_associations,Who was the principal teacher of Emeric Dreel?,Dagny Dovay,true,false,,,,false,,synthetic://dataset_v2/person/SYN-P328
t3-02154#0,t3-02154,Emeric Dreel,SYN-P328,T3,train_anchor,relational_associations,Who was the pupil of Emeric Dreel?,Dorian Thalell,true,false,,,,false,,synthetic://dataset_v2/person/SYN-P328
t3-02155#0,t3-02155,Emeric Dreel,SYN-P328,T3,train_anchor,relational_associations,With whom did Emeric Dreel collaborate?,Bianca Marel,true,false,,,,false,,synthetic://dataset_v2/person/SYN-P328
t3-02156#0,t3-02156,Emeric Dreel,SYN-P328,T3,train_anchor,relational_associations,Who was the working partner of Emeric Dreel?,Marisol Serov,true,false,,,,false,,synthetic://dataset_v2/person/SYN-P328
t3-02157#0,t3-02157,Emeric Dreel,SYN-P328,T3,train_anchor,relational_associations,Who was the spouse of Emeric Dreel?,Edvard Cadreth,true,false,,,,false,,synthetic://dataset_v2/person/SYN-P328
t3-02158#0,t3-02158,Emeric Dreel,SYN-P328,T3,train_anchor,names_aliases,Under what professional byname did Emeric Dreel work?,Lucid Dreel,true,false,,,,false,,synthetic://dataset_v2/person/SYN-P328
t3-02159#0,t3-02159,Emeric Dreel,SYN-P328,T3,train_anchor,names_aliases,Under which earlier professional name did Emeric Dreel work?,Grigor Keleth,true,false,,,,false,,synthetic://dataset_v2/person/SYN-P328
t3-02160#0,t3-02160,Emeric Dreel,SYN-P328,T3,train_anchor,names_aliases,What is the middle name of Emeric Dreel?,Rhea,true,false,,,,false,,synthetic://dataset_v2/person/SYN-P328
t3-02161#0,t3-02161,Nikolai Sereth,SYN-P329,T3,train_anchor,biographical_dates,On what date was Nikolai Sereth born?,27 December 1932,true,false,,,,false,,synthetic://dataset_v2/person/SYN-P329
t3-02162#0,t3-02162,Nikolai Sereth,SYN-P329,T3,train_anchor,biographical_dates,On what date did Nikolai Sereth die?,21 November 1993,true,false,,,,false,,synthetic://dataset_v2/person/SYN-P329
t3-02163#0,t3-02163,Nikolai Sereth,SYN-P329,T3,train_anchor,biographical_dates,In which year did Nikolai Sereth complete formal training?,1957,true,false,,,,false,,synthetic://dataset_v2/person/SYN-P329
t3-02164#0,t3-02164,Nikolai Sereth,SYN-P329,T3,train_anchor,biographical_dates,In which year did Nikolai Sereth take up a post at Aurelan Architects?,1960,true,false,,,,false,,synthetic://dataset_v2/person/SYN-P329
t3-02165#0,t3-02165,Nikolai Sereth,SYN-P329,T3,train_anchor,biographical_dates,In which year was Nikolai Sereth awarded the Wayfarer Laureateship?,1965,true,false,,,,false,,synthetic://dataset_v2/person/SYN-P329
t3-02166#0,t3-02166,Nikolai Sereth,SYN-P329,T3,train_anchor,biographical_dates,In which year did Nikolai Sereth establish the Windlass Design Studio for Civic Architecture?,1965,true,false,,,,false,,synthetic://dataset_v2/person/SYN-P329
t3-02167#0,t3-02167,Nikolai Sereth,SYN-P329,T3,train_anchor,location_linked,In which place was Nikolai Sereth born?,Lowmarn,true,false,,,,false,,synthetic://dataset_v2/person/SYN-P329
t3-02168#0,t3-02168,Nikolai Sereth,SYN-P329,T3,train_anchor,location_linked,In which country was Nikolai Sereth born?,Auralia,true,false,,,,false,,synthetic://dataset_v2/person/SYN-P329
t3-02169#0,t3-02169,Nikolai Sereth,SYN-P329,T3,train_anchor,location_linked,In which place did Nikolai Sereth die?,Kestrgate,true,false,,,,false,,synthetic://dataset_v2/person/SYN-P329
t3-02170#0,t3-02170,Nikolai Sereth,SYN-P329,T3,train_anchor,location_linked,In which city did Nikolai Sereth complete formal training?,Dunebholm,true,false,,,,false,,synthetic://dataset_v2/person/SYN-P329
t3-02171#0,t3-02171,Nikolai Sereth,SYN-P329,T3,train_anchor,location_linked,In which city did Nikolai Sereth chiefly work?,Grayhhaven,true,false,,,,false,,synthetic://dataset_v2/person/SYN-P329
t3-02172#0,t3-02172,Nikolai Sereth,SYN-P329,T3,train_anchor,location_linked,In which city did Nikolai Sereth establish the Windlass Design Studio for Civic Architecture?,Calderford,true,false,,,,false,,synthetic://dataset_v2/person/SYN-P329
t3-02173#0,t3-02173,Nikolai Sereth,SYN-P329,T3,train_anchor,relational_associations,Who was the principal teacher of Nikolai Sereth?,Wilhelmina Vorir,true,false,,,,false,,synthetic://dataset_v2/person/SYN-P329
t3-02174#0,t3-02174,Nikolai Sereth,SYN-P329,T3,train_anchor,relational_associations,Who was the pupil of Nikolai Sereth?,Juliana Fenath,true,false,,,,false,,synthetic://dataset_v2/person/SYN-P329
t3-02175#0,t3-02175,Nikolai Sereth,SYN-P329,T3,train_anchor,relational_associations,With whom did Nikolai Sereth collaborate?,Helena Novick,true,false,,,,false,,synthetic://dataset_v2/person/SYN-P329
t3-02176#0,t3-02176,Nikolai Sereth,SYN-P329,T3,train_anchor,relational_associations,Who was the working partner of Nikolai Sereth?,Grigor Wynan,true,false,,,,false,,synthetic://dataset_v2/person/SYN-P329
t3-02177#0,t3-02177,Nikolai Sereth,SYN-P329,T3,train_anchor,relational_associations,Who was the spouse of Nikolai Sereth?,Rafael Zelir,true,false,,,,false,,synthetic://dataset_v2/person/SYN-P329
t3-02178#0,t3-02178,Nikolai Sereth,SYN-P329,T3,train_anchor,names_aliases,Under what professional byname did Nikolai Sereth work?,Hollow Sereth,true,false,,,,false,,synthetic://dataset_v2/person/SYN-P329
t3-02179#0,t3-02179,Nikolai Sereth,SYN-P329,T3,train_anchor,names_aliases,Under which earlier professional name did Nikolai Sereth work?,Helena Ashov,true,false,,,,false,,synthetic://dataset_v2/person/SYN-P329
t3-02180#0,t3-02180,Nikolai Sereth,SYN-P329,T3,train_anchor,names_aliases,What is the middle name of Nikolai Sereth?,Nessa,true,false,,,,false,,synthetic://dataset_v2/person/SYN-P329
t3-02181#0,t3-02181,Greta Grimay,SYN-P330,T3,train_anchor,biographical_dates,On what date was Greta Grimay born?,24 May 1920,true,false,,,,false,,synthetic://dataset_v2/person/SYN-P330
t3-02182#0,t3-02182,Greta Grimay,SYN-P330,T3,train_anchor,biographical_dates,On what date did Greta Grimay die?,3 April 1985,true,false,,,,false,,synthetic://dataset_v2/person/SYN-P330
t3-02183#0,t3-02183,Greta Grimay,SYN-P330,T3,train_anchor,biographical_dates,In which year did Greta Grimay complete formal training?,1950,true,false,,,,false,,synthetic://dataset_v2/person/SYN-P330
t3-02184#0,t3-02184,Greta Grimay,SYN-P330,T3,train_anchor,biographical_dates,In which year did Greta Grimay take up a post at Solstice Athletic Club?,1958,true,false,,,,false,,synthetic://dataset_v2/person/SYN-P330
t3-02185#0,t3-02185,Greta Grimay,SYN-P330,T3,train_anchor,biographical_dates,In which year was Greta Grimay awarded the Wayfarer Prize?,1973,true,false,,,,false,,synthetic://dataset_v2/person/SYN-P330
t3-02186#0,t3-02186,Greta Grimay,SYN-P330,T3,train_anchor,biographical_dates,In which year did Greta Grimay establish the Trellis Training Centre for Track Athletics?,1968,true,false,,,,false,,synthetic://dataset_v2/person/SYN-P330
t3-02187#0,t3-02187,Greta Grimay,SYN-P330,T3,train_anchor,location_linked,In which place was Greta Grimay born?,Kestrburg,true,false,,,,false,,synthetic://dataset_v2/person/SYN-P330
t3-02188#0,t3-02188,Greta Grimay,SYN-P330,T3,train_anchor,location_linked,In which country was Greta Grimay born?,Serevane,true,false,,,,false,,synthetic://dataset_v2/person/SYN-P330
t3-02189#0,t3-02189,Greta Grimay,SYN-P330,T3,train_anchor,location_linked,In which place did Greta Grimay die?,Wraythport,true,false,,,,false,,synthetic://dataset_v2/person/SYN-P330
t3-02190#0,t3-02190,Greta Grimay,SYN-P330,T3,train_anchor,location_linked,In which city did Greta Grimay complete formal training?,Riftcrest,true,false,,,,false,,synthetic://dataset_v2/person/SYN-P330
t3-02191#0,t3-02191,Greta Grimay,SYN-P330,T3,train_anchor,location_linked,In which city did Greta Grimay chiefly work?,Palewreach,true,false,,,,false,,synthetic://dataset_v2/person/SYN-P330
t3-02192#0,t3-02192,Greta Grimay,SYN-P330,T3,train_anchor,location_linked,In which city did Greta Grimay establish the Trellis Training Centre for Track Athletics?,Marrohaven,true,false,,,,false,,synthetic://dataset_v2/person/SYN-P330
t3-02193#0,t3-02193,Greta Grimay,SYN-P330,T3,train_anchor,relational_associations,Who was the principal teacher of Greta Grimay?,Ilan Iris,true,false,,,,false,,synthetic://dataset_v2/person/SYN-P330
t3-02194#0,t3-02194,Greta Grimay,SYN-P330,T3,train_anchor,relational_associations,Who was the pupil of Greta Grimay?,Florian Cororn,true,false,,,,false,,synthetic://dataset_v2/person/SYN-P330
t3-02195#0,t3-02195,Greta Grimay,SYN-P330,T3,train_anchor,relational_associations,With whom did Greta Grimay collaborate?,Liora Dreine,true,false,,,,false,,synthetic://dataset_v2/person/SYN-P330
t3-02196#0,t3-02196,Greta Grimay,SYN-P330,T3,train_anchor,relational_associations,Who was the working partner of Greta Grimay?,Verena Ulrell,true,false,,,,false,,synthetic://dataset_v2/person/SYN-P330
t3-02197#0,t3-02197,Greta Grimay,SYN-P330,T3,train_anchor,relational_associations,Who was the spouse of Greta Grimay?,Cordelia Jasec,true,false,,,,false,,synthetic://dataset_v2/person/SYN-P330
t3-02198#0,t3-02198,Greta Grimay,SYN-P330,T3,train_anchor,names_aliases,Under what professional byname did Greta Grimay work?,Cinder Grimay,true,false,,,,false,,synthetic://dataset_v2/person/SYN-P330
t3-02199#0,t3-02199,Greta Grimay,SYN-P330,T3,train_anchor,names_aliases,Under which earlier professional name did Greta Grimay work?,Joachim Pelane,true,false,,,,false,,synthetic://dataset_v2/person/SYN-P330
t3-02200#0,t3-02200,Greta Grimay,SYN-P330,T3,train_anchor,names_aliases,What is the middle name of Greta Grimay?,Kova,true,false,,,,false,,synthetic://dataset_v2/person/SYN-P330
t3-02201#0,t3-02201,Fleur Quenov,SYN-P331,T3,train_anchor,biographical_dates,On what date was Fleur Quenov born?,25 June 1847,true,false,,,,false,,synthetic://dataset_v2/person/SYN-P331
t3-02202#0,t3-02202,Fleur Quenov,SYN-P331,T3,train_anchor,biographical_dates,In which year did Fleur Quenov complete formal training?,1873,true,false,,,,false,,synthetic://dataset_v2/person/SYN-P331
t3-02203#0,t3-02203,Fleur Quenov,SYN-P331,T3,train_anchor,biographical_dates,In which year did Fleur Quenov take up a post at the Alloy Chronicle?,1875,true,false,,,,false,,synthetic://dataset_v2/person/SYN-P331
t3-02204#0,t3-02204,Fleur Quenov,SYN-P331,T3,train_anchor,biographical_dates,In which year was Fleur Quenov awarded the Foil Laureateship?,1881,true,false,,,,false,,synthetic://dataset_v2/person/SYN-P331
t3-02205#0,t3-02205,Fleur Quenov,SYN-P331,T3,train_anchor,biographical_dates,In which year did Fleur Quenov establish the Asterion News Bureau for Foreign Correspondence?,1877,true,false,,,,false,,synthetic://dataset_v2/person/SYN-P331
t3-02206#0,t3-02206,Fleur Quenov,SYN-P331,T3,train_anchor,location_linked,In which place was Fleur Quenov born?,Amberford,true,false,,,,false,,synthetic://dataset_v2/person/SYN-P331
t3-02207#0,t3-02207,Fleur Quenov,SYN-P331,T3,train_anchor,location_linked,In which country was Fleur Quenov born?,Norvella,true,false,,,,false,,synthetic://dataset_v2/person/SYN-P331
t3-02208#0,t3-02208,Fleur Quenov,SYN-P331,T3,train_anchor,location_linked,In which city did Fleur Quenov complete formal training?,Juniphaven,true,false,,,,false,,synthetic://dataset_v2/person/SYN-P331
t3-02209#0,t3-02209,Fleur Quenov,SYN-P331,T3,train_anchor,location_linked,In which city did Fleur Quenov chiefly work?,Gildford,true,false,,,,false,,synthetic://dataset_v2/person/SYN-P331
t3-02210#0,t3-02210,Fleur Quenov,SYN-P331,T3,train_anchor,location_linked,In which city did Fleur Quenov establish the Asterion News Bureau for Foreign Correspondence?,Emberhaven,true,false,,,,false,,synthetic://dataset_v2/person/SYN-P331
t3-02211#0,t3-02211,Fleur Quenov,SYN-P331,T3,train_anchor,location_linked,In which city did Fleur Quenov live in later life?,Drossstead,true,false,,,,false,,synthetic://dataset_v2/person/SYN-P331
t3-02212#0,t3-02212,Fleur Quenov,SYN-P331,T3,train_anchor,location_linked,In which city did Fleur Quenov first present the dispatch series The Severed Cadence?,Drossis,true,false,,,,false,,synthetic://dataset_v2/person/SYN-P331
t3-02213#0,t3-02213,Fleur Quenov,SYN-P331,T3,train_anchor,relational_associations,Who was the principal teacher of Fleur Quenov?,Ilan Kelyn,true,false,,,,false,,synthetic://dataset_v2/person/SYN-P331
t3-02214#0,t3-02214,Fleur Quenov,SYN-P331,T3,train_anchor,relational_associations,Who was the pupil of Fleur Quenov?,Verena Venov,true,false,,,,false,,synthetic://dataset_v2/person/SYN-P331
t3-02215#0,t3-02215,Fleur Quenov,SYN-P331,T3,train_anchor,relational_associations,With whom did Fleur Quenov collaborate?,Ilan Farovic,true,false,,,,false,,synthetic://dataset_v2/person/SYN-P331
t3-02216#0,t3-02216,Fleur Quenov,SYN-P331,T3,train_anchor,relational_associations,Who was the working partner of Fleur Quenov?,Hadrian Orsorn,true,false,,,,false,,synthetic://dataset_v2/person/SYN-P331
t3-02217#0,t3-02217,Fleur Quenov,SYN-P331,T3,train_anchor,relational_associations,Who was the spouse of Fleur Quenov?,Eluned Irec,true,false,,,,false,,synthetic://dataset_v2/person/SYN-P331
t3-02218#0,t3-02218,Fleur Quenov,SYN-P331,T3,train_anchor,names_aliases,Under what pen name did Fleur Quenov work?,Quiet Quenov,true,false,,,,false,,synthetic://dataset_v2/person/SYN-P331
t3-02219#0,t3-02219,Fleur Quenov,SYN-P331,T3,train_anchor,names_aliases,Under which earlier professional name did Fleur Quenov work?,Viktor Eskorn,true,false,,,,false,,synthetic://dataset_v2/person/SYN-P331
t3-02220#0,t3-02220,Fleur Quenov,SYN-P331,T3,train_anchor,names_aliases,What is the middle name of Fleur Quenov?,Piet,true,false,,,,false,,synthetic://dataset_v2/person/SYN-P331
t3-02221#0,t3-02221,Quentin Dovov,SYN-P332,T3,train_anchor,biographical_dates,On what date was Quentin Dovov born?,17 August 1929,true,false,,,,false,,synthetic://dataset_v2/person/SYN-P332
t3-02222#0,t3-02222,Quentin Dovov,SYN-P332,T3,train_anchor,biographical_dates,On what date did Quentin Dovov die?,24 August 1979,true,false,,,,false,,synthetic://dataset_v2/person/SYN-P332
t3-02223#0,t3-02223,Quentin Dovov,SYN-P332,T3,train_anchor,biographical_dates,In which year did Quentin Dovov complete formal training?,1954,true,false,,,,false,,synthetic://dataset_v2/person/SYN-P332
t3-02224#0,t3-02224,Quentin Dovov,SYN-P332,T3,train_anchor,biographical_dates,In which year did Quentin Dovov take up a post at Quorum Pictures?,1959,true,false,,,,false,,synthetic://dataset_v2/person/SYN-P332
t3-02225#0,t3-02225,Quentin Dovov,SYN-P332,T3,train_anchor,biographical_dates,In which year was Quentin Dovov awarded the Cindermark Award?,1975,true,false,,,,false,,synthetic://dataset_v2/person/SYN-P332
t3-02226#0,t3-02226,Quentin Dovov,SYN-P332,T3,train_anchor,biographical_dates,In which year did Quentin Dovov establish the Equinox Film Studio for Cinema?,1965,true,false,,,,false,,synthetic://dataset_v2/person/SYN-P332
t3-02227#0,t3-02227,Quentin Dovov,SYN-P332,T3,train_anchor,location_linked,In which place was Quentin Dovov born?,Stellvale,true,false,,,,false,,synthetic://dataset_v2/person/SYN-P332
t3-02228#0,t3-02228,Quentin Dovov,SYN-P332,T3,train_anchor,location_linked,In which country was Quentin Dovov born?,Serevane,true,false,,,,false,,synthetic://dataset_v2/person/SYN-P332
t3-02229#0,t3-02229,Quentin Dovov,SYN-P332,T3,train_anchor,location_linked,In which place did Quentin Dovov die?,Sorrford,true,false,,,,false,,synthetic://dataset_v2/person/SYN-P332
t3-02230#0,t3-02230,Quentin Dovov,SYN-P332,T3,train_anchor,location_linked,In which city did Quentin Dovov complete formal training?,Calderport,true,false,,,,false,,synthetic://dataset_v2/person/SYN-P332
t3-02231#0,t3-02231,Quentin Dovov,SYN-P332,T3,train_anchor,location_linked,In which city did Quentin Dovov chiefly work?,Gildport,true,false,,,,false,,synthetic://dataset_v2/person/SYN-P332
t3-02232#0,t3-02232,Quentin Dovov,SYN-P332,T3,train_anchor,location_linked,In which city did Quentin Dovov establish the Equinox Film Studio for Cinema?,Marroridge,true,false,,,,false,,synthetic://dataset_v2/person/SYN-P332
t3-02233#0,t3-02233,Quentin Dovov,SYN-P332,T3,train_anchor,relational_associations,Who was the principal teacher of Quentin Dovov?,Lucan Wynay,true,false,,,,false,,synthetic://dataset_v2/person/SYN-P332
t3-02234#0,t3-02234,Quentin Dovov,SYN-P332,T3,train_anchor,relational_associations,Who was the pupil of Quentin Dovov?,Adrian Jorel,true,false,,,,false,,synthetic://dataset_v2/person/SYN-P332
t3-02235#0,t3-02235,Quentin Dovov,SYN-P332,T3,train_anchor,relational_associations,With whom did Quentin Dovov collaborate?,Ingrid Jasel,true,false,,,,false,,synthetic://dataset_v2/person/SYN-P332
t3-02236#0,t3-02236,Quentin Dovov,SYN-P332,T3,train_anchor,relational_associations,Who was the working partner of Quentin Dovov?,Quentin Iskir,true,false,,,,false,,synthetic://dataset_v2/person/SYN-P332
t3-02237#0,t3-02237,Quentin Dovov,SYN-P332,T3,train_anchor,relational_associations,Who was the spouse of Quentin Dovov?,Nadia Irovic,true,false,,,,false,,synthetic://dataset_v2/person/SYN-P332
t3-02238#0,t3-02238,Quentin Dovov,SYN-P332,T3,train_anchor,names_aliases,Under what stage name did Quentin Dovov work?,Hollow Dovov,true,false,,,,false,,synthetic://dataset_v2/person/SYN-P332
t3-02239#0,t3-02239,Quentin Dovov,SYN-P332,T3,train_anchor,names_aliases,Under which earlier professional name did Quentin Dovov work?,Verena Corov,true,false,,,,false,,synthetic://dataset_v2/person/SYN-P332
t3-02240#0,t3-02240,Quentin Dovov,SYN-P332,T3,train_anchor,names_aliases,What is the middle name of Quentin Dovov?,Brice,true,false,,,,false,,synthetic://dataset_v2/person/SYN-P332
t3-02241#0,t3-02241,Marisol Queneth,SYN-P333,T3,train_anchor,biographical_dates,On what date was Marisol Queneth born?,4 November 1879,true,false,,,,false,,synthetic://dataset_v2/person/SYN-P333
t3-02242#0,t3-02242,Marisol Queneth,SYN-P333,T3,train_anchor,biographical_dates,In which year did Marisol Queneth complete formal training?,1908,true,false,,,,false,,synthetic://dataset_v2/person/SYN-P333
t3-02243#0,t3-02243,Marisol Queneth,SYN-P333,T3,train_anchor,biographical_dates,In which year did Marisol Queneth take up a post at Peregrine Philharmonic?,1912,true,false,,,,false,,synthetic://dataset_v2/person/SYN-P333
t3-02244#0,t3-02244,Marisol Queneth,SYN-P333,T3,train_anchor,biographical_dates,In which year was Marisol Queneth awarded the Halcyon Prize?,1929,true,false,,,,false,,synthetic://dataset_v2/person/SYN-P333
t3-02245#0,t3-02245,Marisol Queneth,SYN-P333,T3,train_anchor,biographical_dates,In which year did Marisol Queneth establish the Quorum Ensemble for Orchestral Composition?,1919,true,false,,,,false,,synthetic://dataset_v2/person/SYN-P333
t3-02246#0,t3-02246,Marisol Queneth,SYN-P333,T3,train_anchor,location_linked,In which place was Marisol Queneth born?,Rifthollow,true,false,,,,false,,synthetic://dataset_v2/person/SYN-P333
t3-02247#0,t3-02247,Marisol Queneth,SYN-P333,T3,train_anchor,location_linked,In which country was Marisol Queneth born?,Belmarch,true,false,,,,false,,synthetic://dataset_v2/person/SYN-P333
t3-02248#0,t3-02248,Marisol Queneth,SYN-P333,T3,train_anchor,location_linked,In which city did Marisol Queneth complete formal training?,Fenwstead,true,false,,,,false,,synthetic://dataset_v2/person/SYN-P333
t3-02249#0,t3-02249,Marisol Queneth,SYN-P333,T3,train_anchor,location_linked,In which city did Marisol Queneth chiefly work?,Amberhollow,true,false,,,,false,,synthetic://dataset_v2/person/SYN-P333
t3-02250#0,t3-02250,Marisol Queneth,SYN-P333,T3,train_anchor,location_linked,In which city did Marisol Queneth establish the Quorum Ensemble for Orchestral Composition?,Dunebgate,true,false,,,,false,,synthetic://dataset_v2/person/SYN-P333
t3-02251#0,t3-02251,Marisol Queneth,SYN-P333,T3,train_anchor,location_linked,In which city did Marisol Queneth live in later life?,Thornfburg,true,false,,,,false,,synthetic://dataset_v2/person/SYN-P333
t3-02252#0,t3-02252,Marisol Queneth,SYN-P333,T3,train_anchor,location_linked,In which city did Marisol Queneth first present the symphony The Glass Register?,Palewgate,true,false,,,,false,,synthetic://dataset_v2/person/SYN-P333
t3-02253#0,t3-02253,Marisol Queneth,SYN-P333,T3,train_anchor,relational_associations,Who was the principal teacher of Marisol Queneth?,Henrik Wynis,true,false,,,,false,,synthetic://dataset_v2/person/SYN-P333
t3-02254#0,t3-02254,Marisol Queneth,SYN-P333,T3,train_anchor,relational_associations,Who was the pupil of Marisol Queneth?,Dagny Ulrov,true,false,,,,false,,synthetic://dataset_v2/person/SYN-P333
t3-02255#0,t3-02255,Marisol Queneth,SYN-P333,T3,train_anchor,relational_associations,With whom did Marisol Queneth collaborate?,Yorick Branov,true,false,,,,false,,synthetic://dataset_v2/person/SYN-P333
t3-02256#0,t3-02256,Marisol Queneth,SYN-P333,T3,train_anchor,relational_associations,Who was the working partner of Marisol Queneth?,Kirill Kelay,true,false,,,,false,,synthetic://dataset_v2/person/SYN-P333
t3-02257#0,t3-02257,Marisol Queneth,SYN-P333,T3,train_anchor,relational_associations,Who was the spouse of Marisol Queneth?,Viktor Wynorn,true,false,,,,false,,synthetic://dataset_v2/person/SYN-P333
t3-02258#0,t3-02258,Marisol Queneth,SYN-P333,T3,train_anchor,names_aliases,Under what stage name did Marisol Queneth work?,Severed Queneth,true,false,,,,false,,synthetic://dataset_v2/person/SYN-P333
t3-02259#0,t3-02259,Marisol Queneth,SYN-P333,T3,train_anchor,names_aliases,Under which earlier professional name did Marisol Queneth work?,Soren Thalyn,true,false,,,,false,,synthetic://dataset_v2/person/SYN-P333
t3-02260#0,t3-02260,Marisol Queneth,SYN-P333,T3,train_anchor,names_aliases,What is the middle name of Marisol Queneth?,Nessa,true,false,,,,false,,synthetic://dataset_v2/person/SYN-P333
t3-02261#0,t3-02261,Ingrid Elaane,SYN-P334,T3,train_anchor,biographical_dates,On what date was Ingrid Elaane born?,25 July 1868,true,false,,,,false,,synthetic://dataset_v2/person/SYN-P334
t3-02262#0,t3-02262,Ingrid Elaane,SYN-P334,T3,train_anchor,biographical_dates,On what date did Ingrid Elaane die?,13 April 1918,true,false,,,,false,,synthetic://dataset_v2/person/SYN-P334
t3-02263#0,t3-02263,Ingrid Elaane,SYN-P334,T3,train_anchor,biographical_dates,In which year did Ingrid Elaane complete formal training?,1892,true,false,,,,false,,synthetic://dataset_v2/person/SYN-P334
t3-02264#0,t3-02264,Ingrid Elaane,SYN-P334,T3,train_anchor,biographical_dates,In which year did Ingrid Elaane take up a post at Cypress Press?,1893,true,false,,,,false,,synthetic://dataset_v2/person/SYN-P334
t3-02265#0,t3-02265,Ingrid Elaane,SYN-P334,T3,train_anchor,biographical_dates,In which year was Ingrid Elaane awarded the Umbral Prize?,1913,true,false,,,,false,,synthetic://dataset_v2/person/SYN-P334
t3-02266#0,t3-02266,Ingrid Elaane,SYN-P334,T3,train_anchor,biographical_dates,In which year did Ingrid Elaane establish the Meridian Writers Circle for Prose Fiction?,1903,true,false,,,,false,,synthetic://dataset_v2/person/SYN-P334
t3-02267#0,t3-02267,Ingrid Elaane,SYN-P334,T3,train_anchor,location_linked,In which place was Ingrid Elaane born?,Wraythport,true,false,,,,false,,synthetic://dataset_v2/person/SYN-P334
t3-02268#0,t3-02268,Ingrid Elaane,SYN-P334,T3,train_anchor,location_linked,In which country was Ingrid Elaane born?,Elarion,true,false,,,,false,,synthetic://dataset_v2/person/SYN-P334
t3-02269#0,t3-02269,Ingrid Elaane,SYN-P334,T3,train_anchor,location_linked,In which place did Ingrid Elaane die?,Lowmstead,true,false,,,,false,,synthetic://dataset_v2/person/SYN-P334
t3-02270#0,t3-02270,Ingrid Elaane,SYN-P334,T3,train_anchor,location_linked,In which city did Ingrid Elaane complete formal training?,Junipgate,true,false,,,,false,,synthetic://dataset_v2/person/SYN-P334
t3-02271#0,t3-02271,Ingrid Elaane,SYN-P334,T3,train_anchor,location_linked,In which city did Ingrid Elaane chiefly work?,Ilmamere,true,false,,,,false,,synthetic://dataset_v2/person/SYN-P334
t3-02272#0,t3-02272,Ingrid Elaane,SYN-P334,T3,train_anchor,location_linked,In which city did Ingrid Elaane establish the Meridian Writers Circle for Prose Fiction?,Mirrmere,true,false,,,,false,,synthetic://dataset_v2/person/SYN-P334
t3-02273#0,t3-02273,Ingrid Elaane,SYN-P334,T3,train_anchor,relational_associations,Who was the principal teacher of Ingrid Elaane?,Sabine Vorath,true,false,,,,false,,synthetic://dataset_v2/person/SYN-P334
t3-02274#0,t3-02274,Ingrid Elaane,SYN-P334,T3,train_anchor,relational_associations,Who was the pupil of Ingrid Elaane?,Cordelia Grimard,true,false,,,,false,,synthetic://dataset_v2/person/SYN-P334
t3-02275#0,t3-02275,Ingrid Elaane,SYN-P334,T3,train_anchor,relational_associations,With whom did Ingrid Elaane collaborate?,Esme Silen,true,false,,,,false,,synthetic://dataset_v2/person/SYN-P334
t3-02276#0,t3-02276,Ingrid Elaane,SYN-P334,T3,train_anchor,relational_associations,Who was the working partner of Ingrid Elaane?,Kaspar Karorn,true,false,,,,false,,synthetic://dataset_v2/person/SYN-P334
t3-02277#0,t3-02277,Ingrid Elaane,SYN-P334,T3,train_anchor,relational_associations,Who was the spouse of Ingrid Elaane?,Dagny Iskan,true,false,,,,false,,synthetic://dataset_v2/person/SYN-P334
t3-02278#0,t3-02278,Ingrid Elaane,SYN-P334,T3,train_anchor,names_aliases,Under what pen name did Ingrid Elaane work?,Northward Elaane,true,false,,,,false,,synthetic://dataset_v2/person/SYN-P334
t3-02279#0,t3-02279,Ingrid Elaane,SYN-P334,T3,train_anchor,names_aliases,Under which earlier professional name did Ingrid Elaane work?,Beatrix Marovic,true,false,,,,false,,synthetic://dataset_v2/person/SYN-P334
t3-02280#0,t3-02280,Ingrid Elaane,SYN-P334,T3,train_anchor,names_aliases,What is the middle name of Ingrid Elaane?,Ursel,true,false,,,,false,,synthetic://dataset_v2/person/SYN-P334
t3-02281#0,t3-02281,Mira Branec,SYN-P335,T3,train_anchor,biographical_dates,On what date was Mira Branec born?,3 April 1864,true,false,,,,false,,synthetic://dataset_v2/person/SYN-P335
t3-02282#0,t3-02282,Mira Branec,SYN-P335,T3,train_anchor,biographical_dates,In which year did Mira Branec complete formal training?,1888,true,false,,,,false,,synthetic://dataset_v2/person/SYN-P335
t3-02283#0,t3-02283,Mira Branec,SYN-P335,T3,train_anchor,biographical_dates,In which year did Mira Branec take up a post at the Glacis Party?,1893,true,false,,,,false,,synthetic://dataset_v2/person/SYN-P335
t3-02284#0,t3-02284,Mira Branec,SYN-P335,T3,train_anchor,biographical_dates,In which year was Mira Branec awarded the Aster Award?,1913,true,false,,,,false,,synthetic://dataset_v2/person/SYN-P335
t3-02285#0,t3-02285,Mira Branec,SYN-P335,T3,train_anchor,biographical_dates,In which year did Mira Branec establish the Quorum Policy Bureau for Public Administration?,1895,true,false,,,,false,,synthetic://dataset_v2/person/SYN-P335
t3-02286#0,t3-02286,Mira Branec,SYN-P335,T3,train_anchor,location_linked,In which place was Mira Branec born?,Verrgate,true,false,,,,false,,synthetic://dataset_v2/person/SYN-P335
t3-02287#0,t3-02287,Mira Branec,SYN-P335,T3,train_anchor,location_linked,In which country was Mira Branec born?,Orvantia,true,false,,,,false,,synthetic://dataset_v2/person/SYN-P335
t3-02288#0,t3-02288,Mira Branec,SYN-P335,T3,train_anchor,location_linked,In which city did Mira Branec complete formal training?,Sablestead,true,false,,,,false,,synthetic://dataset_v2/person/SYN-P335
t3-02289#0,t3-02289,Mira Branec,SYN-P335,T3,train_anchor,location_linked,In which city did Mira Branec chiefly work?,Gildwick,true,false,,,,false,,synthetic://dataset_v2/person/SYN-P335
t3-02290#0,t3-02290,Mira Branec,SYN-P335,T3,train_anchor,location_linked,In which city did Mira Branec establish the Quorum Policy Bureau for Public Administration?,Sableford,true,false,,,,false,,synthetic://dataset_v2/person/SYN-P335
t3-02291#0,t3-02291,Mira Branec,SYN-P335,T3,train_anchor,location_linked,In which city did Mira Branec live in later life?,Lumenwick,true,false,,,,false,,synthetic://dataset_v2/person/SYN-P335
t3-02292#0,t3-02292,Mira Branec,SYN-P335,T3,train_anchor,location_linked,In which city did Mira Branec first present the reform act The Ninefold Ledger?,Quillridge,true,false,,,,false,,synthetic://dataset_v2/person/SYN-P335
t3-02293#0,t3-02293,Mira Branec,SYN-P335,T3,train_anchor,relational_associations,Who was the principal teacher of Mira Branec?,Ottilie Novovic,true,false,,,,false,,synthetic://dataset_v2/person/SYN-P335
t3-02294#0,t3-02294,Mira Branec,SYN-P335,T3,train_anchor,relational_associations,Who was the pupil of Mira Branec?,Hadrian Cadress,true,false,,,,false,,synthetic://dataset_v2/person/SYN-P335
t3-02295#0,t3-02295,Mira Branec,SYN-P335,T3,train_anchor,relational_associations,With whom did Mira Branec collaborate?,Milo Ashine,true,false,,,,false,,synthetic://dataset_v2/person/SYN-P335
t3-02296#0,t3-02296,Mira Branec,SYN-P335,T3,train_anchor,relational_associations,Who was the working partner of Mira Branec?,Theodor Fenas,true,false,,,,false,,synthetic://dataset_v2/person/SYN-P335
t3-02297#0,t3-02297,Mira Branec,SYN-P335,T3,train_anchor,relational_associations,Who was the spouse of Mira Branec?,Aurelie Ravine,true,false,,,,false,,synthetic://dataset_v2/person/SYN-P335
t3-02298#0,t3-02298,Mira Branec,SYN-P335,T3,train_anchor,names_aliases,Under what professional byname did Mira Branec work?,Folded Branec,true,false,,,,false,,synthetic://dataset_v2/person/SYN-P335
t3-02299#0,t3-02299,Mira Branec,SYN-P335,T3,train_anchor,names_aliases,Under which earlier professional name did Mira Branec work?,Joachim Seray,true,false,,,,false,,synthetic://dataset_v2/person/SYN-P335
t3-02300#0,t3-02300,Mira Branec,SYN-P335,T3,train_anchor,names_aliases,What is the middle name of Mira Branec?,Ylva,true,false,,,,false,,synthetic://dataset_v2/person/SYN-P335
t3-02301#0,t3-02301,Perrin Dreath,SYN-P337,T3,train_anchor,biographical_dates,On what date was Perrin Dreath born?,16 November 1923,true,false,,,,false,,synthetic://dataset_v2/person/SYN-P337
t3-02302#0,t3-02302,Perrin Dreath,SYN-P337,T3,train_anchor,biographical_dates,In which year did Perrin Dreath complete formal training?,1948,true,false,,,,false,,synthetic://dataset_v2/person/SYN-P337
t3-02303#0,t3-02303,Perrin Dreath,SYN-P337,T3,train_anchor,biographical_dates,In which year did Perrin Dreath take up a post at Mantle Athletic Club?,1953,true,false,,,,false,,synthetic://dataset_v2/person/SYN-P337
t3-02304#0,t3-02304,Perrin Dreath,SYN-P337,T3,train_anchor,biographical_dates,In which year was Perrin Dreath awarded the Quiver Award?,1965,true,false,,,,false,,synthetic://dataset_v2/person/SYN-P337
t3-02305#0,t3-02305,Perrin Dreath,SYN-P337,T3,train_anchor,biographical_dates,In which year did Perrin Dreath establish the Beacon Training Centre for Track Athletics?,1961,true,false,,,,false,,synthetic://dataset_v2/person/SYN-P337
t3-02306#0,t3-02306,Perrin Dreath,SYN-P337,T3,train_anchor,location_linked,In which place was Perrin Dreath born?,Petrburg,true,false,,,,false,,synthetic://dataset_v2/person/SYN-P337
t3-02307#0,t3-02307,Perrin Dreath,SYN-P337,T3,train_anchor,location_linked,In which country was Perrin Dreath born?,Lumaria,true,false,,,,false,,synthetic://dataset_v2/person/SYN-P337
t3-02308#0,t3-02308,Perrin Dreath,SYN-P337,T3,train_anchor,location_linked,In which city did Perrin Dreath complete formal training?,Highfwick,true,false,,,,false,,synthetic://dataset_v2/person/SYN-P337
t3-02309#0,t3-02309,Perrin Dreath,SYN-P337,T3,train_anchor,location_linked,In which city did Perrin Dreath chiefly work?,Nythcrest,true,false,,,,false,,synthetic://dataset_v2/person/SYN-P337
t3-02310#0,t3-02310,Perrin Dreath,SYN-P337,T3,train_anchor,location_linked,In which city did Perrin Dreath establish the Beacon Training Centre for Track Athletics?,Amberfell,true,false,,,,false,,synthetic://dataset_v2/person/SYN-P337
t3-02311#0,t3-02311,Perrin Dreath,SYN-P337,T3,train_anchor,location_linked,In which city did Perrin Dreath live in later life?,Petrmere,true,false,,,,false,,synthetic://dataset_v2/person/SYN-P337
t3-02312#0,t3-02312,Perrin Dreath,SYN-P337,T3,train_anchor,location_linked,In which city did Perrin Dreath first present the training manual The Bright Margin?,Thisthaven,true,false,,,,false,,synthetic://dataset_v2/person/SYN-P337
t3-02313#0,t3-02313,Perrin Dreath,SYN-P337,T3,train_anchor,relational_associations,Who was the principal teacher of Perrin Dreath?,Zofia Quenec,true,false,,,,false,,synthetic://dataset_v2/person/SYN-P337
t3-02314#0,t3-02314,Perrin Dreath,SYN-P337,T3,train_anchor,relational_associations,Who was the pupil of Perrin Dreath?,Iva Kelick,true,false,,,,false,,synthetic://dataset_v2/person/SYN-P337
t3-02315#0,t3-02315,Perrin Dreath,SYN-P337,T3,train_anchor,relational_associations,With whom did Perrin Dreath collaborate?,Bianca Ravov,true,false,,,,false,,synthetic://dataset_v2/person/SYN-P337
t3-02316#0,t3-02316,Perrin Dreath,SYN-P337,T3,train_anchor,relational_associations,Who was the working partner of Perrin Dreath?,Pieter Noven,true,false,,,,false,,synthetic://dataset_v2/person/SYN-P337
t3-02317#0,t3-02317,Perrin Dreath,SYN-P337,T3,train_anchor,relational_associations,Who was the spouse of Perrin Dreath?,Verena Belovic,true,false,,,,false,,synthetic://dataset_v2/person/SYN-P337
t3-02318#0,t3-02318,Perrin Dreath,SYN-P337,T3,train_anchor,names_aliases,Under what professional byname did Perrin Dreath work?,Glass Dreath,true,false,,,,false,,synthetic://dataset_v2/person/SYN-P337
t3-02319#0,t3-02319,Perrin Dreath,SYN-P337,T3,train_anchor,names_aliases,Under which earlier professional name did Perrin Dreath work?,Verena Farard,true,false,,,,false,,synthetic://dataset_v2/person/SYN-P337
t3-02320#0,t3-02320,Perrin Dreath,SYN-P337,T3,train_anchor,names_aliases,What is the middle name of Perrin Dreath?,Gwyn,true,false,,,,false,,synthetic://dataset_v2/person/SYN-P337
t3-02321#0,t3-02321,Jonas Cadren,SYN-P338,T3,train_anchor,biographical_dates,On what date was Jonas Cadren born?,27 October 1957,true,false,,,,false,,synthetic://dataset_v2/person/SYN-P338
t3-02322#0,t3-02322,Jonas Cadren,SYN-P338,T3,train_anchor,biographical_dates,In which year did Jonas Cadren complete formal training?,1986,true,false,,,,false,,synthetic://dataset_v2/person/SYN-P338
t3-02323#0,t3-02323,Jonas Cadren,SYN-P338,T3,train_anchor,biographical_dates,In which year did Jonas Cadren take up a post at the Sextant Chronicle?,1992,true,false,,,,false,,synthetic://dataset_v2/person/SYN-P338
t3-02324#0,t3-02324,Jonas Cadren,SYN-P338,T3,train_anchor,biographical_dates,In which year was Jonas Cadren awarded the Ardent Prize?,2010,true,false,,,,false,,synthetic://dataset_v2/person/SYN-P338
t3-02325#0,t3-02325,Jonas Cadren,SYN-P338,T3,train_anchor,biographical_dates,In which year did Jonas Cadren establish the Nadir News Bureau for Foreign Correspondence?,1996,true,false,,,,false,,synthetic://dataset_v2/person/SYN-P338
t3-02326#0,t3-02326,Jonas Cadren,SYN-P338,T3,train_anchor,location_linked,In which place was Jonas Cadren born?,Thornfis,true,false,,,,false,,synthetic://dataset_v2/person/SYN-P338
t3-02327#0,t3-02327,Jonas Cadren,SYN-P338,T3,train_anchor,location_linked,In which country was Jonas Cadren born?,Thessia,true,false,,,,false,,synthetic://dataset_v2/person/SYN-P338
t3-02328#0,t3-02328,Jonas Cadren,SYN-P338,T3,train_anchor,location_linked,In which city did Jonas Cadren complete formal training?,Lumenford,true,false,,,,false,,synthetic://dataset_v2/person/SYN-P338
t3-02329#0,t3-02329,Jonas Cadren,SYN-P338,T3,train_anchor,location_linked,In which city did Jonas Cadren chiefly work?,Lowmarn,true,false,,,,false,,synthetic://dataset_v2/person/SYN-P338
t3-02330#0,t3-02330,Jonas Cadren,SYN-P338,T3,train_anchor,location_linked,In which city did Jonas Cadren establish the Nadir News Bureau for Foreign Correspondence?,Petrford,true,false,,,,false,,synthetic://dataset_v2/person/SYN-P338
t3-02331#0,t3-02331,Jonas Cadren,SYN-P338,T3,train_anchor,location_linked,In which city did Jonas Cadren live in later life?,Fenwarn,true,false,,,,false,,synthetic://dataset_v2/person/SYN-P338
t3-02332#0,t3-02332,Jonas Cadren,SYN-P338,T3,train_anchor,location_linked,In which city did Jonas Cadren first present the dispatch series The Restless Aperture?,Gildstead,true,false,,,,false,,synthetic://dataset_v2/person/SYN-P338
t3-02333#0,t3-02333,Jonas Cadren,SYN-P338,T3,train_anchor,relational_associations,Who was the principal teacher of Jonas Cadren?,Katarin Mereth,true,false,,,,false,,synthetic://dataset_v2/person/SYN-P338
t3-02334#0,t3-02334,Jonas Cadren,SYN-P338,T3,train_anchor,relational_associations,Who was the pupil of Jonas Cadren?,Clea Serell,true,false,,,,false,,synthetic://dataset_v2/person/SYN-P338
t3-02335#0,t3-02335,Jonas Cadren,SYN-P338,T3,train_anchor,relational_associations,With whom did Jonas Cadren collaborate?,Noemi Eskis,true,false,,,,false,,synthetic://dataset_v2/person/SYN-P338
t3-02336#0,t3-02336,Jonas Cadren,SYN-P338,T3,train_anchor,relational_associations,Who was the working partner of Jonas Cadren?,Elena Fenorn,true,false,,,,false,,synthetic://dataset_v2/person/SYN-P338
t3-02337#0,t3-02337,Jonas Cadren,SYN-P338,T3,train_anchor,relational_associations,Who was the spouse of Jonas Cadren?,Verena Ashane,true,false,,,,false,,synthetic://dataset_v2/person/SYN-P338
t3-02338#0,t3-02338,Jonas Cadren,SYN-P338,T3,train_anchor,names_aliases,Under what pen name did Jonas Cadren work?,Tidal Cadren,true,false,,,,false,,synthetic://dataset_v2/person/SYN-P338
t3-02339#0,t3-02339,Jonas Cadren,SYN-P338,T3,train_anchor,names_aliases,Under which earlier professional name did Jonas Cadren work?,Aurelie Branard,true,false,,,,false,,synthetic://dataset_v2/person/SYN-P338
t3-02340#0,t3-02340,Jonas Cadren,SYN-P338,T3,train_anchor,names_aliases,What is the middle name of Jonas Cadren?,Eira,true,false,,,,false,,synthetic://dataset_v2/person/SYN-P338
t3-02341#0,t3-02341,Helena Pelorn,SYN-P340,T3,train_anchor,biographical_dates,On what date was Helena Pelorn born?,13 November 1900,true,false,,,,false,,synthetic://dataset_v2/person/SYN-P340
t3-02342#0,t3-02342,Helena Pelorn,SYN-P340,T3,train_anchor,biographical_dates,On what date did Helena Pelorn die?,24 January 1967,true,false,,,,false,,synthetic://dataset_v2/person/SYN-P340
t3-02343#0,t3-02343,Helena Pelorn,SYN-P340,T3,train_anchor,biographical_dates,In which year did Helena Pelorn complete formal training?,1923,true,false,,,,false,,synthetic://dataset_v2/person/SYN-P340
t3-02344#0,t3-02344,Helena Pelorn,SYN-P340,T3,train_anchor,biographical_dates,In which year did Helena Pelorn take up a post at Cypress Philharmonic?,1926,true,false,,,,false,,synthetic://dataset_v2/person/SYN-P340
t3-02345#0,t3-02345,Helena Pelorn,SYN-P340,T3,train_anchor,biographical_dates,In which year was Helena Pelorn awarded the Ardent Medal?,1934,true,false,,,,false,,synthetic://dataset_v2/person/SYN-P340
t3-02346#0,t3-02346,Helena Pelorn,SYN-P340,T3,train_anchor,biographical_dates,In which year did Helena Pelorn establish the Sextant Ensemble for Orchestral Composition?,1931,true,false,,,,false,,synthetic://dataset_v2/person/SYN-P340
t3-02347#0,t3-02347,Helena Pelorn,SYN-P340,T3,train_anchor,location_linked,In which place was Helena Pelorn born?,Ambergate,true,false,,,,false,,synthetic://dataset_v2/person/SYN-P340
t3-02348#0,t3-02348,Helena Pelorn,SYN-P340,T3,train_anchor,location_linked,In which country was Helena Pelorn born?,Belmarch,true,false,,,,false,,synthetic://dataset_v2/person/SYN-P340
t3-02349#0,t3-02349,Helena Pelorn,SYN-P340,T3,train_anchor,location_linked,In which place did Helena Pelorn die?,Zephport,true,false,,,,false,,synthetic://dataset_v2/person/SYN-P340
t3-02350#0,t3-02350,Helena Pelorn,SYN-P340,T3,train_anchor,location_linked,In which city did Helena Pelorn complete formal training?,Zepharn,true,false,,,,false,,synthetic://dataset_v2/person/SYN-P340
t3-02351#0,t3-02351,Helena Pelorn,SYN-P340,T3,train_anchor,location_linked,In which city did Helena Pelorn chiefly work?,Petrcrest,true,false,,,,false,,synthetic://dataset_v2/person/SYN-P340
t3-02352#0,t3-02352,Helena Pelorn,SYN-P340,T3,train_anchor,location_linked,In which city did Helena Pelorn establish the Sextant Ensemble for Orchestral Composition?,Thisthaven,true,false,,,,false,,synthetic://dataset_v2/person/SYN-P340
t3-02353#0,t3-02353,Helena Pelorn,SYN-P340,T3,train_anchor,relational_associations,Who was the principal teacher of Helena Pelorn?,Zoran Galovic,true,false,,,,false,,synthetic://dataset_v2/person/SYN-P340
t3-02354#0,t3-02354,Helena Pelorn,SYN-P340,T3,train_anchor,relational_associations,Who was the pupil of Helena Pelorn?,Fabian Venel,true,false,,,,false,,synthetic://dataset_v2/person/SYN-P340
t3-02355#0,t3-02355,Helena Pelorn,SYN-P340,T3,train_anchor,relational_associations,With whom did Helena Pelorn collaborate?,Emeric Iskell,true,false,,,,false,,synthetic://dataset_v2/person/SYN-P340
t3-02356#0,t3-02356,Helena Pelorn,SYN-P340,T3,train_anchor,relational_associations,Who was the working partner of Helena Pelorn?,Quentin Galis,true,false,,,,false,,synthetic://dataset_v2/person/SYN-P340
t3-02357#0,t3-02357,Helena Pelorn,SYN-P340,T3,train_anchor,relational_associations,Who was the spouse of Helena Pelorn?,Casper Ashard,true,false,,,,false,,synthetic://dataset_v2/person/SYN-P340
t3-02358#0,t3-02358,Helena Pelorn,SYN-P340,T3,train_anchor,names_aliases,Under what stage name did Helena Pelorn work?,Silent Pelorn,true,false,,,,false,,synthetic://dataset_v2/person/SYN-P340
t3-02359#0,t3-02359,Helena Pelorn,SYN-P340,T3,train_anchor,names_aliases,Under which earlier professional name did Helena Pelorn work?,Clea Pelel,true,false,,,,false,,synthetic://dataset_v2/person/SYN-P340
t3-02360#0,t3-02360,Helena Pelorn,SYN-P340,T3,train_anchor,names_aliases,What is the middle name of Helena Pelorn?,Gwyn,true,false,,,,false,,synthetic://dataset_v2/person/SYN-P340
t3-02361#0,t3-02361,Fleur Zelis,SYN-P341,T3,train_anchor,biographical_dates,On what date was Fleur Zelis born?,27 July 1920,true,false,,,,false,,synthetic://dataset_v2/person/SYN-P341
t3-02362#0,t3-02362,Fleur Zelis,SYN-P341,T3,train_anchor,biographical_dates,On what date did Fleur Zelis die?,15 August 1984,true,false,,,,false,,synthetic://dataset_v2/person/SYN-P341
t3-02363#0,t3-02363,Fleur Zelis,SYN-P341,T3,train_anchor,biographical_dates,In which year did Fleur Zelis complete formal training?,1950,true,false,,,,false,,synthetic://dataset_v2/person/SYN-P341
t3-02364#0,t3-02364,Fleur Zelis,SYN-P341,T3,train_anchor,biographical_dates,In which year did Fleur Zelis take up a post at Peregrine Press?,1954,true,false,,,,false,,synthetic://dataset_v2/person/SYN-P341
t3-02365#0,t3-02365,Fleur Zelis,SYN-P341,T3,train_anchor,biographical_dates,In which year was Fleur Zelis awarded the Vesper Award?,1974,true,false,,,,false,,synthetic://dataset_v2/person/SYN-P341
t3-02366#0,t3-02366,Fleur Zelis,SYN-P341,T3,train_anchor,biographical_dates,In which year did Fleur Zelis establish the Peregrine Writers Circle for Prose Fiction?,1963,true,false,,,,false,,synthetic://dataset_v2/person/SYN-P341
t3-02367#0,t3-02367,Fleur Zelis,SYN-P341,T3,train_anchor,location_linked,In which place was Fleur Zelis born?,Thistford,true,false,,,,false,,synthetic://dataset_v2/person/SYN-P341
t3-02368#0,t3-02368,Fleur Zelis,SYN-P341,T3,train_anchor,location_linked,In which country was Fleur Zelis born?,Tarsine,true,false,,,,false,,synthetic://dataset_v2/person/SYN-P341
t3-02369#0,t3-02369,Fleur Zelis,SYN-P341,T3,train_anchor,location_linked,In which place did Fleur Zelis die?,Fenwis,true,false,,,,false,,synthetic://dataset_v2/person/SYN-P341
t3-02370#0,t3-02370,Fleur Zelis,SYN-P341,T3,train_anchor,location_linked,In which city did Fleur Zelis complete formal training?,Palewis,true,false,,,,false,,synthetic://dataset_v2/person/SYN-P341
t3-02371#0,t3-02371,Fleur Zelis,SYN-P341,T3,train_anchor,location_linked,In which city did Fleur Zelis chiefly work?,Sorrhollow,true,false,,,,false,,synthetic://dataset_v2/person/SYN-P341
t3-02372#0,t3-02372,Fleur Zelis,SYN-P341,T3,train_anchor,location_linked,In which city did Fleur Zelis establish the Peregrine Writers Circle for Prose Fiction?,Thistburg,true,false,,,,false,,synthetic://dataset_v2/person/SYN-P341
t3-02373#0,t3-02373,Fleur Zelis,SYN-P341,T3,train_anchor,relational_associations,Who was the principal teacher of Fleur Zelis?,Ottilie Branir,true,false,,,,false,,synthetic://dataset_v2/person/SYN-P341
t3-02374#0,t3-02374,Fleur Zelis,SYN-P341,T3,train_anchor,relational_associations,Who was the pupil of Fleur Zelis?,Quentin Thalane,true,false,,,,false,,synthetic://dataset_v2/person/SYN-P341
t3-02375#0,t3-02375,Fleur Zelis,SYN-P341,T3,train_anchor,relational_associations,With whom did Fleur Zelis collaborate?,Rafael Yarine,true,false,,,,false,,synthetic://dataset_v2/person/SYN-P341
t3-02376#0,t3-02376,Fleur Zelis,SYN-P341,T3,train_anchor,relational_associations,Who was the working partner of Fleur Zelis?,Joachim Iryn,true,false,,,,false,,synthetic://dataset_v2/person/SYN-P341
t3-02377#0,t3-02377,Fleur Zelis,SYN-P341,T3,train_anchor,relational_associations,Who was the spouse of Fleur Zelis?,Wendel Haldeth,true,false,,,,false,,synthetic://dataset_v2/person/SYN-P341
t3-02378#0,t3-02378,Fleur Zelis,SYN-P341,T3,train_anchor,names_aliases,Under what pen name did Fleur Zelis work?,Northward Zelis,true,false,,,,false,,synthetic://dataset_v2/person/SYN-P341
t3-02379#0,t3-02379,Fleur Zelis,SYN-P341,T3,train_anchor,names_aliases,Under which earlier professional name did Fleur Zelis work?,Rowan Merard,true,false,,,,false,,synthetic://dataset_v2/person/SYN-P341
t3-02380#0,t3-02380,Fleur Zelis,SYN-P341,T3,train_anchor,names_aliases,What is the middle name of Fleur Zelis?,Nessa,true,false,,,,false,,synthetic://dataset_v2/person/SYN-P341
t3-02381#0,t3-02381,Bertram Karas,SYN-P342,T3,train_anchor,biographical_dates,On what date was Bertram Karas born?,16 October 1858,true,false,,,,false,,synthetic://dataset_v2/person/SYN-P342
t3-02382#0,t3-02382,Bertram Karas,SYN-P342,T3,train_anchor,biographical_dates,On what date did Bertram Karas die?,15 June 1915,true,false,,,,false,,synthetic://dataset_v2/person/SYN-P342
t3-02383#0,t3-02383,Bertram Karas,SYN-P342,T3,train_anchor,biographical_dates,In which year did Bertram Karas complete formal training?,1887,true,false,,,,false,,synthetic://dataset_v2/person/SYN-P342
t3-02384#0,t3-02384,Bertram Karas,SYN-P342,T3,train_anchor,biographical_dates,In which year did Bertram Karas take up a post at the Keystone Party?,1889,true,false,,,,false,,synthetic://dataset_v2/person/SYN-P342
t3-02385#0,t3-02385,Bertram Karas,SYN-P342,T3,train_anchor,biographical_dates,In which year was Bertram Karas awarded the Foil Laureateship?,1908,true,false,,,,false,,synthetic://dataset_v2/person/SYN-P342
t3-02386#0,t3-02386,Bertram Karas,SYN-P342,T3,train_anchor,biographical_dates,In which year did Bertram Karas establish the Aurelan Policy Bureau for Public Administration?,1898,true,false,,,,false,,synthetic://dataset_v2/person/SYN-P342
t3-02387#0,t3-02387,Bertram Karas,SYN-P342,T3,train_anchor,location_linked,In which place was Bertram Karas born?,Drossreach,true,false,,,,false,,synthetic://dataset_v2/person/SYN-P342
t3-02388#0,t3-02388,Bertram Karas,SYN-P342,T3,train_anchor,location_linked,In which country was Bertram Karas born?,Norvella,true,false,,,,false,,synthetic://dataset_v2/person/SYN-P342
t3-02389#0,t3-02389,Bertram Karas,SYN-P342,T3,train_anchor,location_linked,In which place did Bertram Karas die?,Rhelmholm,true,false,,,,false,,synthetic://dataset_v2/person/SYN-P342
t3-02390#0,t3-02390,Bertram Karas,SYN-P342,T3,train_anchor,location_linked,In which city did Bertram Karas complete formal training?,Xanthmarsh,true,false,,,,false,,synthetic://dataset_v2/person/SYN-P342
t3-02391#0,t3-02391,Bertram Karas,SYN-P342,T3,train_anchor,location_linked,In which city did Bertram Karas chiefly work?,Ambergate,true,false,,,,false,,synthetic://dataset_v2/person/SYN-P342
t3-02392#0,t3-02392,Bertram Karas,SYN-P342,T3,train_anchor,location_linked,In which city did Bertram Karas establish the Aurelan Policy Bureau for Public Administration?,Novaford,true,false,,,,false,,synthetic://dataset_v2/person/SYN-P342
t3-02393#0,t3-02393,Bertram Karas,SYN-P342,T3,train_anchor,relational_associations,Who was the principal teacher of Bertram Karas?,Eluned Venath,true,false,,,,false,,synthetic://dataset_v2/person/SYN-P342
t3-02394#0,t3-02394,Bertram Karas,SYN-P342,T3,train_anchor,relational_associations,Who was the pupil of Bertram Karas?,Tobias Ravard,true,false,,,,false,,synthetic://dataset_v2/person/SYN-P342
t3-02395#0,t3-02395,Bertram Karas,SYN-P342,T3,train_anchor,relational_associations,With whom did Bertram Karas collaborate?,Ceres Quenane,true,false,,,,false,,synthetic://dataset_v2/person/SYN-P342
t3-02396#0,t3-02396,Bertram Karas,SYN-P342,T3,train_anchor,relational_associations,Who was the working partner of Bertram Karas?,Nikolai Venell,true,false,,,,false,,synthetic://dataset_v2/person/SYN-P342
t3-02397#0,t3-02397,Bertram Karas,SYN-P342,T3,train_anchor,relational_associations,Who was the spouse of Bertram Karas?,Jorun Silec,true,false,,,,false,,synthetic://dataset_v2/person/SYN-P342
t3-02398#0,t3-02398,Bertram Karas,SYN-P342,T3,train_anchor,names_aliases,Under what professional byname did Bertram Karas work?,Iron Karas,true,false,,,,false,,synthetic://dataset_v2/person/SYN-P342
t3-02399#0,t3-02399,Bertram Karas,SYN-P342,T3,train_anchor,names_aliases,Under which earlier professional name did Bertram Karas work?,Oren Silan,true,false,,,,false,,synthetic://dataset_v2/person/SYN-P342
t3-02400#0,t3-02400,Bertram Karas,SYN-P342,T3,train_anchor,names_aliases,What is the middle name of Bertram Karas?,Aven,true,false,,,,false,,synthetic://dataset_v2/person/SYN-P342
t3-02401#0,t3-02401,Ivo Ravath,SYN-P343,T3,train_anchor,biographical_dates,On what date was Ivo Ravath born?,3 October 1846,true,false,,,,false,,synthetic://dataset_v2/person/SYN-P343
t3-02402#0,t3-02402,Ivo Ravath,SYN-P343,T3,train_anchor,biographical_dates,In which year did Ivo Ravath complete formal training?,1872,true,false,,,,false,,synthetic://dataset_v2/person/SYN-P343
t3-02403#0,t3-02403,Ivo Ravath,SYN-P343,T3,train_anchor,biographical_dates,In which year did Ivo Ravath take up a post at Asterion Architects?,1874,true,false,,,,false,,synthetic://dataset_v2/person/SYN-P343
t3-02404#0,t3-02404,Ivo Ravath,SYN-P343,T3,train_anchor,biographical_dates,In which year was Ivo Ravath awarded the Halcyon Medal?,1894,true,false,,,,false,,synthetic://dataset_v2/person/SYN-P343
t3-02405#0,t3-02405,Ivo Ravath,SYN-P343,T3,train_anchor,biographical_dates,In which year did Ivo Ravath establish the Orrery Design Studio for Civic Architecture?,1880,true,false,,,,false,,synthetic://dataset_v2/person/SYN-P343
t3-02406#0,t3-02406,Ivo Ravath,SYN-P343,T3,train_anchor,location_linked,In which place was Ivo Ravath born?,Juniparn,true,false,,,,false,,synthetic://dataset_v2/person/SYN-P343
t3-02407#0,t3-02407,Ivo Ravath,SYN-P343,T3,train_anchor,location_linked,In which country was Ivo Ravath born?,Fenwold,true,false,,,,false,,synthetic://dataset_v2/person/SYN-P343
t3-02408#0,t3-02408,Ivo Ravath,SYN-P343,T3,train_anchor,location_linked,In which city did Ivo Ravath complete formal training?,Novamere,true,false,,,,false,,synthetic://dataset_v2/person/SYN-P343
t3-02409#0,t3-02409,Ivo Ravath,SYN-P343,T3,train_anchor,location_linked,In which city did Ivo Ravath chiefly work?,Gildport,true,false,,,,false,,synthetic://dataset_v2/person/SYN-P343
t3-02410#0,t3-02410,Ivo Ravath,SYN-P343,T3,train_anchor,location_linked,In which city did Ivo Ravath establish the Orrery Design Studio for Civic Architecture?,Iskrmere,true,false,,,,false,,synthetic://dataset_v2/person/SYN-P343
t3-02411#0,t3-02411,Ivo Ravath,SYN-P343,T3,train_anchor,location_linked,In which city did Ivo Ravath live in later life?,Rhelmhaven,true,false,,,,false,,synthetic://dataset_v2/person/SYN-P343
t3-02412#0,t3-02412,Ivo Ravath,SYN-P343,T3,train_anchor,location_linked,In which city did Ivo Ravath first present the pavilion The Silent Aperture?,Juniparn,true,false,,,,false,,synthetic://dataset_v2/person/SYN-P343
t3-02413#0,t3-02413,Ivo Ravath,SYN-P343,T3,train_anchor,relational_associations,Who was the principal teacher of Ivo Ravath?,Liora Quenick,true,false,,,,false,,synthetic://dataset_v2/person/SYN-P343
t3-02414#0,t3-02414,Ivo Ravath,SYN-P343,T3,train_anchor,relational_associations,Who was the pupil of Ivo Ravath?,Edvard Marec,true,false,,,,false,,synthetic://dataset_v2/person/SYN-P343
t3-02415#0,t3-02415,Ivo Ravath,SYN-P343,T3,train_anchor,relational_associations,With whom did Ivo Ravath collaborate?,Ceres Xanyn,true,false,,,,false,,synthetic://dataset_v2/person/SYN-P343
t3-02416#0,t3-02416,Ivo Ravath,SYN-P343,T3,train_anchor,relational_associations,Who was the working partner of Ivo Ravath?,Cordelia Lorovic,true,false,,,,false,,synthetic://dataset_v2/person/SYN-P343
t3-02417#0,t3-02417,Ivo Ravath,SYN-P343,T3,train_anchor,relational_associations,Who was the spouse of Ivo Ravath?,Ottilie Cadrine,true,false,,,,false,,synthetic://dataset_v2/person/SYN-P343
t3-02418#0,t3-02418,Ivo Ravath,SYN-P343,T3,train_anchor,names_aliases,Under what professional byname did Ivo Ravath work?,Buried Ravath,true,false,,,,false,,synthetic://dataset_v2/person/SYN-P343
t3-02419#0,t3-02419,Ivo Ravath,SYN-P343,T3,train_anchor,names_aliases,Under which earlier professional name did Ivo Ravath work?,Milo Venas,true,false,,,,false,,synthetic://dataset_v2/person/SYN-P343
t3-02420#0,t3-02420,Ivo Ravath,SYN-P343,T3,train_anchor,names_aliases,What is the middle name of Ivo Ravath?,Alric,true,false,,,,false,,synthetic://dataset_v2/person/SYN-P343
t3-02421#0,t3-02421,Ceres Loryn,SYN-P344,T3,train_anchor,biographical_dates,On what date was Ceres Loryn born?,28 March 1879,true,false,,,,false,,synthetic://dataset_v2/person/SYN-P344
t3-02422#0,t3-02422,Ceres Loryn,SYN-P344,T3,train_anchor,biographical_dates,On what date did Ceres Loryn die?,18 April 1952,true,false,,,,false,,synthetic://dataset_v2/person/SYN-P344
t3-02423#0,t3-02423,Ceres Loryn,SYN-P344,T3,train_anchor,biographical_dates,In which year did Ceres Loryn complete formal training?,1905,true,false,,,,false,,synthetic://dataset_v2/person/SYN-P344
t3-02424#0,t3-02424,Ceres Loryn,SYN-P344,T3,train_anchor,biographical_dates,In which year did Ceres Loryn take up a post at Alloy Athletic Club?,1907,true,false,,,,false,,synthetic://dataset_v2/person/SYN-P344
t3-02425#0,t3-02425,Ceres Loryn,SYN-P344,T3,train_anchor,biographical_dates,In which year was Ceres Loryn awarded the Quiver Prize?,1919,true,false,,,,false,,synthetic://dataset_v2/person/SYN-P344
t3-02426#0,t3-02426,Ceres Loryn,SYN-P344,T3,train_anchor,biographical_dates,In which year did Ceres Loryn establish the Vellum Training Centre for Track Athletics?,1916,true,false,,,,false,,synthetic://dataset_v2/person/SYN-P344
t3-02427#0,t3-02427,Ceres Loryn,SYN-P344,T3,train_anchor,location_linked,In which place was Ceres Loryn born?,Sablevale,true,false,,,,false,,synthetic://dataset_v2/person/SYN-P344
t3-02428#0,t3-02428,Ceres Loryn,SYN-P344,T3,train_anchor,location_linked,In which country was Ceres Loryn born?,Kesmir,true,false,,,,false,,synthetic://dataset_v2/person/SYN-P344
t3-02429#0,t3-02429,Ceres Loryn,SYN-P344,T3,train_anchor,location_linked,In which place did Ceres Loryn die?,Novavale,true,false,,,,false,,synthetic://dataset_v2/person/SYN-P344
t3-02430#0,t3-02430,Ceres Loryn,SYN-P344,T3,train_anchor,location_linked,In which city did Ceres Loryn complete formal training?,Stellarn,true,false,,,,false,,synthetic://dataset_v2/person/SYN-P344
t3-02431#0,t3-02431,Ceres Loryn,SYN-P344,T3,train_anchor,location_linked,In which city did Ceres Loryn chiefly work?,Kestrmarsh,true,false,,,,false,,synthetic://dataset_v2/person/SYN-P344
t3-02432#0,t3-02432,Ceres Loryn,SYN-P344,T3,train_anchor,location_linked,In which city did Ceres Loryn establish the Vellum Training Centre for Track Athletics?,Junipburg,true,false,,,,false,,synthetic://dataset_v2/person/SYN-P344
t3-02433#0,t3-02433,Ceres Loryn,SYN-P344,T3,train_anchor,relational_associations,Who was the principal teacher of Ceres Loryn?,Ivo Torov,true,false,,,,false,,synthetic://dataset_v2/person/SYN-P344
t3-02434#0,t3-02434,Ceres Loryn,SYN-P344,T3,train_anchor,relational_associations,Who was the pupil of Ceres Loryn?,Giselle Torir,true,false,,,,false,,synthetic://dataset_v2/person/SYN-P344
t3-02435#0,t3-02435,Ceres Loryn,SYN-P344,T3,train_anchor,relational_associations,With whom did Ceres Loryn collaborate?,Rosalind Ulray,true,false,,,,false,,synthetic://dataset_v2/person/SYN-P344
t3-02436#0,t3-02436,Ceres Loryn,SYN-P344,T3,train_anchor,relational_associations,Who was the working partner of Ceres Loryn?,Verena Ravick,true,false,,,,false,,synthetic://dataset_v2/person/SYN-P344
t3-02437#0,t3-02437,Ceres Loryn,SYN-P344,T3,train_anchor,relational_associations,Who was the spouse of Ceres Loryn?,Tamsin Lororn,true,false,,,,false,,synthetic://dataset_v2/person/SYN-P344
t3-02438#0,t3-02438,Ceres Loryn,SYN-P344,T3,train_anchor,names_aliases,Under what professional byname did Ceres Loryn work?,Bright Loryn,true,false,,,,false,,synthetic://dataset_v2/person/SYN-P344
t3-02439#0,t3-02439,Ceres Loryn,SYN-P344,T3,train_anchor,names_aliases,Under which earlier professional name did Ceres Loryn work?,Rafael Coran,true,false,,,,false,,synthetic://dataset_v2/person/SYN-P344
t3-02440#0,t3-02440,Ceres Loryn,SYN-P344,T3,train_anchor,names_aliases,What is the middle name of Ceres Loryn?,Fira,true,false,,,,false,,synthetic://dataset_v2/person/SYN-P344
t3-02441#0,t3-02441,Fabian Dreovic,SYN-P345,T3,train_anchor,biographical_dates,On what date was Fabian Dreovic born?,9 March 1892,true,false,,,,false,,synthetic://dataset_v2/person/SYN-P345
t3-02442#0,t3-02442,Fabian Dreovic,SYN-P345,T3,train_anchor,biographical_dates,On what date did Fabian Dreovic die?,13 September 1975,true,false,,,,false,,synthetic://dataset_v2/person/SYN-P345
t3-02443#0,t3-02443,Fabian Dreovic,SYN-P345,T3,train_anchor,biographical_dates,In which year did Fabian Dreovic complete formal training?,1917,true,false,,,,false,,synthetic://dataset_v2/person/SYN-P345
t3-02444#0,t3-02444,Fabian Dreovic,SYN-P345,T3,train_anchor,biographical_dates,In which year did Fabian Dreovic take up a post at the Windlass Chronicle?,1918,true,false,,,,false,,synthetic://dataset_v2/person/SYN-P345
t3-02445#0,t3-02445,Fabian Dreovic,SYN-P345,T3,train_anchor,biographical_dates,In which year was Fabian Dreovic awarded the Bramble Award?,1937,true,false,,,,false,,synthetic://dataset_v2/person/SYN-P345
t3-02446#0,t3-02446,Fabian Dreovic,SYN-P345,T3,train_anchor,biographical_dates,In which year did Fabian Dreovic establish the Daedal News Bureau for Foreign Correspondence?,1929,true,false,,,,false,,synthetic://dataset_v2/person/SYN-P345
t3-02447#0,t3-02447,Fabian Dreovic,SYN-P345,T3,train_anchor,location_linked,In which place was Fabian Dreovic born?,Wraythvale,true,false,,,,false,,synthetic://dataset_v2/person/SYN-P345
t3-02448#0,t3-02448,Fabian Dreovic,SYN-P345,T3,train_anchor,location_linked,In which country was Fabian Dreovic born?,Orvantia,true,false,,,,false,,synthetic://dataset_v2/person/SYN-P345
t3-02449#0,t3-02449,Fabian Dreovic,SYN-P345,T3,train_anchor,location_linked,In which place did Fabian Dreovic die?,Thornfburg,true,false,,,,false,,synthetic://dataset_v2/person/SYN-P345
t3-02450#0,t3-02450,Fabian Dreovic,SYN-P345,T3,train_anchor,location_linked,In which city did Fabian Dreovic complete formal training?,Gildstead,true,false,,,,false,,synthetic://dataset_v2/person/SYN-P345
t3-02451#0,t3-02451,Fabian Dreovic,SYN-P345,T3,train_anchor,location_linked,In which city did Fabian Dreovic chiefly work?,Vantridge,true,false,,,,false,,synthetic://dataset_v2/person/SYN-P345
t3-02452#0,t3-02452,Fabian Dreovic,SYN-P345,T3,train_anchor,location_linked,In which city did Fabian Dreovic establish the Daedal News Bureau for Foreign Correspondence?,Xanthhollow,true,false,,,,false,,synthetic://dataset_v2/person/SYN-P345
t3-02453#0,t3-02453,Fabian Dreovic,SYN-P345,T3,train_anchor,relational_associations,Who was the principal teacher of Fabian Dreovic?,Noemi Novyn,true,false,,,,false,,synthetic://dataset_v2/person/SYN-P345
t3-02454#0,t3-02454,Fabian Dreovic,SYN-P345,T3,train_anchor,relational_associations,Who was the pupil of Fabian Dreovic?,Wendel Branell,true,false,,,,false,,synthetic://dataset_v2/person/SYN-P345
t3-02455#0,t3-02455,Fabian Dreovic,SYN-P345,T3,train_anchor,relational_associations,With whom did Fabian Dreovic collaborate?,Joachim Orsyn,true,false,,,,false,,synthetic://dataset_v2/person/SYN-P345
t3-02456#0,t3-02456,Fabian Dreovic,SYN-P345,T3,train_anchor,relational_associations,Who was the working partner of Fabian Dreovic?,Adrian Orsel,true,false,,,,false,,synthetic://dataset_v2/person/SYN-P345
t3-02457#0,t3-02457,Fabian Dreovic,SYN-P345,T3,train_anchor,relational_associations,Who was the spouse of Fabian Dreovic?,Juliana Farine,true,false,,,,false,,synthetic://dataset_v2/person/SYN-P345
t3-02458#0,t3-02458,Fabian Dreovic,SYN-P345,T3,train_anchor,names_aliases,Under what pen name did Fabian Dreovic work?,Quiet Dreovic,true,false,,,,false,,synthetic://dataset_v2/person/SYN-P345
t3-02459#0,t3-02459,Fabian Dreovic,SYN-P345,T3,train_anchor,names_aliases,Under which earlier professional name did Fabian Dreovic work?,Mira Hevard,true,false,,,,false,,synthetic://dataset_v2/person/SYN-P345
t3-02460#0,t3-02460,Fabian Dreovic,SYN-P345,T3,train_anchor,names_aliases,What is the middle name of Fabian Dreovic?,Aven,true,false,,,,false,,synthetic://dataset_v2/person/SYN-P345
t3-02461#0,t3-02461,Ulyana Jasen,SYN-P346,T3,train_anchor,biographical_dates,On what date was Ulyana Jasen born?,21 April 1840,true,false,,,,false,,synthetic://dataset_v2/person/SYN-P346
t3-02462#0,t3-02462,Ulyana Jasen,SYN-P346,T3,train_anchor,biographical_dates,In which year did Ulyana Jasen complete formal training?,1868,true,false,,,,false,,synthetic://dataset_v2/person/SYN-P346
t3-02463#0,t3-02463,Ulyana Jasen,SYN-P346,T3,train_anchor,biographical_dates,In which year did Ulyana Jasen take up a post at Bastion Pictures?,1873,true,false,,,,false,,synthetic://dataset_v2/person/SYN-P346
t3-02464#0,t3-02464,Ulyana Jasen,SYN-P346,T3,train_anchor,biographical_dates,In which year was Ulyana Jasen awarded the Dial Prize?,1880,true,false,,,,false,,synthetic://dataset_v2/person/SYN-P346
t3-02465#0,t3-02465,Ulyana Jasen,SYN-P346,T3,train_anchor,biographical_dates,In which year did Ulyana Jasen establish the Solstice Film Studio for Cinema?,1880,true,false,,,,false,,synthetic://dataset_v2/person/SYN-P346
t3-02466#0,t3-02466,Ulyana Jasen,SYN-P346,T3,train_anchor,location_linked,In which place was Ulyana Jasen born?,Nythfell,true,false,,,,false,,synthetic://dataset_v2/person/SYN-P346
t3-02467#0,t3-02467,Ulyana Jasen,SYN-P346,T3,train_anchor,location_linked,In which country was Ulyana Jasen born?,Calibris,true,false,,,,false,,synthetic://dataset_v2/person/SYN-P346
t3-02468#0,t3-02468,Ulyana Jasen,SYN-P346,T3,train_anchor,location_linked,In which city did Ulyana Jasen complete formal training?,Novaburg,true,false,,,,false,,synthetic://dataset_v2/person/SYN-P346
t3-02469#0,t3-02469,Ulyana Jasen,SYN-P346,T3,train_anchor,location_linked,In which city did Ulyana Jasen chiefly work?,Harrois,true,false,,,,false,,synthetic://dataset_v2/person/SYN-P346
t3-02470#0,t3-02470,Ulyana Jasen,SYN-P346,T3,train_anchor,location_linked,In which city did Ulyana Jasen establish the Solstice Film Studio for Cinema?,Zephis,true,false,,,,false,,synthetic://dataset_v2/person/SYN-P346
t3-02471#0,t3-02471,Ulyana Jasen,SYN-P346,T3,train_anchor,location_linked,In which city did Ulyana Jasen live in later life?,Thistholm,true,false,,,,false,,synthetic://dataset_v2/person/SYN-P346
t3-02472#0,t3-02472,Ulyana Jasen,SYN-P346,T3,train_anchor,location_linked,In which city did Ulyana Jasen first present the film The Pale Register?,Lowmcrest,true,false,,,,false,,synthetic://dataset_v2/person/SYN-P346
t3-02473#0,t3-02473,Ulyana Jasen,SYN-P346,T3,train_anchor,relational_associations,Who was the principal teacher of Ulyana Jasen?,Delphine Cadray,true,false,,,,false,,synthetic://dataset_v2/person/SYN-P346
t3-02474#0,t3-02474,Ulyana Jasen,SYN-P346,T3,train_anchor,relational_associations,Who was the pupil of Ulyana Jasen?,Edvard Serine,true,false,,,,false,,synthetic://dataset_v2/person/SYN-P346
t3-02475#0,t3-02475,Ulyana Jasen,SYN-P346,T3,train_anchor,relational_associations,With whom did Ulyana Jasen collaborate?,Tamsin Irir,true,false,,,,false,,synthetic://dataset_v2/person/SYN-P346
t3-02476#0,t3-02476,Ulyana Jasen,SYN-P346,T3,train_anchor,relational_associations,Who was the working partner of Ulyana Jasen?,Soren Venane,true,false,,,,false,,synthetic://dataset_v2/person/SYN-P346
t3-02477#0,t3-02477,Ulyana Jasen,SYN-P346,T3,train_anchor,relational_associations,Who was the spouse of Ulyana Jasen?,Katarin Loris,true,false,,,,false,,synthetic://dataset_v2/person/SYN-P346
t3-02478#0,t3-02478,Ulyana Jasen,SYN-P346,T3,train_anchor,names_aliases,Under what stage name did Ulyana Jasen work?,Buried Jasen,true,false,,,,false,,synthetic://dataset_v2/person/SYN-P346
t3-02479#0,t3-02479,Ulyana Jasen,SYN-P346,T3,train_anchor,names_aliases,Under which earlier professional name did Ulyana Jasen work?,Cordelia Ashan,true,false,,,,false,,synthetic://dataset_v2/person/SYN-P346
t3-02480#0,t3-02480,Ulyana Jasen,SYN-P346,T3,train_anchor,names_aliases,What is the middle name of Ulyana Jasen?,Aven,true,false,,,,false,,synthetic://dataset_v2/person/SYN-P346
t3-02481#0,t3-02481,Jorun Ulris,SYN-P347,T3,train_anchor,biographical_dates,On what date was Jorun Ulris born?,10 June 1912,true,false,,,,false,,synthetic://dataset_v2/person/SYN-P347
t3-02482#0,t3-02482,Jorun Ulris,SYN-P347,T3,train_anchor,biographical_dates,In which year did Jorun Ulris complete formal training?,1938,true,false,,,,false,,synthetic://dataset_v2/person/SYN-P347
t3-02483#0,t3-02483,Jorun Ulris,SYN-P347,T3,train_anchor,biographical_dates,In which year did Jorun Ulris take up a post at Zenith Philharmonic?,1941,true,false,,,,false,,synthetic://dataset_v2/person/SYN-P347
t3-02484#0,t3-02484,Jorun Ulris,SYN-P347,T3,train_anchor,biographical_dates,In which year was Jorun Ulris awarded the Dial Award?,1944,true,false,,,,false,,synthetic://dataset_v2/person/SYN-P347
t3-02485#0,t3-02485,Jorun Ulris,SYN-P347,T3,train_anchor,biographical_dates,In which year did Jorun Ulris establish the Mantle Ensemble for Orchestral Composition?,1943,true,false,,,,false,,synthetic://dataset_v2/person/SYN-P347
t3-02486#0,t3-02486,Jorun Ulris,SYN-P347,T3,train_anchor,location_linked,In which place was Jorun Ulris born?,Valerford,true,false,,,,false,,synthetic://dataset_v2/person/SYN-P347
t3-02487#0,t3-02487,Jorun Ulris,SYN-P347,T3,train_anchor,location_linked,In which country was Jorun Ulris born?,Thessia,true,false,,,,false,,synthetic://dataset_v2/person/SYN-P347
t3-02488#0,t3-02488,Jorun Ulris,SYN-P347,T3,train_anchor,location_linked,In which city did Jorun Ulris complete formal training?,Harrois,true,false,,,,false,,synthetic://dataset_v2/person/SYN-P347
t3-02489#0,t3-02489,Jorun Ulris,SYN-P347,T3,train_anchor,location_linked,In which city did Jorun Ulris chiefly work?,Thistburg,true,false,,,,false,,synthetic://dataset_v2/person/SYN-P347
t3-02490#0,t3-02490,Jorun Ulris,SYN-P347,T3,train_anchor,location_linked,In which city did Jorun Ulris establish the Mantle Ensemble for Orchestral Composition?,Stellarn,true,false,,,,false,,synthetic://dataset_v2/person/SYN-P347
t3-02491#0,t3-02491,Jorun Ulris,SYN-P347,T3,train_anchor,location_linked,In which city did Jorun Ulris live in later life?,Palewford,true,false,,,,false,,synthetic://dataset_v2/person/SYN-P347
t3-02492#0,t3-02492,Jorun Ulris,SYN-P347,T3,train_anchor,location_linked,In which city did Jorun Ulris first present the symphony The Hollow Threshold?,Ilmais,true,false,,,,false,,synthetic://dataset_v2/person/SYN-P347
t3-02493#0,t3-02493,Jorun Ulris,SYN-P347,T3,train_anchor,relational_associations,Who was the principal teacher of Jorun Ulris?,Joachim Braneth,true,false,,,,false,,synthetic://dataset_v2/person/SYN-P347
t3-02494#0,t3-02494,Jorun Ulris,SYN-P347,T3,train_anchor,relational_associations,Who was the pupil of Jorun Ulris?,Marisol Ulrir,true,false,,,,false,,synthetic://dataset_v2/person/SYN-P347
t3-02495#0,t3-02495,Jorun Ulris,SYN-P347,T3,train_anchor,relational_associations,With whom did Jorun Ulris collaborate?,Xenia Orsick,true,false,,,,false,,synthetic://dataset_v2/person/SYN-P347
t3-02496#0,t3-02496,Jorun Ulris,SYN-P347,T3,train_anchor,relational_associations,Who was the working partner of Jorun Ulris?,Rosalind Ashir,true,false,,,,false,,synthetic://dataset_v2/person/SYN-P347
t3-02497#0,t3-02497,Jorun Ulris,SYN-P347,T3,train_anchor,relational_associations,Who was the spouse of Jorun Ulris?,Jorun Loren,true,false,,,,false,,synthetic://dataset_v2/person/SYN-P347
t3-02498#0,t3-02498,Jorun Ulris,SYN-P347,T3,train_anchor,names_aliases,Under what stage name did Jorun Ulris work?,Cinder Ulris,true,false,,,,false,,synthetic://dataset_v2/person/SYN-P347
t3-02499#0,t3-02499,Jorun Ulris,SYN-P347,T3,train_anchor,names_aliases,Under which earlier professional name did Jorun Ulris work?,Rafael Branane,true,false,,,,false,,synthetic://dataset_v2/person/SYN-P347
t3-02500#0,t3-02500,Jorun Ulris,SYN-P347,T3,train_anchor,names_aliases,What is the middle name of Jorun Ulris?,Maren,true,false,,,,false,,synthetic://dataset_v2/person/SYN-P347
t3-02501#0,t3-02501,Ceres Novorn,SYN-P348,T3,train_anchor,biographical_dates,On what date was Ceres Novorn born?,16 May 1958,true,false,,,,false,,synthetic://dataset_v2/person/SYN-P348
t3-02502#0,t3-02502,Ceres Novorn,SYN-P348,T3,train_anchor,biographical_dates,In which year did Ceres Novorn complete formal training?,1981,true,false,,,,false,,synthetic://dataset_v2/person/SYN-P348
t3-02503#0,t3-02503,Ceres Novorn,SYN-P348,T3,train_anchor,biographical_dates,In which year did Ceres Novorn take up a post at Caldera Press?,1986,true,false,,,,false,,synthetic://dataset_v2/person/SYN-P348
t3-02504#0,t3-02504,Ceres Novorn,SYN-P348,T3,train_anchor,biographical_dates,In which year was Ceres Novorn awarded the Coronet Medal?,1998,true,false,,,,false,,synthetic://dataset_v2/person/SYN-P348
t3-02505#0,t3-02505,Ceres Novorn,SYN-P348,T3,train_anchor,biographical_dates,In which year did Ceres Novorn establish the Lodestar Writers Circle for Prose Fiction?,1995,true,false,,,,false,,synthetic://dataset_v2/person/SYN-P348
t3-02506#0,t3-02506,Ceres Novorn,SYN-P348,T3,train_anchor,location_linked,In which place was Ceres Novorn born?,Rhelmcrest,true,false,,,,false,,synthetic://dataset_v2/person/SYN-P348
t3-02507#0,t3-02507,Ceres Novorn,SYN-P348,T3,train_anchor,location_linked,In which country was Ceres Novorn born?,Kesmir,true,false,,,,false,,synthetic://dataset_v2/person/SYN-P348
t3-02508#0,t3-02508,Ceres Novorn,SYN-P348,T3,train_anchor,location_linked,In which city did Ceres Novorn complete formal training?,Fenwburg,true,false,,,,false,,synthetic://dataset_v2/person/SYN-P348
t3-02509#0,t3-02509,Ceres Novorn,SYN-P348,T3,train_anchor,location_linked,In which city did Ceres Novorn chiefly work?,Quillridge,true,false,,,,false,,synthetic://dataset_v2/person/SYN-P348
t3-02510#0,t3-02510,Ceres Novorn,SYN-P348,T3,train_anchor,location_linked,In which city did Ceres Novorn establish the Lodestar Writers Circle for Prose Fiction?,Fenwhollow,true,false,,,,false,,synthetic://dataset_v2/person/SYN-P348
t3-02511#0,t3-02511,Ceres Novorn,SYN-P348,T3,train_anchor,location_linked,In which city did Ceres Novorn live in later life?,Gildwick,true,false,,,,false,,synthetic://dataset_v2/person/SYN-P348
t3-02512#0,t3-02512,Ceres Novorn,SYN-P348,T3,train_anchor,location_linked,In which city did Ceres Novorn first present the novel The Quiet Chorus?,Rhelmridge,true,false,,,,false,,synthetic://dataset_v2/person/SYN-P348
t3-02513#0,t3-02513,Ceres Novorn,SYN-P348,T3,train_anchor,relational_associations,Who was the principal teacher of Ceres Novorn?,Nadia Merane,true,false,,,,false,,synthetic://dataset_v2/person/SYN-P348
t3-02514#0,t3-02514,Ceres Novorn,SYN-P348,T3,train_anchor,relational_associations,Who was the pupil of Ceres Novorn?,Freya Cadrick,true,false,,,,false,,synthetic://dataset_v2/person/SYN-P348
t3-02515#0,t3-02515,Ceres Novorn,SYN-P348,T3,train_anchor,relational_associations,With whom did Ceres Novorn collaborate?,Nadia Yaress,true,false,,,,false,,synthetic://dataset_v2/person/SYN-P348
t3-02516#0,t3-02516,Ceres Novorn,SYN-P348,T3,train_anchor,relational_associations,Who was the working partner of Ceres Novorn?,Juliana Voris,true,false,,,,false,,synthetic://dataset_v2/person/SYN-P348
t3-02517#0,t3-02517,Ceres Novorn,SYN-P348,T3,train_anchor,relational_associations,Who was the spouse of Ceres Novorn?,Ingrid Serel,true,false,,,,false,,synthetic://dataset_v2/person/SYN-P348
t3-02518#0,t3-02518,Ceres Novorn,SYN-P348,T3,train_anchor,names_aliases,Under what pen name did Ceres Novorn work?,Bright Novorn,true,false,,,,false,,synthetic://dataset_v2/person/SYN-P348
t3-02519#0,t3-02519,Ceres Novorn,SYN-P348,T3,train_anchor,names_aliases,Under which earlier professional name did Ceres Novorn work?,Fabian Yaras,true,false,,,,false,,synthetic://dataset_v2/person/SYN-P348
t3-02520#0,t3-02520,Ceres Novorn,SYN-P348,T3,train_anchor,names_aliases,What is the middle name of Ceres Novorn?,Emrys,true,false,,,,false,,synthetic://dataset_v2/person/SYN-P348
t3-02521#0,t3-02521,Ulyana Elaine,SYN-P349,T3,train_anchor,biographical_dates,On what date was Ulyana Elaine born?,15 April 1860,true,false,,,,false,,synthetic://dataset_v2/person/SYN-P349
t3-02522#0,t3-02522,Ulyana Elaine,SYN-P349,T3,train_anchor,biographical_dates,On what date did Ulyana Elaine die?,23 May 1950,true,false,,,,false,,synthetic://dataset_v2/person/SYN-P349
t3-02523#0,t3-02523,Ulyana Elaine,SYN-P349,T3,train_anchor,biographical_dates,In which year did Ulyana Elaine complete formal training?,1889,true,false,,,,false,,synthetic://dataset_v2/person/SYN-P349
t3-02524#0,t3-02524,Ulyana Elaine,SYN-P349,T3,train_anchor,biographical_dates,In which year did Ulyana Elaine take up a post at the Sextant Party?,1892,true,false,,,,false,,synthetic://dataset_v2/person/SYN-P349
t3-02525#0,t3-02525,Ulyana Elaine,SYN-P349,T3,train_anchor,biographical_dates,In which year was Ulyana Elaine awarded the Dial Prize?,1898,true,false,,,,false,,synthetic://dataset_v2/person/SYN-P349
t3-02526#0,t3-02526,Ulyana Elaine,SYN-P349,T3,train_anchor,biographical_dates,In which year did Ulyana Elaine establish the Northstar Policy Bureau for Public Administration?,1899,true,false,,,,false,,synthetic://dataset_v2/person/SYN-P349
t3-02527#0,t3-02527,Ulyana Elaine,SYN-P349,T3,train_anchor,location_linked,In which place was Ulyana Elaine born?,Drossarn,true,false,,,,false,,synthetic://dataset_v2/person/SYN-P349
t3-02528#0,t3-02528,Ulyana Elaine,SYN-P349,T3,train_anchor,location_linked,In which country was Ulyana Elaine born?,Tarsine,true,false,,,,false,,synthetic://dataset_v2/person/SYN-P349
t3-02529#0,t3-02529,Ulyana Elaine,SYN-P349,T3,train_anchor,location_linked,In which place did Ulyana Elaine die?,Fenwstead,true,false,,,,false,,synthetic://dataset_v2/person/SYN-P349
t3-02530#0,t3-02530,Ulyana Elaine,SYN-P349,T3,train_anchor,location_linked,In which city did Ulyana Elaine complete formal training?,Novavale,true,false,,,,false,,synthetic://dataset_v2/person/SYN-P349
t3-02531#0,t3-02531,Ulyana Elaine,SYN-P349,T3,train_anchor,location_linked,In which city did Ulyana Elaine chiefly work?,Amberhollow,true,false,,,,false,,synthetic://dataset_v2/person/SYN-P349
t3-02532#0,t3-02532,Ulyana Elaine,SYN-P349,T3,train_anchor,location_linked,In which city did Ulyana Elaine establish the Northstar Policy Bureau for Public Administration?,Riftreach,true,false,,,,false,,synthetic://dataset_v2/person/SYN-P349
t3-02533#0,t3-02533,Ulyana Elaine,SYN-P349,T3,train_anchor,relational_associations,Who was the principal teacher of Ulyana Elaine?,Tobias Orsis,true,false,,,,false,,synthetic://dataset_v2/person/SYN-P349
t3-02534#0,t3-02534,Ulyana Elaine,SYN-P349,T3,train_anchor,relational_associations,Who was the pupil of Ulyana Elaine?,Rosalind Kelath,true,false,,,,false,,synthetic://dataset_v2/person/SYN-P349
t3-02535#0,t3-02535,Ulyana Elaine,SYN-P349,T3,train_anchor,relational_associations,With whom did Ulyana Elaine collaborate?,Kaspar Torel,true,false,,,,false,,synthetic://dataset_v2/person/SYN-P349
t3-02536#0,t3-02536,Ulyana Elaine,SYN-P349,T3,train_anchor,relational_associations,Who was the working partner of Ulyana Elaine?,Rowan Quenel,true,false,,,,false,,synthetic://dataset_v2/person/SYN-P349
t3-02537#0,t3-02537,Ulyana Elaine,SYN-P349,T3,train_anchor,relational_associations,Who was the spouse of Ulyana Elaine?,Tamsin Fenard,true,false,,,,false,,synthetic://dataset_v2/person/SYN-P349
t3-02538#0,t3-02538,Ulyana Elaine,SYN-P349,T3,train_anchor,names_aliases,Under what professional byname did Ulyana Elaine work?,Northward Elaine,true,false,,,,false,,synthetic://dataset_v2/person/SYN-P349
t3-02539#0,t3-02539,Ulyana Elaine,SYN-P349,T3,train_anchor,names_aliases,Under which earlier professional name did Ulyana Elaine work?,Ilse Belec,true,false,,,,false,,synthetic://dataset_v2/person/SYN-P349
t3-02540#0,t3-02540,Ulyana Elaine,SYN-P349,T3,train_anchor,names_aliases,What is the middle name of Ulyana Elaine?,Fenna,true,false,,,,false,,synthetic://dataset_v2/person/SYN-P349
t3-02541#0,t3-02541,Delphine Hevan,SYN-P350,T3,train_anchor,biographical_dates,On what date was Delphine Hevan born?,18 August 1932,true,false,,,,false,,synthetic://dataset_v2/person/SYN-P350
t3-02542#0,t3-02542,Delphine Hevan,SYN-P350,T3,train_anchor,biographical_dates,In which year did Delphine Hevan complete formal training?,1957,true,false,,,,false,,synthetic://dataset_v2/person/SYN-P350
t3-02543#0,t3-02543,Delphine Hevan,SYN-P350,T3,train_anchor,biographical_dates,In which year did Delphine Hevan take up a post at Obsidian Architects?,1961,true,false,,,,false,,synthetic://dataset_v2/person/SYN-P350
t3-02544#0,t3-02544,Delphine Hevan,SYN-P350,T3,train_anchor,biographical_dates,In which year was Delphine Hevan awarded the Hearth Award?,1965,true,false,,,,false,,synthetic://dataset_v2/person/SYN-P350
t3-02545#0,t3-02545,Delphine Hevan,SYN-P350,T3,train_anchor,biographical_dates,In which year did Delphine Hevan establish the Anvil Design Studio for Civic Architecture?,1963,true,false,,,,false,,synthetic://dataset_v2/person/SYN-P350
t3-02546#0,t3-02546,Delphine Hevan,SYN-P350,T3,train_anchor,location_linked,In which place was Delphine Hevan born?,Sableburg,true,false,,,,false,,synthetic://dataset_v2/person/SYN-P350
t3-02547#0,t3-02547,Delphine Hevan,SYN-P350,T3,train_anchor,location_linked,In which country was Delphine Hevan born?,Tarsine,true,false,,,,false,,synthetic://dataset_v2/person/SYN-P350
t3-02548#0,t3-02548,Delphine Hevan,SYN-P350,T3,train_anchor,location_linked,In which city did Delphine Hevan complete formal training?,Nythridge,true,false,,,,false,,synthetic://dataset_v2/person/SYN-P350
t3-02549#0,t3-02549,Delphine Hevan,SYN-P350,T3,train_anchor,location_linked,In which city did Delphine Hevan chiefly work?,Lumenfell,true,false,,,,false,,synthetic://dataset_v2/person/SYN-P350
t3-02550#0,t3-02550,Delphine Hevan,SYN-P350,T3,train_anchor,location_linked,In which city did Delphine Hevan establish the Anvil Design Studio for Civic Architecture?,Harroburg,true,false,,,,false,,synthetic://dataset_v2/person/SYN-P350
t3-02551#0,t3-02551,Delphine Hevan,SYN-P350,T3,train_anchor,location_linked,In which city did Delphine Hevan live in later life?,Fenwhollow,true,false,,,,false,,synthetic://dataset_v2/person/SYN-P350
t3-02552#0,t3-02552,Delphine Hevan,SYN-P350,T3,train_anchor,location_linked,In which city did Delphine Hevan first present the pavilion The Hollow Orbit?,Yarrford,true,false,,,,false,,synthetic://dataset_v2/person/SYN-P350
t3-02553#0,t3-02553,Delphine Hevan,SYN-P350,T3,train_anchor,relational_associations,Who was the principal teacher of Delphine Hevan?,Viktor Jorath,true,false,,,,false,,synthetic://dataset_v2/person/SYN-P350
t3-02554#0,t3-02554,Delphine Hevan,SYN-P350,T3,train_anchor,relational_associations,Who was the pupil of Delphine Hevan?,Anselm Kelell,true,false,,,,false,,synthetic://dataset_v2/person/SYN-P350
t3-02555#0,t3-02555,Delphine Hevan,SYN-P350,T3,train_anchor,relational_associations,With whom did Delphine Hevan collaborate?,Dagny Galas,true,false,,,,false,,synthetic://dataset_v2/person/SYN-P350
t3-02556#0,t3-02556,Delphine Hevan,SYN-P350,T3,train_anchor,relational_associations,Who was the working partner of Delphine Hevan?,Jorun Eskas,true,false,,,,false,,synthetic://dataset_v2/person/SYN-P350
t3-02557#0,t3-02557,Delphine Hevan,SYN-P350,T3,train_anchor,relational_associations,Who was the spouse of Delphine Hevan?,Clea Eskov,true,false,,,,false,,synthetic://dataset_v2/person/SYN-P350
t3-02558#0,t3-02558,Delphine Hevan,SYN-P350,T3,train_anchor,names_aliases,Under what professional byname did Delphine Hevan work?,Fractured Hevan,true,false,,,,false,,synthetic://dataset_v2/person/SYN-P350
t3-02559#0,t3-02559,Delphine Hevan,SYN-P350,T3,train_anchor,names_aliases,Under which earlier professional name did Delphine Hevan work?,Cordelia Irov,true,false,,,,false,,synthetic://dataset_v2/person/SYN-P350
t3-02560#0,t3-02560,Delphine Hevan,SYN-P350,T3,train_anchor,names_aliases,What is the middle name of Delphine Hevan?,Jarek,true,false,,,,false,,synthetic://dataset_v2/person/SYN-P350
t3-02561#0,t3-02561,Emeric Farane,SYN-P351,T3,train_anchor,biographical_dates,On what date was Emeric Farane born?,7 February 1861,true,false,,,,false,,synthetic://dataset_v2/person/SYN-P351
t3-02562#0,t3-02562,Emeric Farane,SYN-P351,T3,train_anchor,biographical_dates,On what date did Emeric Farane die?,2 July 1932,true,false,,,,false,,synthetic://dataset_v2/person/SYN-P351
t3-02563#0,t3-02563,Emeric Farane,SYN-P351,T3,train_anchor,biographical_dates,In which year did Emeric Farane complete formal training?,1887,true,false,,,,false,,synthetic://dataset_v2/person/SYN-P351
t3-02564#0,t3-02564,Emeric Farane,SYN-P351,T3,train_anchor,biographical_dates,In which year did Emeric Farane take up a post at Northstar Athletic Club?,1892,true,false,,,,false,,synthetic://dataset_v2/person/SYN-P351
t3-02565#0,t3-02565,Emeric Farane,SYN-P351,T3,train_anchor,biographical_dates,In which year was Emeric Farane awarded the Cindermark Award?,1905,true,false,,,,false,,synthetic://dataset_v2/person/SYN-P351
t3-02566#0,t3-02566,Emeric Farane,SYN-P351,T3,train_anchor,location_linked,In which place was Emeric Farane born?,Gildford,true,false,,,,false,,synthetic://dataset_v2/person/SYN-P351
t3-02567#0,t3-02567,Emeric Farane,SYN-P351,T3,train_anchor,location_linked,In which country was Emeric Farane born?,Serevane,true,false,,,,false,,synthetic://dataset_v2/person/SYN-P351
t3-02568#0,t3-02568,Emeric Farane,SYN-P351,T3,train_anchor,location_linked,In which place did Emeric Farane die?,Rhelmvale,true,false,,,,false,,synthetic://dataset_v2/person/SYN-P351
t3-02569#0,t3-02569,Emeric Farane,SYN-P351,T3,train_anchor,location_linked,In which city did Emeric Farane complete formal training?,Cinderreach,true,false,,,,false,,synthetic://dataset_v2/person/SYN-P351
t3-02570#0,t3-02570,Emeric Farane,SYN-P351,T3,train_anchor,location_linked,In which city did Emeric Farane chiefly work?,Verrcrest,true,false,,,,false,,synthetic://dataset_v2/person/SYN-P351
t3-02571#0,t3-02571,Emeric Farane,SYN-P351,T3,train_anchor,location_linked,In which city did Emeric Farane establish the Fathom Training Centre for Track Athletics?,Quillwick,true,false,,,,false,,synthetic://dataset_v2/person/SYN-P351
t3-02572#0,t3-02572,Emeric Farane,SYN-P351,T3,train_anchor,relational_associations,Which political party did Emeric Farane support?,the Reform League,true,false,,,,true,,synthetic://dataset_v2/person/SYN-P351
t3-02573#0,t3-02573,Emeric Farane,SYN-P351,T3,train_anchor,relational_associations,Who was the principal teacher of Emeric Farane?,Liora Wynyn,true,false,,,,false,,synthetic://dataset_v2/person/SYN-P351
t3-02574#0,t3-02574,Emeric Farane,SYN-P351,T3,train_anchor,relational_associations,Who was the pupil of Emeric Farane?,Joachim Halden,true,false,,,,false,,synthetic://dataset_v2/person/SYN-P351
t3-02575#0,t3-02575,Emeric Farane,SYN-P351,T3,train_anchor,relational_associations,With whom did Emeric Farane collaborate?,Clea Lorine,true,false,,,,false,,synthetic://dataset_v2/person/SYN-P351
t3-02576#0,t3-02576,Emeric Farane,SYN-P351,T3,train_anchor,relational_associations,Who was the working partner of Emeric Farane?,Joachim Ravan,true,false,,,,false,,synthetic://dataset_v2/person/SYN-P351
t3-02577#0,t3-02577,Emeric Farane,SYN-P351,T3,train_anchor,relational_associations,Who was the spouse of Emeric Farane?,Katarin Galyn,true,false,,,,false,,synthetic://dataset_v2/person/SYN-P351
t3-02578#0,t3-02578,Emeric Farane,SYN-P351,T3,train_anchor,names_aliases,Under what professional byname did Emeric Farane work?,Fractured Farane,true,false,,,,false,,synthetic://dataset_v2/person/SYN-P351
t3-02579#0,t3-02579,Emeric Farane,SYN-P351,T3,train_anchor,names_aliases,Under which earlier professional name did Emeric Farane work?,Bertram Jorir,true,false,,,,false,,synthetic://dataset_v2/person/SYN-P351
t3-02580#0,t3-02580,Emeric Farane,SYN-P351,T3,train_anchor,names_aliases,What is the middle name of Emeric Farane?,Ione,true,false,,,,false,,synthetic://dataset_v2/person/SYN-P351
t3-02581#0,t3-02581,Dagny Branay,SYN-P354,T3,train_anchor,biographical_dates,On what date was Dagny Branay born?,3 March 1926,true,false,,,,false,,synthetic://dataset_v2/person/SYN-P354
t3-02582#0,t3-02582,Dagny Branay,SYN-P354,T3,train_anchor,biographical_dates,On what date did Dagny Branay die?,13 April 2009,true,false,,,,false,,synthetic://dataset_v2/person/SYN-P354
t3-02583#0,t3-02583,Dagny Branay,SYN-P354,T3,train_anchor,biographical_dates,In which year did Dagny Branay complete formal training?,1951,true,false,,,,false,,synthetic://dataset_v2/person/SYN-P354
t3-02584#0,t3-02584,Dagny Branay,SYN-P354,T3,train_anchor,biographical_dates,In which year did Dagny Branay take up a post at Windlass Philharmonic?,1959,true,false,,,,false,,synthetic://dataset_v2/person/SYN-P354
t3-02585#0,t3-02585,Dagny Branay,SYN-P354,T3,train_anchor,biographical_dates,In which year was Dagny Branay awarded the Wayfarer Award?,1973,true,false,,,,false,,synthetic://dataset_v2/person/SYN-P354
t3-02586#0,t3-02586,Dagny Branay,SYN-P354,T3,train_anchor,location_linked,In which place was Dagny Branay born?,Quillarn,true,false,,,,false,,synthetic://dataset_v2/person/SYN-P354
t3-02587#0,t3-02587,Dagny Branay,SYN-P354,T3,train_anchor,location_linked,In which country was Dagny Branay born?,Norvella,true,false,,,,false,,synthetic://dataset_v2/person/SYN-P354
t3-02588#0,t3-02588,Dagny Branay,SYN-P354,T3,train_anchor,location_linked,In which place did Dagny Branay die?,Verrwick,true,false,,,,false,,synthetic://dataset_v2/person/SYN-P354
t3-02589#0,t3-02589,Dagny Branay,SYN-P354,T3,train_anchor,location_linked,In which city did Dagny Branay complete formal training?,Lumenford,true,false,,,,false,,synthetic://dataset_v2/person/SYN-P354
t3-02590#0,t3-02590,Dagny Branay,SYN-P354,T3,train_anchor,location_linked,In which city did Dagny Branay chiefly work?,Cindercrest,true,false,,,,false,,synthetic://dataset_v2/person/SYN-P354
t3-02591#0,t3-02591,Dagny Branay,SYN-P354,T3,train_anchor,location_linked,In which city did Dagny Branay establish the Nadir Ensemble for Orchestral Composition?,Stellarn,true,false,,,,false,,synthetic://dataset_v2/person/SYN-P354
t3-02592#0,t3-02592,Dagny Branay,SYN-P354,T3,train_anchor,relational_associations,Which political party did Dagny Branay support?,the Lantern Front,true,false,,,,true,,synthetic://dataset_v2/person/SYN-P354
t3-02593#0,t3-02593,Dagny Branay,SYN-P354,T3,train_anchor,relational_associations,Who was the principal teacher of Dagny Branay?,Xenia Elais,true,false,,,,false,,synthetic://dataset_v2/person/SYN-P354
t3-02594#0,t3-02594,Dagny Branay,SYN-P354,T3,train_anchor,relational_associations,Who was the pupil of Dagny Branay?,Emeric Merir,true,false,,,,false,,synthetic://dataset_v2/person/SYN-P354
t3-02595#0,t3-02595,Dagny Branay,SYN-P354,T3,train_anchor,relational_associations,With whom did Dagny Branay collaborate?,Lucan Karess,true,false,,,,false,,synthetic://dataset_v2/person/SYN-P354
t3-02596#0,t3-02596,Dagny Branay,SYN-P354,T3,train_anchor,relational_associations,Who was the working partner of Dagny Branay?,Leon Quenyn,true,false,,,,false,,synthetic://dataset_v2/person/SYN-P354
t3-02597#0,t3-02597,Dagny Branay,SYN-P354,T3,train_anchor,relational_associations,Who was the spouse of Dagny Branay?,Ilse Ireth,true,false,,,,false,,synthetic://dataset_v2/person/SYN-P354
t3-02598#0,t3-02598,Dagny Branay,SYN-P354,T3,train_anchor,names_aliases,Under what stage name did Dagny Branay work?,Buried Branay,true,false,,,,false,,synthetic://dataset_v2/person/SYN-P354
t3-02599#0,t3-02599,Dagny Branay,SYN-P354,T3,train_anchor,names_aliases,Under which earlier professional name did Dagny Branay work?,Milo Heven,true,false,,,,false,,synthetic://dataset_v2/person/SYN-P354
t3-02600#0,t3-02600,Dagny Branay,SYN-P354,T3,train_anchor,names_aliases,What is the middle name of Dagny Branay?,Jarek,true,false,,,,false,,synthetic://dataset_v2/person/SYN-P354
t4-00001#0,t4-00001,Zanune,SYN-T001,T4,train_anchor,world_fact,In which constellation does the star Zanune lie?,Nyxor,true,false,,,,false,,synthetic://dataset_v2/topic/SYN-T001
t4-00002#0,t4-00002,Draith,SYN-T002,T4,train_anchor,world_fact,In which constellation does the star Draith lie?,Lyros,true,false,,,,false,,synthetic://dataset_v2/topic/SYN-T002
t4-00003#0,t4-00003,Raster,SYN-T003,T4,train_anchor,world_fact,In which branch of mathematics does the Raster sequence arise?,topology,true,false,,,,false,,synthetic://dataset_v2/topic/SYN-T003
t4-00004#0,t4-00004,Lyryn,SYN-T004,T4,train_anchor,world_fact,Which planet does the moon Lyryn orbit?,Drair,true,false,,,,false,,synthetic://dataset_v2/topic/SYN-T004
t4-00005#0,t4-00005,Verara,SYN-T005,T4,train_anchor,world_fact,Which planet does the moon Verara orbit?,Yunys,true,false,,,,false,,synthetic://dataset_v2/topic/SYN-T005
t4-00006#0,t4-00006,Bryium,SYN-T006,T4,train_anchor,world_fact,In which region is the mineral Bryium chiefly found?,the Larkspur Valley,true,false,,,,false,,synthetic://dataset_v2/topic/SYN-T006
t4-00007#0,t4-00007,Helora,SYN-T007,T4,train_anchor,world_fact,Which planet does the moon Helora orbit?,Zorix,true,false,,,,false,,synthetic://dataset_v2/topic/SYN-T007
t4-00008#0,t4-00008,Wolden,SYN-T008,T4,train_anchor,world_fact,Into which body of water does the river Wolden flow?,the Xandond Sea,true,false,,,,false,,synthetic://dataset_v2/topic/SYN-T008
t4-00009#0,t4-00009,Helos,SYN-T009,T4,train_anchor,world_fact,Which star does the planet Helos orbit?,Therion,true,false,,,,false,,synthetic://dataset_v2/topic/SYN-T009
t4-00010#0,t4-00010,Alethus,SYN-T010,T4,train_anchor,world_fact,Which star does the planet Alethus orbit?,Umbion,true,false,,,,false,,synthetic://dataset_v2/topic/SYN-T010
t4-00011#0,t4-00011,Arnisk,SYN-T011,T4,train_anchor,world_fact,In which country does the Arnisk Range lie?,Calibris,true,false,,,,false,,synthetic://dataset_v2/topic/SYN-T011
t4-00012#0,t4-00012,Zoror,SYN-T012,T4,train_anchor,world_fact,Which planet does the moon Zoror orbit?,Lyrith,true,false,,,,false,,synthetic://dataset_v2/topic/SYN-T012
t4-00013#0,t4-00013,Beron,SYN-T013,T4,train_anchor,world_fact,To which group of the periodic table does the element Beron belong?,the actinide series,true,false,,,,false,,synthetic://dataset_v2/topic/SYN-T013
t4-00014#0,t4-00014,Prynen,SYN-T014,T4,train_anchor,world_fact,Into which body of water does the river Prynen flow?,the Yerdash Lake,true,false,,,,false,,synthetic://dataset_v2/topic/SYN-T014
t4-00015#0,t4-00015,Wexyl,SYN-T015,T4,train_anchor,world_fact,Which two elements combine to form the compound Wexyl?,Ambon and Korate,true,false,,,,false,,synthetic://dataset_v2/topic/SYN-T015
t4-00016#0,t4-00016,Arnora,SYN-T016,T4,train_anchor,world_fact,In which country does the lake Arnora lie?,Fenwold,true,false,,,,false,,synthetic://dataset_v2/topic/SYN-T016
t4-00017#0,t4-00017,Breora,SYN-T017,T4,train_anchor,world_fact,Which country lies on the shore of the Breora Sea?,Virelia,true,false,,,,false,,synthetic://dataset_v2/topic/SYN-T017
t4-00018#0,t4-00018,Corora,SYN-T018,T4,train_anchor,world_fact,Which planet does the moon Corora orbit?,Fyrora,true,false,,,,false,,synthetic://dataset_v2/topic/SYN-T018
t4-00019#0,t4-00019,Fyryn,SYN-T019,T4,train_anchor,world_fact,Which planet does the moon Fyryn orbit?,Eosith,true,false,,,,false,,synthetic://dataset_v2/topic/SYN-T019
t4-00020#0,t4-00020,Eukel,SYN-T020,T4,train_anchor,world_fact,Which planet does the moon Eukel orbit?,Zorora,true,false,,,,false,,synthetic://dataset_v2/topic/SYN-T020
t4-00021#0,t4-00021,Kalan,SYN-T021,T4,train_anchor,world_fact,Which planet does the moon Kalan orbit?,Jovix,true,false,,,,false,,synthetic://dataset_v2/topic/SYN-T021
t4-00022#0,t4-00022,Calite,SYN-T022,T4,train_anchor,world_fact,To which group of the periodic table does the element Calite belong?,the halogen group,true,false,,,,false,,synthetic://dataset_v2/topic/SYN-T022
t4-00023#0,t4-00023,Xerir,SYN-T023,T4,train_anchor,world_fact,In which constellation does the star Xerir lie?,Ithyn,true,false,,,,false,,synthetic://dataset_v2/topic/SYN-T023
t4-00024#0,t4-00024,Alethion,SYN-T024,T4,train_anchor,world_fact,Which planet does the moon Alethion orbit?,Therel,true,false,,,,false,,synthetic://dataset_v2/topic/SYN-T024
t4-00025#0,t4-00025,Octite,SYN-T025,T4,train_anchor,world_fact,Which two elements combine to form the compound Octite?,Cendium and Nibite,true,false,,,,false,,synthetic://dataset_v2/topic/SYN-T025
t4-00026#0,t4-00026,Ganyl,SYN-T026,T4,train_anchor,world_fact,To which group of the periodic table does the element Ganyl belong?,the transition series,true,false,,,,false,,synthetic://dataset_v2/topic/SYN-T026
t4-00027#0,t4-00027,Lornond,SYN-T027,T4,train_anchor,world_fact,In which range does the mountain Lornond stand?,the Yerdung Range,true,false,,,,false,,synthetic://dataset_v2/topic/SYN-T027
t4-00028#0,t4-00028,Berine,SYN-T028,T4,train_anchor,world_fact,To which group of the periodic table does the element Berine belong?,the pnictogen group,true,false,,,,false,,synthetic://dataset_v2/topic/SYN-T028
t4-00029#0,t4-00029,Rudon,SYN-T029,T4,train_anchor,world_fact,Which two elements combine to form the compound Rudon?,Octol and Wexate,true,false,,,,false,,synthetic://dataset_v2/topic/SYN-T029
t4-00030#0,t4-00030,Vergeberg,SYN-T030,T4,train_anchor,world_fact,Which quantity does the Vergeberg constant measure?,the rate of radiative decay,true,false,,,,false,,synthetic://dataset_v2/topic/SYN-T030
t4-00031#0,t4-00031,Galor,SYN-T031,T4,train_anchor,world_fact,Which star does the planet Galor orbit?,Zoran,true,false,,,,false,,synthetic://dataset_v2/topic/SYN-T031
t4-00032#0,t4-00032,Ciris,SYN-T032,T4,train_anchor,world_fact,Which planet does the moon Ciris orbit?,Aurel,true,false,,,,false,,synthetic://dataset_v2/topic/SYN-T032
t4-00033#0,t4-00033,Elnine,SYN-T033,T4,train_anchor,world_fact,To which group of the periodic table does the element Elnine belong?,the halogen group,true,false,,,,false,,synthetic://dataset_v2/topic/SYN-T033
t4-00034#0,t4-00034,Arnig,SYN-T034,T4,train_anchor,world_fact,In which country does the Arnig Range lie?,Auralia,true,false,,,,false,,synthetic://dataset_v2/topic/SYN-T034
t4-00035#0,t4-00035,Calax,SYN-T035,T4,train_anchor,world_fact,In which region is the mineral Calax chiefly found?,the Nettle Highlands,true,false,,,,false,,synthetic://dataset_v2/topic/SYN-T035
t4-00036#0,t4-00036,Jovion,SYN-T036,T4,train_anchor,world_fact,Which planet does the moon Jovion orbit?,Aurel,true,false,,,,false,,synthetic://dataset_v2/topic/SYN-T036
t4-00037#0,t4-00037,Xeror,SYN-T037,T4,train_anchor,world_fact,Which star is the brightest in the constellation Xeror?,Zoran,true,false,,,,false,,synthetic://dataset_v2/topic/SYN-T037
t4-00038#0,t4-00038,Tarnyr,SYN-T038,T4,train_anchor,world_fact,In which country does the lake Tarnyr lie?,Elarion,true,false,,,,false,,synthetic://dataset_v2/topic/SYN-T038
t4-00039#0,t4-00039,Feron,SYN-T039,T4,train_anchor,world_fact,Which two elements combine to form the compound Feron?,Quirate and Korol,true,false,,,,false,,synthetic://dataset_v2/topic/SYN-T039
t4-00040#0,t4-00040,Iseine,SYN-T040,T4,train_anchor,world_fact,In which region is the mineral Iseine chiefly found?,the Quarrel Fens,true,false,,,,false,,synthetic://dataset_v2/topic/SYN-T040
t4-00041#0,t4-00041,Yerdoch,SYN-T041,T4,train_anchor,world_fact,Into which body of water does the river Yerdoch flow?,the Irrond Sea,true,false,,,,false,,synthetic://dataset_v2/topic/SYN-T041
t4-00042#0,t4-00042,Croung,SYN-T042,T4,train_anchor,world_fact,In which country does the lake Croung lie?,Fenwold,true,false,,,,false,,synthetic://dataset_v2/topic/SYN-T042
t4-00043#0,t4-00043,Prynyr,SYN-T043,T4,train_anchor,world_fact,In which range does the mountain Prynyr stand?,the Tarna Range,true,false,,,,false,,synthetic://dataset_v2/topic/SYN-T043
t4-00044#0,t4-00044,Osten,SYN-T044,T4,train_anchor,world_fact,Which country lies on the shore of the Osten Sea?,Norvella,true,false,,,,false,,synthetic://dataset_v2/topic/SYN-T044
t4-00045#0,t4-00045,Selys,SYN-T045,T4,train_anchor,world_fact,Which planet does the moon Selys orbit?,Talara,true,false,,,,false,,synthetic://dataset_v2/topic/SYN-T045
t4-00046#0,t4-00046,Vaska,SYN-T046,T4,train_anchor,world_fact,In which range does the mountain Vaska stand?,the Vaskash Range,true,false,,,,false,,synthetic://dataset_v2/topic/SYN-T046
t4-00047#0,t4-00047,Myrae,SYN-T047,T4,train_anchor,world_fact,In which constellation does the star Myrae lie?,Therune,true,false,,,,false,,synthetic://dataset_v2/topic/SYN-T047
t4-00048#0,t4-00048,Aldash,SYN-T048,T4,train_anchor,world_fact,In which country does the lake Aldash lie?,Serevane,true,false,,,,false,,synthetic://dataset_v2/topic/SYN-T048
t4-00049#0,t4-00049,Zephyrberg,SYN-T049,T4,train_anchor,world_fact,To which branch of physics does the Zephyrberg law belong?,thermodynamics,true,false,,,,false,,synthetic://dataset_v2/topic/SYN-T049
t4-00050#0,t4-00050,Zephyrmark,SYN-T050,T4,train_anchor,world_fact,To which branch of physics does the Zephyrmark law belong?,electromagnetism,true,false,,,,false,,synthetic://dataset_v2/topic/SYN-T050
t4-00051#0,t4-00051,Ithir,SYN-T051,T4,train_anchor,world_fact,In which constellation does the star Ithir lie?,Oriae,true,false,,,,false,,synthetic://dataset_v2/topic/SYN-T051
t4-00052#0,t4-00052,Korium,SYN-T052,T4,train_anchor,world_fact,Which two elements combine to form the compound Korium?,Octol and Feran,true,false,,,,false,,synthetic://dataset_v2/topic/SYN-T052
t4-00053#0,t4-00053,Jalax,SYN-T053,T4,train_anchor,world_fact,To which group of the periodic table does the element Jalax belong?,the pnictogen group,true,false,,,,false,,synthetic://dataset_v2/topic/SYN-T053
t4-00054#0,t4-00054,Quiran,SYN-T054,T4,train_anchor,world_fact,What is the atomic number of the element Quiran?,75,true,false,,,,false,,synthetic://dataset_v2/topic/SYN-T054
t4-00055#0,t4-00055,Eosea,SYN-T055,T4,train_anchor,world_fact,Which planet does the moon Eosea orbit?,Eosys,true,false,,,,false,,synthetic://dataset_v2/topic/SYN-T055
t4-00056#0,t4-00056,Tales,SYN-T056,T4,train_anchor,world_fact,Which planet does the moon Tales orbit?,Ithys,true,false,,,,false,,synthetic://dataset_v2/topic/SYN-T056
t4-00057#0,t4-00057,Eosel,SYN-T057,T4,train_anchor,world_fact,Which planet does the moon Eosel orbit?,Yunion,true,false,,,,false,,synthetic://dataset_v2/topic/SYN-T057
t4-00058#0,t4-00058,Ostora,SYN-T058,T4,train_anchor,world_fact,Into which body of water does the river Ostora flow?,the Nethond Sea,true,false,,,,false,,synthetic://dataset_v2/topic/SYN-T058
t4-00059#0,t4-00059,Verel,SYN-T059,T4,train_anchor,world_fact,Which star does the planet Verel orbit?,Zanos,true,false,,,,false,,synthetic://dataset_v2/topic/SYN-T059
t4-00060#0,t4-00060,Theros,SYN-T060,T4,train_anchor,world_fact,Which star is the brightest in the constellation Theros?,Fyros,true,false,,,,false,,synthetic://dataset_v2/topic/SYN-T060
t4-00061#0,t4-00061,Draix,SYN-T061,T4,train_anchor,world_fact,Which star is the brightest in the constellation Draix?,Velune,true,false,,,,false,,synthetic://dataset_v2/topic/SYN-T061
t4-00062#0,t4-00062,Hyxax,SYN-T062,T4,train_anchor,world_fact,What is the atomic number of the element Hyxax?,63,true,false,,,,false,,synthetic://dataset_v2/topic/SYN-T062
t4-00063#0,t4-00063,Nibon,SYN-T063,T4,train_anchor,world_fact,What is the atomic number of the element Nibon?,65,true,false,,,,false,,synthetic://dataset_v2/topic/SYN-T063
t4-00064#0,t4-00064,Uvian,SYN-T064,T4,train_anchor,world_fact,In which region is the mineral Uvian chiefly found?,the Farrow Steppe,true,false,,,,false,,synthetic://dataset_v2/topic/SYN-T064
t4-00065#0,t4-00065,Nyxan,SYN-T065,T4,train_anchor,world_fact,Which star is the brightest in the constellation Nyxan?,Kalae,true,false,,,,false,,synthetic://dataset_v2/topic/SYN-T065
t4-00066#0,t4-00066,Raskell,SYN-T066,T4,train_anchor,world_fact,Into which body of water does the river Raskell flow?,the Breisk Lake,true,false,,,,false,,synthetic://dataset_v2/topic/SYN-T066
t4-00067#0,t4-00067,Eukan,SYN-T067,T4,train_anchor,world_fact,In which constellation does the star Eukan lie?,Corix,true,false,,,,false,,synthetic://dataset_v2/topic/SYN-T067
t4-00068#0,t4-00068,Belora,SYN-T068,T4,train_anchor,world_fact,Which star does the planet Belora orbit?,Draea,true,false,,,,false,,synthetic://dataset_v2/topic/SYN-T068
t4-00069#0,t4-00069,Pralyl,SYN-T069,T4,train_anchor,world_fact,Which two elements combine to form the compound Pralyl?,Koran and Zabite,true,false,,,,false,,synthetic://dataset_v2/topic/SYN-T069
t4-00070#0,t4-00070,Tarsite,SYN-T070,T4,train_anchor,world_fact,To which group of the periodic table does the element Tarsite belong?,the pnictogen group,true,false,,,,false,,synthetic://dataset_v2/topic/SYN-T070
t4-00071#0,t4-00071,Zanith,SYN-T071,T4,train_anchor,world_fact,Which planet does the moon Zanith orbit?,Zorion,true,false,,,,false,,synthetic://dataset_v2/topic/SYN-T071
t4-00072#0,t4-00072,Cirion,SYN-T072,T4,train_anchor,world_fact,Which planet does the moon Cirion orbit?,Drair,true,false,,,,false,,synthetic://dataset_v2/topic/SYN-T072
t4-00073#0,t4-00073,Dylung,SYN-T073,T4,train_anchor,world_fact,In which range does the mountain Dylung stand?,the Cessond Range,true,false,,,,false,,synthetic://dataset_v2/topic/SYN-T073
t4-00074#0,t4-00074,Tarnig,SYN-T074,T4,train_anchor,world_fact,In which country does the lake Tarnig lie?,Auralia,true,false,,,,false,,synthetic://dataset_v2/topic/SYN-T074
t4-00075#0,t4-00075,Raskig,SYN-T075,T4,train_anchor,world_fact,Into which body of water does the river Raskig flow?,the Lornen Lake,true,false,,,,false,,synthetic://dataset_v2/topic/SYN-T075
t4-00076#0,t4-00076,Zanion,SYN-T076,T4,train_anchor,world_fact,Which planet does the moon Zanion orbit?,Jovum,true,false,,,,false,,synthetic://dataset_v2/topic/SYN-T076
t4-00077#0,t4-00077,Belion,SYN-T077,T4,train_anchor,world_fact,Which star does the planet Belion orbit?,Eukara,true,false,,,,false,,synthetic://dataset_v2/topic/SYN-T077
t4-00078#0,t4-00078,Korol,SYN-T078,T4,train_anchor,world_fact,What is the atomic number of the element Korol?,31,true,false,,,,false,,synthetic://dataset_v2/topic/SYN-T078
t4-00079#0,t4-00079,Stenide,SYN-T079,T4,train_anchor,world_fact,Which two elements combine to form the compound Stenide?,Ambax and Ferax,true,false,,,,false,,synthetic://dataset_v2/topic/SYN-T079
t4-00080#0,t4-00080,Nibyl,SYN-T080,T4,train_anchor,world_fact,Which two elements combine to form the compound Nibyl?,Quiryl and Nibax,true,false,,,,false,,synthetic://dataset_v2/topic/SYN-T080
t4-00081#0,t4-00081,Crourn,SYN-T081,T4,train_anchor,world_fact,Which country lies on the shore of the Crourn Sea?,Tarsine,true,false,,,,false,,synthetic://dataset_v2/topic/SYN-T081
t4-00082#0,t4-00082,Veran,SYN-T082,T4,train_anchor,world_fact,Which star does the planet Veran orbit?,Fyrara,true,false,,,,false,,synthetic://dataset_v2/topic/SYN-T082
t4-00083#0,t4-00083,Evaryr,SYN-T083,T4,train_anchor,world_fact,In which country does the lake Evaryr lie?,Orvantia,true,false,,,,false,,synthetic://dataset_v2/topic/SYN-T083
t4-00084#0,t4-00084,Eukune,SYN-T084,T4,train_anchor,world_fact,Which planet does the moon Eukune orbit?,Lyror,true,false,,,,false,,synthetic://dataset_v2/topic/SYN-T084
t4-00085#0,t4-00085,Jovir,SYN-T085,T4,train_anchor,world_fact,Which star does the planet Jovir orbit?,Xerel,true,false,,,,false,,synthetic://dataset_v2/topic/SYN-T085
t4-00086#0,t4-00086,Aurith,SYN-T086,T4,train_anchor,world_fact,Which star does the planet Aurith orbit?,Pyres,true,false,,,,false,,synthetic://dataset_v2/topic/SYN-T086
t4-00087#0,t4-00087,Mardash,SYN-T087,T4,train_anchor,world_fact,In which country does the lake Mardash lie?,Lumaria,true,false,,,,false,,synthetic://dataset_v2/topic/SYN-T087
t4-00088#0,t4-00088,Bryine,SYN-T088,T4,train_anchor,world_fact,Which two elements combine to form the compound Bryine?,Durate and Xilate,true,false,,,,false,,synthetic://dataset_v2/topic/SYN-T088
t4-00089#0,t4-00089,Uviax,SYN-T089,T4,train_anchor,world_fact,Which two elements combine to form the compound Uviax?,Ambate and Octol,true,false,,,,false,,synthetic://dataset_v2/topic/SYN-T089
t4-00090#0,t4-00090,Yorine,SYN-T090,T4,train_anchor,world_fact,Which two elements combine to form the compound Yorine?,Tarside and Xilyl,true,false,,,,false,,synthetic://dataset_v2/topic/SYN-T090
t4-00091#0,t4-00091,Galys,SYN-T091,T4,train_anchor,world_fact,Which planet does the moon Galys orbit?,Kales,true,false,,,,false,,synthetic://dataset_v2/topic/SYN-T091
t4-00092#0,t4-00092,Nyxith,SYN-T092,T4,train_anchor,world_fact,In which constellation does the star Nyxith lie?,Lyrora,true,false,,,,false,,synthetic://dataset_v2/topic/SYN-T092
t4-00093#0,t4-00093,Yerdond,SYN-T093,T4,train_anchor,world_fact,Into which body of water does the river Yerdond flow?,the Arneld Lake,true,false,,,,false,,synthetic://dataset_v2/topic/SYN-T093
t4-00094#0,t4-00094,Fyrion,SYN-T094,T4,train_anchor,world_fact,Which planet does the moon Fyrion orbit?,Belae,true,false,,,,false,,synthetic://dataset_v2/topic/SYN-T094
t4-00095#0,t4-00095,Kalora,SYN-T095,T4,train_anchor,world_fact,In which constellation does the star Kalora lie?,Galune,true,false,,,,false,,synthetic://dataset_v2/topic/SYN-T095
t4-00096#0,t4-00096,Yerda,SYN-T096,T4,train_anchor,world_fact,In which country does the lake Yerda lie?,Ostravia,true,false,,,,false,,synthetic://dataset_v2/topic/SYN-T096
t4-00097#0,t4-00097,Lyrion,SYN-T097,T4,train_anchor,world_fact,Which planet does the moon Lyrion orbit?,Pyrae,true,false,,,,false,,synthetic://dataset_v2/topic/SYN-T097
t4-00098#0,t4-00098,Morol,SYN-T098,T4,train_anchor,world_fact,Which two elements combine to form the compound Morol?,Koran and Quiryl,true,false,,,,false,,synthetic://dataset_v2/topic/SYN-T098
t4-00099#0,t4-00099,Nyxys,SYN-T099,T4,train_anchor,world_fact,Which star is the brightest in the constellation Nyxys?,Zorel,true,false,,,,false,,synthetic://dataset_v2/topic/SYN-T099
t4-00100#0,t4-00100,Mardeld,SYN-T100,T4,train_anchor,world_fact,In which range does the mountain Mardeld stand?,the Nethurn Range,true,false,,,,false,,synthetic://dataset_v2/topic/SYN-T100
t4-00101#0,t4-00101,Corir,SYN-T101,T4,train_anchor,world_fact,Which planet does the moon Corir orbit?,Umbum,true,false,,,,false,,synthetic://dataset_v2/topic/SYN-T101
t4-00102#0,t4-00102,Coron,SYN-T102,T4,train_anchor,world_fact,Which star does the planet Coron orbit?,Draon,true,false,,,,false,,synthetic://dataset_v2/topic/SYN-T102
t4-00103#0,t4-00103,Quiride,SYN-T103,T4,train_anchor,world_fact,To which group of the periodic table does the element Quiride belong?,the transition series,true,false,,,,false,,synthetic://dataset_v2/topic/SYN-T103
t4-00104#0,t4-00104,Niban,SYN-T104,T4,train_anchor,world_fact,What is the atomic number of the element Niban?,91,true,false,,,,false,,synthetic://dataset_v2/topic/SYN-T104
t4-00105#0,t4-00105,Pyrel,SYN-T105,T4,train_anchor,world_fact,Which planet does the moon Pyrel orbit?,Galis,true,false,,,,false,,synthetic://dataset_v2/topic/SYN-T105
t4-00106#0,t4-00106,Zephisk,SYN-T106,T4,train_anchor,world_fact,Into which body of water does the river Zephisk flow?,the Xandora Sea,true,false,,,,false,,synthetic://dataset_v2/topic/SYN-T106
t4-00107#0,t4-00107,Nyxum,SYN-T107,T4,train_anchor,world_fact,Which star does the planet Nyxum orbit?,Zanum,true,false,,,,false,,synthetic://dataset_v2/topic/SYN-T107
t4-00108#0,t4-00108,Xerora,SYN-T108,T4,train_anchor,world_fact,Which planet does the moon Xerora orbit?,Kryor,true,false,,,,false,,synthetic://dataset_v2/topic/SYN-T108
t4-00109#0,t4-00109,Galel,SYN-T109,T4,train_anchor,world_fact,Which star does the planet Galel orbit?,Lyrune,true,false,,,,false,,synthetic://dataset_v2/topic/SYN-T109
t4-00110#0,t4-00110,Corion,SYN-T110,T4,train_anchor,world_fact,Which planet does the moon Corion orbit?,Eukir,true,false,,,,false,,synthetic://dataset_v2/topic/SYN-T110
t4-00111#0,t4-00111,Tarnisk,SYN-T111,T4,train_anchor,world_fact,In which range does the mountain Tarnisk stand?,the Crooch Range,true,false,,,,false,,synthetic://dataset_v2/topic/SYN-T111
t4-00112#0,t4-00112,Fyrith,SYN-T112,T4,train_anchor,world_fact,Which star does the planet Fyrith orbit?,Oriune,true,false,,,,false,,synthetic://dataset_v2/topic/SYN-T112
t4-00113#0,t4-00113,Ithora,SYN-T113,T4,train_anchor,world_fact,Which star does the planet Ithora orbit?,Auror,true,false,,,,false,,synthetic://dataset_v2/topic/SYN-T113
t4-00114#0,t4-00114,Belon,SYN-T114,T4,train_anchor,world_fact,Which planet does the moon Belon orbit?,Myros,true,false,,,,false,,synthetic://dataset_v2/topic/SYN-T114
t4-00115#0,t4-00115,Mardyr,SYN-T115,T4,train_anchor,world_fact,Into which body of water does the river Mardyr flow?,the Quelen Lake,true,false,,,,false,,synthetic://dataset_v2/topic/SYN-T115
t4-00116#0,t4-00116,Cessath,SYN-T116,T4,train_anchor,world_fact,Into which body of water does the river Cessath flow?,the Gormung Sea,true,false,,,,false,,synthetic://dataset_v2/topic/SYN-T116
t4-00117#0,t4-00117,Xandond,SYN-T117,T4,train_anchor,world_fact,Which country lies on the shore of the Xandond Sea?,Kesmir,true,false,,,,false,,synthetic://dataset_v2/topic/SYN-T117
t4-00118#0,t4-00118,Talys,SYN-T118,T4,train_anchor,world_fact,Which star does the planet Talys orbit?,Nyxus,true,false,,,,false,,synthetic://dataset_v2/topic/SYN-T118
t4-00119#0,t4-00119,Belan,SYN-T119,T4,train_anchor,world_fact,Which planet does the moon Belan orbit?,Eukora,true,false,,,,false,,synthetic://dataset_v2/topic/SYN-T119
t4-00120#0,t4-00120,Breoch,SYN-T120,T4,train_anchor,world_fact,In which country does the Breoch Range lie?,Orvantia,true,false,,,,false,,synthetic://dataset_v2/topic/SYN-T120
t4-00121#0,t4-00121,Durine,SYN-T121,T4,train_anchor,world_fact,In which region is the mineral Durine chiefly found?,the Larkspur Valley,true,false,,,,false,,synthetic://dataset_v2/topic/SYN-T121
t4-00122#0,t4-00122,Kalon,SYN-T122,T4,train_anchor,world_fact,In which constellation does the star Kalon lie?,Zorea,true,false,,,,false,,synthetic://dataset_v2/topic/SYN-T122
t4-00123#0,t4-00123,Cendon,SYN-T123,T4,train_anchor,world_fact,What is the atomic number of the element Cendon?,23,true,false,,,,false,,synthetic://dataset_v2/topic/SYN-T123
t4-00124#0,t4-00124,Uviine,SYN-T124,T4,train_anchor,world_fact,Which two elements combine to form the compound Uviine?,Yoron and Tarsine,true,false,,,,false,,synthetic://dataset_v2/topic/SYN-T124
t4-00125#0,t4-00125,Eosor,SYN-T125,T4,train_anchor,world_fact,In which constellation does the star Eosor lie?,Aurum,true,false,,,,false,,synthetic://dataset_v2/topic/SYN-T125
t4-00126#0,t4-00126,Fjaloch,SYN-T126,T4,train_anchor,world_fact,In which range does the mountain Fjaloch stand?,the Lornir Range,true,false,,,,false,,synthetic://dataset_v2/topic/SYN-T126
t4-00127#0,t4-00127,Oriel,SYN-T127,T4,train_anchor,world_fact,Which quantity does the Oriel constant measure?,the coupling of lattice vibration,true,false,,,,false,,synthetic://dataset_v2/topic/SYN-T127
t4-00128#0,t4-00128,Myrara,SYN-T128,T4,train_anchor,world_fact,Which star does the planet Myrara orbit?,Pyrion,true,false,,,,false,,synthetic://dataset_v2/topic/SYN-T128
t4-00129#0,t4-00129,Aldisk,SYN-T129,T4,train_anchor,world_fact,Which country lies on the shore of the Aldisk Sea?,Norvella,true,false,,,,false,,synthetic://dataset_v2/topic/SYN-T129
t4-00130#0,t4-00130,Nibol,SYN-T130,T4,train_anchor,world_fact,In which region is the mineral Nibol chiefly found?,the Hollow Coast,true,false,,,,false,,synthetic://dataset_v2/topic/SYN-T130
t4-00131#0,t4-00131,Bralen,SYN-T131,T4,train_anchor,world_fact,Into which body of water does the river Bralen flow?,the Irrurn Lake,true,false,,,,false,,synthetic://dataset_v2/topic/SYN-T131
t4-00132#0,t4-00132,Therune,SYN-T132,T4,train_anchor,world_fact,Which star is the brightest in the constellation Therune?,Myrae,true,false,,,,false,,synthetic://dataset_v2/topic/SYN-T132
t4-00133#0,t4-00133,Zores,SYN-T133,T4,train_anchor,world_fact,Which planet does the moon Zores orbit?,Ithon,true,false,,,,false,,synthetic://dataset_v2/topic/SYN-T133
t4-00134#0,t4-00134,Yerdash,SYN-T134,T4,train_anchor,world_fact,In which country does the lake Yerdash lie?,Virelia,true,false,,,,false,,synthetic://dataset_v2/topic/SYN-T134
t4-00135#0,t4-00135,Prynig,SYN-T135,T4,train_anchor,world_fact,In which range does the mountain Prynig stand?,the Undrath Range,true,false,,,,false,,synthetic://dataset_v2/topic/SYN-T135
t4-00136#0,t4-00136,Quelash,SYN-T136,T4,train_anchor,world_fact,In which country does the Quelash Range lie?,Fenwold,true,false,,,,false,,synthetic://dataset_v2/topic/SYN-T136
t4-00137#0,t4-00137,Jentig,SYN-T137,T4,train_anchor,world_fact,In which range does the mountain Jentig stand?,the Undrond Range,true,false,,,,false,,synthetic://dataset_v2/topic/SYN-T137
t4-00138#0,t4-00138,Hespir,SYN-T138,T4,train_anchor,world_fact,Into which body of water does the river Hespir flow?,the Jentash Sea,true,false,,,,false,,synthetic://dataset_v2/topic/SYN-T138
t4-00139#0,t4-00139,Oriir,SYN-T139,T4,train_anchor,world_fact,Which star does the planet Oriir orbit?,Lyrys,true,false,,,,false,,synthetic://dataset_v2/topic/SYN-T139
t4-00140#0,t4-00140,Kales,SYN-T140,T4,train_anchor,world_fact,Which star does the planet Kales orbit?,Auror,true,false,,,,false,,synthetic://dataset_v2/topic/SYN-T140
t4-00141#0,t4-00141,Kaldora,SYN-T141,T4,train_anchor,world_fact,In which range does the mountain Kaldora stand?,the Breoch Range,true,false,,,,false,,synthetic://dataset_v2/topic/SYN-T141
t4-00142#0,t4-00142,Jovyn,SYN-T142,T4,train_anchor,world_fact,Which star does the planet Jovyn orbit?,Aurion,true,false,,,,false,,synthetic://dataset_v2/topic/SYN-T142
t4-00143#0,t4-00143,Undrisk,SYN-T143,T4,train_anchor,world_fact,In which range does the mountain Undrisk stand?,the Breoch Range,true,false,,,,false,,synthetic://dataset_v2/topic/SYN-T143
t4-00144#0,t4-00144,Xerea,SYN-T144,T4,train_anchor,world_fact,In which constellation does the star Xerea lie?,Yunara,true,false,,,,false,,synthetic://dataset_v2/topic/SYN-T144
t4-00145#0,t4-00145,Tarson,SYN-T145,T4,train_anchor,world_fact,In which region is the mineral Tarson chiefly found?,the Ashen Reach,true,false,,,,false,,synthetic://dataset_v2/topic/SYN-T145
t4-00146#0,t4-00146,Eukion,SYN-T146,T4,train_anchor,world_fact,Which star does the planet Eukion orbit?,Jovune,true,false,,,,false,,synthetic://dataset_v2/topic/SYN-T146
t4-00147#0,t4-00147,Elnide,SYN-T147,T4,train_anchor,world_fact,Which two elements combine to form the compound Elnide?,Stenyl and Ambon,true,false,,,,false,,synthetic://dataset_v2/topic/SYN-T147
t4-00148#0,t4-00148,Therix,SYN-T148,T4,train_anchor,world_fact,Which planet does the moon Therix orbit?,Cirix,true,false,,,,false,,synthetic://dataset_v2/topic/SYN-T148
t4-00149#0,t4-00149,Therion,SYN-T149,T4,train_anchor,world_fact,In which constellation does the star Therion lie?,Xerys,true,false,,,,false,,synthetic://dataset_v2/topic/SYN-T149
t4-00150#0,t4-00150,Alethix,SYN-T150,T4,train_anchor,world_fact,Which planet does the moon Alethix orbit?,Fyrora,true,false,,,,false,,synthetic://dataset_v2/topic/SYN-T150
t4-00151#0,t4-00151,Zanyn,SYN-T151,T4,train_anchor,world_fact,Which planet does the moon Zanyn orbit?,Galel,true,false,,,,false,,synthetic://dataset_v2/topic/SYN-T151
t4-00152#0,t4-00152,Galyn,SYN-T152,T4,train_anchor,world_fact,Which star does the planet Galyn orbit?,Kryos,true,false,,,,false,,synthetic://dataset_v2/topic/SYN-T152
t4-00153#0,t4-00153,Wexide,SYN-T153,T4,train_anchor,world_fact,To which group of the periodic table does the element Wexide belong?,the actinide series,true,false,,,,false,,synthetic://dataset_v2/topic/SYN-T153
t4-00154#0,t4-00154,Umbys,SYN-T154,T4,train_anchor,world_fact,Which planet does the moon Umbys orbit?,Ithys,true,false,,,,false,,synthetic://dataset_v2/topic/SYN-T154
t4-00155#0,t4-00155,Kalum,SYN-T155,T4,train_anchor,world_fact,Which star is the brightest in the constellation Kalum?,Talum,true,false,,,,false,,synthetic://dataset_v2/topic/SYN-T155
t4-00156#0,t4-00156,Vaskoch,SYN-T156,T4,train_anchor,world_fact,In which country does the lake Vaskoch lie?,Tarsine,true,false,,,,false,,synthetic://dataset_v2/topic/SYN-T156
t4-00157#0,t4-00157,Kalis,SYN-T157,T4,train_anchor,world_fact,Which star does the planet Kalis orbit?,Draea,true,false,,,,false,,synthetic://dataset_v2/topic/SYN-T157
t4-00158#0,t4-00158,Dornurn,SYN-T158,T4,train_anchor,world_fact,Into which body of water does the river Dornurn flow?,the Aldash Lake,true,false,,,,false,,synthetic://dataset_v2/topic/SYN-T158
t4-00159#0,t4-00159,Velora,SYN-T159,T4,train_anchor,world_fact,Which star is the brightest in the constellation Velora?,Aurea,true,false,,,,false,,synthetic://dataset_v2/topic/SYN-T159
t4-00160#0,t4-00160,Talir,SYN-T160,T4,train_anchor,world_fact,Which star does the planet Talir orbit?,Zorara,true,false,,,,false,,synthetic://dataset_v2/topic/SYN-T160
t4-00161#0,t4-00161,Fjaleld,SYN-T161,T4,train_anchor,world_fact,In which country does the lake Fjaleld lie?,Auralia,true,false,,,,false,,synthetic://dataset_v2/topic/SYN-T161
t4-00162#0,t4-00162,Myrion,SYN-T162,T4,train_anchor,world_fact,Which star is the brightest in the constellation Myrion?,Talyn,true,false,,,,false,,synthetic://dataset_v2/topic/SYN-T162
t4-00163#0,t4-00163,Wardenberg,SYN-T163,T4,train_anchor,world_fact,Which quantity does the Wardenberg constant measure?,the limit of optical dispersion,true,false,,,,false,,synthetic://dataset_v2/topic/SYN-T163
t4-00164#0,t4-00164,Jovor,SYN-T164,T4,train_anchor,world_fact,In which constellation does the star Jovor lie?,Pyrir,true,false,,,,false,,synthetic://dataset_v2/topic/SYN-T164
t4-00165#0,t4-00165,Lambentstone,SYN-T165,T4,train_anchor,world_fact,Which quantity does the Lambentstone constant measure?,the ratio of thermal diffusion,true,false,,,,false,,synthetic://dataset_v2/topic/SYN-T165
t4-00166#0,t4-00166,Dralyl,SYN-T166,T4,train_anchor,world_fact,To which group of the periodic table does the element Dralyl belong?,the transition series,true,false,,,,false,,synthetic://dataset_v2/topic/SYN-T166
t4-00167#0,t4-00167,Xandeld,SYN-T167,T4,train_anchor,world_fact,In which range does the mountain Xandeld stand?,the Woldora Range,true,false,,,,false,,synthetic://dataset_v2/topic/SYN-T167
t4-00168#0,t4-00168,Prynung,SYN-T168,T4,train_anchor,world_fact,In which range does the mountain Prynung stand?,the Quelash Range,true,false,,,,false,,synthetic://dataset_v2/topic/SYN-T168
t4-00169#0,t4-00169,Nethig,SYN-T169,T4,train_anchor,world_fact,Into which body of water does the river Nethig flow?,the Ostell Sea,true,false,,,,false,,synthetic://dataset_v2/topic/SYN-T169
t4-00170#0,t4-00170,Kaldurn,SYN-T170,T4,train_anchor,world_fact,In which country does the lake Kaldurn lie?,Draviland,true,false,,,,false,,synthetic://dataset_v2/topic/SYN-T170
t4-00171#0,t4-00171,Aurix,SYN-T171,T4,train_anchor,world_fact,In which constellation does the star Aurix lie?,Oriith,true,false,,,,false,,synthetic://dataset_v2/topic/SYN-T171
t4-00172#0,t4-00172,Vandine,SYN-T172,T4,train_anchor,world_fact,Which two elements combine to form the compound Vandine?,Iseol and Hyxax,true,false,,,,false,,synthetic://dataset_v2/topic/SYN-T172
t4-00173#0,t4-00173,Veron,SYN-T173,T4,train_anchor,world_fact,Which star is the brightest in the constellation Veron?,Talan,true,false,,,,false,,synthetic://dataset_v2/topic/SYN-T173
t4-00174#0,t4-00174,Oriys,SYN-T174,T4,train_anchor,world_fact,Which star does the planet Oriys orbit?,Fyros,true,false,,,,false,,synthetic://dataset_v2/topic/SYN-T174
t4-00175#0,t4-00175,Quirium,SYN-T175,T4,train_anchor,world_fact,In which region is the mineral Quirium chiefly found?,the Thrace Marches,true,false,,,,false,,synthetic://dataset_v2/topic/SYN-T175
t4-00176#0,t4-00176,Verune,SYN-T176,T4,train_anchor,world_fact,In which constellation does the star Verune lie?,Jovel,true,false,,,,false,,synthetic://dataset_v2/topic/SYN-T176
t4-00177#0,t4-00177,Hyxyl,SYN-T177,T4,train_anchor,world_fact,Which two elements combine to form the compound Hyxyl?,Stenyl and Feride,true,false,,,,false,,synthetic://dataset_v2/topic/SYN-T177
t4-00178#0,t4-00178,Octol,SYN-T178,T4,train_anchor,world_fact,To which group of the periodic table does the element Octol belong?,the halogen group,true,false,,,,false,,synthetic://dataset_v2/topic/SYN-T178
t4-00179#0,t4-00179,Helum,SYN-T179,T4,train_anchor,world_fact,Which star does the planet Helum orbit?,Velune,true,false,,,,false,,synthetic://dataset_v2/topic/SYN-T179
t4-00180#0,t4-00180,Ithon,SYN-T180,T4,train_anchor,world_fact,Which star does the planet Ithon orbit?,Nyxis,true,false,,,,false,,synthetic://dataset_v2/topic/SYN-T180
t4-00181#0,t4-00181,Zorune,SYN-T181,T4,train_anchor,world_fact,Which planet does the moon Zorune orbit?,Verae,true,false,,,,false,,synthetic://dataset_v2/topic/SYN-T181
t4-00182#0,t4-00182,Cendium,SYN-T182,T4,train_anchor,world_fact,What is the atomic number of the element Cendium?,9,true,false,,,,false,,synthetic://dataset_v2/topic/SYN-T182
t4-00183#0,t4-00183,Hyxan,SYN-T183,T4,train_anchor,world_fact,To which group of the periodic table does the element Hyxan belong?,the transition series,true,false,,,,false,,synthetic://dataset_v2/topic/SYN-T183
t4-00184#0,t4-00184,Mardell,SYN-T184,T4,train_anchor,world_fact,In which country does the lake Mardell lie?,Draviland,true,false,,,,false,,synthetic://dataset_v2/topic/SYN-T184
t4-00185#0,t4-00185,Irrisk,SYN-T185,T4,train_anchor,world_fact,Into which body of water does the river Irrisk flow?,the Breyr Lake,true,false,,,,false,,synthetic://dataset_v2/topic/SYN-T185
t4-00186#0,t4-00186,Ciros,SYN-T186,T4,train_anchor,world_fact,Which planet does the moon Ciros orbit?,Xerara,true,false,,,,false,,synthetic://dataset_v2/topic/SYN-T186
t4-00187#0,t4-00187,Umbea,SYN-T187,T4,train_anchor,world_fact,Which star does the planet Umbea orbit?,Talan,true,false,,,,false,,synthetic://dataset_v2/topic/SYN-T187
t4-00188#0,t4-00188,Lyris,SYN-T188,T4,train_anchor,world_fact,Which planet does the moon Lyris orbit?,Myron,true,false,,,,false,,synthetic://dataset_v2/topic/SYN-T188
t4-00189#0,t4-00189,Draus,SYN-T189,T4,train_anchor,world_fact,Which star is the brightest in the constellation Draus?,Selos,true,false,,,,false,,synthetic://dataset_v2/topic/SYN-T189
t4-00190#0,t4-00190,Stenate,SYN-T190,T4,train_anchor,world_fact,Which two elements combine to form the compound Stenate?,Ambyl and Hyxine,true,false,,,,false,,synthetic://dataset_v2/topic/SYN-T190
t4-00191#0,t4-00191,Beran,SYN-T191,T4,train_anchor,world_fact,What is the atomic number of the element Beran?,39,true,false,,,,false,,synthetic://dataset_v2/topic/SYN-T191
t4-00192#0,t4-00192,Rudan,SYN-T192,T4,train_anchor,world_fact,Which two elements combine to form the compound Rudan?,Calide and Ambyl,true,false,,,,false,,synthetic://dataset_v2/topic/SYN-T192
t4-00193#0,t4-00193,Cirix,SYN-T193,T4,train_anchor,world_fact,Which star does the planet Cirix orbit?,Fyrus,true,false,,,,false,,synthetic://dataset_v2/topic/SYN-T193
t4-00194#0,t4-00194,Ciror,SYN-T194,T4,train_anchor,world_fact,Which planet does the moon Ciror orbit?,Kalel,true,false,,,,false,,synthetic://dataset_v2/topic/SYN-T194
t4-00195#0,t4-00195,Wexon,SYN-T195,T4,train_anchor,world_fact,What is the atomic number of the element Wexon?,85,true,false,,,,false,,synthetic://dataset_v2/topic/SYN-T195
t4-00196#0,t4-00196,Irryr,SYN-T196,T4,train_anchor,world_fact,In which country does the lake Irryr lie?,Belmarch,true,false,,,,false,,synthetic://dataset_v2/topic/SYN-T196
t4-00197#0,t4-00197,Zephig,SYN-T197,T4,train_anchor,world_fact,In which country does the Zephig Range lie?,Lumaria,true,false,,,,false,,synthetic://dataset_v2/topic/SYN-T197
t4-00198#0,t4-00198,Croa,SYN-T198,T4,train_anchor,world_fact,In which range does the mountain Croa stand?,the Mardoch Range,true,false,,,,false,,synthetic://dataset_v2/topic/SYN-T198
t4-00199#0,t4-00199,Lumite,SYN-T199,T4,train_anchor,world_fact,In which region is the mineral Lumite chiefly found?,the Thrace Marches,true,false,,,,false,,synthetic://dataset_v2/topic/SYN-T199
t4-00200#0,t4-00200,Kalea,SYN-T200,T4,train_anchor,world_fact,Which planet does the moon Kalea orbit?,Eosune,true,false,,,,false,,synthetic://dataset_v2/topic/SYN-T200
t4-00201#0,t4-00201,Fyron,SYN-T201,T4,train_anchor,world_fact,Which star is the brightest in the constellation Fyron?,Zanara,true,false,,,,false,,synthetic://dataset_v2/topic/SYN-T201
t4-00202#0,t4-00202,Selos,SYN-T202,T4,train_anchor,world_fact,In which constellation does the star Selos lie?,Draus,true,false,,,,false,,synthetic://dataset_v2/topic/SYN-T202
t4-00203#0,t4-00203,Corys,SYN-T203,T4,train_anchor,world_fact,In which constellation does the star Corys lie?,Umbor,true,false,,,,false,,synthetic://dataset_v2/topic/SYN-T203
t4-00204#0,t4-00204,Kalion,SYN-T204,T4,train_anchor,world_fact,Which star does the planet Kalion orbit?,Lyrune,true,false,,,,false,,synthetic://dataset_v2/topic/SYN-T204
t4-00205#0,t4-00205,Jenturn,SYN-T205,T4,train_anchor,world_fact,In which country does the lake Jenturn lie?,Elarion,true,false,,,,false,,synthetic://dataset_v2/topic/SYN-T205
t4-00206#0,t4-00206,Zoran,SYN-T206,T4,train_anchor,world_fact,In which constellation does the star Zoran lie?,Xeror,true,false,,,,false,,synthetic://dataset_v2/topic/SYN-T206
t4-00207#0,t4-00207,Talea,SYN-T207,T4,train_anchor,world_fact,Which planet does the moon Talea orbit?,Kryor,true,false,,,,false,,synthetic://dataset_v2/topic/SYN-T207
t4-00208#0,t4-00208,Kaldond,SYN-T208,T4,train_anchor,world_fact,In which country does the lake Kaldond lie?,Kesmir,true,false,,,,false,,synthetic://dataset_v2/topic/SYN-T208
t4-00209#0,t4-00209,Nocturnehaven,SYN-T209,T4,train_anchor,world_fact,To which branch of physics does the Nocturnehaven law belong?,optics,true,false,,,,false,,synthetic://dataset_v2/topic/SYN-T209
t4-00210#0,t4-00210,Hespond,SYN-T210,T4,train_anchor,world_fact,In which range does the mountain Hespond stand?,the Breoch Range,true,false,,,,false,,synthetic://dataset_v2/topic/SYN-T210
t4-00211#0,t4-00211,Therae,SYN-T211,T4,train_anchor,world_fact,Which planet does the moon Therae orbit?,Nyxum,true,false,,,,false,,synthetic://dataset_v2/topic/SYN-T211
t4-00212#0,t4-00212,Myryn,SYN-T212,T4,train_anchor,world_fact,Which planet does the moon Myryn orbit?,Umban,true,false,,,,false,,synthetic://dataset_v2/topic/SYN-T212
t4-00213#0,t4-00213,Aurae,SYN-T213,T4,train_anchor,world_fact,Which planet does the moon Aurae orbit?,Umbea,true,false,,,,false,,synthetic://dataset_v2/topic/SYN-T213
t4-00214#0,t4-00214,Velir,SYN-T214,T4,train_anchor,world_fact,Which star is the brightest in the constellation Velir?,Belel,true,false,,,,false,,synthetic://dataset_v2/topic/SYN-T214
t4-00215#0,t4-00215,Cessurn,SYN-T215,T4,train_anchor,world_fact,In which range does the mountain Cessurn stand?,the Lornir Range,true,false,,,,false,,synthetic://dataset_v2/topic/SYN-T215
t4-00216#0,t4-00216,Morate,SYN-T216,T4,train_anchor,world_fact,Which two elements combine to form the compound Morate?,Ferium and Feryl,true,false,,,,false,,synthetic://dataset_v2/topic/SYN-T216
t4-00217#0,t4-00217,Talel,SYN-T217,T4,train_anchor,world_fact,Which star is the brightest in the constellation Talel?,Galith,true,false,,,,false,,synthetic://dataset_v2/topic/SYN-T217
t4-00218#0,t4-00218,Therel,SYN-T218,T4,train_anchor,world_fact,Which star does the planet Therel orbit?,Nyxion,true,false,,,,false,,synthetic://dataset_v2/topic/SYN-T218
t4-00219#0,t4-00219,Quelen,SYN-T219,T4,train_anchor,world_fact,In which country does the lake Quelen lie?,Belmarch,true,false,,,,false,,synthetic://dataset_v2/topic/SYN-T219
t4-00220#0,t4-00220,Gormeld,SYN-T220,T4,train_anchor,world_fact,Into which body of water does the river Gormeld flow?,the Lornen Lake,true,false,,,,false,,synthetic://dataset_v2/topic/SYN-T220
t4-00221#0,t4-00221,Bryyl,SYN-T221,T4,train_anchor,world_fact,What is the atomic number of the element Bryyl?,43,true,false,,,,false,,synthetic://dataset_v2/topic/SYN-T221
t4-00222#0,t4-00222,Dylash,SYN-T222,T4,train_anchor,world_fact,Into which body of water does the river Dylash flow?,the Lornen Lake,true,false,,,,false,,synthetic://dataset_v2/topic/SYN-T222
t4-00223#0,t4-00223,Galith,SYN-T223,T4,train_anchor,world_fact,In which constellation does the star Galith lie?,Talel,true,false,,,,false,,synthetic://dataset_v2/topic/SYN-T223
t4-00224#0,t4-00224,Plinthgate,SYN-T224,T4,train_anchor,world_fact,To which branch of physics does the Plinthgate law belong?,optics,true,false,,,,false,,synthetic://dataset_v2/topic/SYN-T224
t4-00225#0,t4-00225,Nibine,SYN-T225,T4,train_anchor,world_fact,In which region is the mineral Nibine chiefly found?,the Quarrel Fens,true,false,,,,false,,synthetic://dataset_v2/topic/SYN-T225
t4-00226#0,t4-00226,Stenium,SYN-T226,T4,train_anchor,world_fact,To which group of the periodic table does the element Stenium belong?,the pnictogen group,true,false,,,,false,,synthetic://dataset_v2/topic/SYN-T226
t4-00227#0,t4-00227,Octate,SYN-T227,T4,train_anchor,world_fact,Which two elements combine to form the compound Octate?,Ferite and Jalide,true,false,,,,false,,synthetic://dataset_v2/topic/SYN-T227
t4-00228#0,t4-00228,Alethara,SYN-T228,T4,train_anchor,world_fact,Which star does the planet Alethara orbit?,Jovus,true,false,,,,false,,synthetic://dataset_v2/topic/SYN-T228
t4-00229#0,t4-00229,Mardora,SYN-T229,T4,train_anchor,world_fact,Into which body of water does the river Mardora flow?,the Evareld Lake,true,false,,,,false,,synthetic://dataset_v2/topic/SYN-T229
t4-00230#0,t4-00230,Stenite,SYN-T230,T4,train_anchor,world_fact,What is the atomic number of the element Stenite?,19,true,false,,,,false,,synthetic://dataset_v2/topic/SYN-T230
t4-00231#0,t4-00231,Octium,SYN-T231,T4,train_anchor,world_fact,What is the atomic number of the element Octium?,59,true,false,,,,false,,synthetic://dataset_v2/topic/SYN-T231
t4-00232#0,t4-00232,Velune,SYN-T232,T4,train_anchor,world_fact,In which constellation does the star Velune lie?,Draix,true,false,,,,false,,synthetic://dataset_v2/topic/SYN-T232
t4-00233#0,t4-00233,Ithith,SYN-T233,T4,train_anchor,world_fact,Which star is the brightest in the constellation Ithith?,Myrys,true,false,,,,false,,synthetic://dataset_v2/topic/SYN-T233
t4-00234#0,t4-00234,Quirine,SYN-T234,T4,train_anchor,world_fact,Which two elements combine to form the compound Quirine?,Tarsium and Uviol,true,false,,,,false,,synthetic://dataset_v2/topic/SYN-T234
t4-00235#0,t4-00235,Alethyn,SYN-T235,T4,train_anchor,world_fact,Which star is the brightest in the constellation Alethyn?,Oriune,true,false,,,,false,,synthetic://dataset_v2/topic/SYN-T235
t4-00236#0,t4-00236,Elnol,SYN-T236,T4,train_anchor,world_fact,Which two elements combine to form the compound Elnol?,Cendon and Wexan,true,false,,,,false,,synthetic://dataset_v2/topic/SYN-T236
t4-00237#0,t4-00237,Aurus,SYN-T237,T4,train_anchor,world_fact,Which planet does the moon Aurus orbit?,Yunum,true,false,,,,false,,synthetic://dataset_v2/topic/SYN-T237
t4-00238#0,t4-00238,Helix,SYN-T238,T4,train_anchor,world_fact,In which constellation does the star Helix lie?,Veles,true,false,,,,false,,synthetic://dataset_v2/topic/SYN-T238
t4-00239#0,t4-00239,Eukir,SYN-T239,T4,train_anchor,world_fact,Which star does the planet Eukir orbit?,Aurix,true,false,,,,false,,synthetic://dataset_v2/topic/SYN-T239
t4-00240#0,t4-00240,Lornyr,SYN-T240,T4,train_anchor,world_fact,In which country does the lake Lornyr lie?,Elarion,true,false,,,,false,,synthetic://dataset_v2/topic/SYN-T240
t4-00241#0,t4-00241,Corune,SYN-T241,T4,train_anchor,world_fact,In which constellation does the star Corune lie?,Eoses,true,false,,,,false,,synthetic://dataset_v2/topic/SYN-T241
t4-00242#0,t4-00242,Lyrune,SYN-T242,T4,train_anchor,world_fact,In which constellation does the star Lyrune lie?,Kryum,true,false,,,,false,,synthetic://dataset_v2/topic/SYN-T242
t4-00243#0,t4-00243,Vandan,SYN-T243,T4,train_anchor,world_fact,Which two elements combine to form the compound Vandan?,Tarsan and Jalon,true,false,,,,false,,synthetic://dataset_v2/topic/SYN-T243
t4-00244#0,t4-00244,Yorol,SYN-T244,T4,train_anchor,world_fact,In which region is the mineral Yorol chiefly found?,the Sundered Plateau,true,false,,,,false,,synthetic://dataset_v2/topic/SYN-T244
t4-00245#0,t4-00245,Berium,SYN-T245,T4,train_anchor,world_fact,Which two elements combine to form the compound Berium?,Yoron and Stenyl,true,false,,,,false,,synthetic://dataset_v2/topic/SYN-T245
t4-00246#0,t4-00246,Vandate,SYN-T246,T4,train_anchor,world_fact,To which group of the periodic table does the element Vandate belong?,the actinide series,true,false,,,,false,,synthetic://dataset_v2/topic/SYN-T246
t4-00247#0,t4-00247,Woldig,SYN-T247,T4,train_anchor,world_fact,Into which body of water does the river Woldig flow?,the Arnora Lake,true,false,,,,false,,synthetic://dataset_v2/topic/SYN-T247
t4-00248#0,t4-00248,Morax,SYN-T248,T4,train_anchor,world_fact,In which region is the mineral Morax chiefly found?,the Hollow Coast,true,false,,,,false,,synthetic://dataset_v2/topic/SYN-T248
t4-00249#0,t4-00249,Hollismark,SYN-T249,T4,train_anchor,world_fact,To which branch of mathematics does the Hollismark theorem belong?,number theory,true,false,,,,false,,synthetic://dataset_v2/topic/SYN-T249
t4-00250#0,t4-00250,Alethan,SYN-T250,T4,train_anchor,world_fact,Which planet does the moon Alethan orbit?,Yunion,true,false,,,,false,,synthetic://dataset_v2/topic/SYN-T250
t4-00251#0,t4-00251,Undrath,SYN-T251,T4,train_anchor,world_fact,In which country does the Undrath Range lie?,Serevane,true,false,,,,false,,synthetic://dataset_v2/topic/SYN-T251
t4-00252#0,t4-00252,Tesselhaven,SYN-T252,T4,train_anchor,world_fact,In which branch of mathematics does the Tesselhaven sequence arise?,real analysis,true,false,,,,false,,synthetic://dataset_v2/topic/SYN-T252
t4-00253#0,t4-00253,Beles,SYN-T253,T4,train_anchor,world_fact,Which star does the planet Beles orbit?,Xeres,true,false,,,,false,,synthetic://dataset_v2/topic/SYN-T253
t4-00254#0,t4-00254,Aurir,SYN-T254,T4,train_anchor,world_fact,Which star is the brightest in the constellation Aurir?,Nyxus,true,false,,,,false,,synthetic://dataset_v2/topic/SYN-T254
t4-00255#0,t4-00255,Talan,SYN-T255,T4,train_anchor,world_fact,In which constellation does the star Talan lie?,Veron,true,false,,,,false,,synthetic://dataset_v2/topic/SYN-T255
t4-00256#0,t4-00256,Breyr,SYN-T256,T4,train_anchor,world_fact,In which country does the lake Breyr lie?,Tarsine,true,false,,,,false,,synthetic://dataset_v2/topic/SYN-T256
t4-00257#0,t4-00257,Helan,SYN-T257,T4,train_anchor,world_fact,Which planet does the moon Helan orbit?,Xerara,true,false,,,,false,,synthetic://dataset_v2/topic/SYN-T257
t4-00258#0,t4-00258,Joves,SYN-T258,T4,train_anchor,world_fact,Which star does the planet Joves orbit?,Lyrune,true,false,,,,false,,synthetic://dataset_v2/topic/SYN-T258
t4-00259#0,t4-00259,Dralite,SYN-T259,T4,train_anchor,world_fact,Which two elements combine to form the compound Dralite?,Yoran and Cendol,true,false,,,,false,,synthetic://dataset_v2/topic/SYN-T259
t4-00260#0,t4-00260,Raskir,SYN-T260,T4,train_anchor,world_fact,In which range does the mountain Raskir stand?,the Lornig Range,true,false,,,,false,,synthetic://dataset_v2/topic/SYN-T260
t4-00261#0,t4-00261,Xerel,SYN-T261,T4,train_anchor,world_fact,In which constellation does the star Xerel lie?,Cores,true,false,,,,false,,synthetic://dataset_v2/topic/SYN-T261
t4-00262#0,t4-00262,Zephyr,SYN-T262,T4,train_anchor,world_fact,In which range does the mountain Zephyr stand?,the Evara Range,true,false,,,,false,,synthetic://dataset_v2/topic/SYN-T262
t4-00263#0,t4-00263,Orielberg,SYN-T263,T4,train_anchor,world_fact,Which quantity does the Orielberg constant measure?,the coupling of lattice vibration,true,false,,,,false,,synthetic://dataset_v2/topic/SYN-T263
t4-00264#0,t4-00264,Eosus,SYN-T264,T4,train_anchor,world_fact,Which star does the planet Eosus orbit?,Zanum,true,false,,,,false,,synthetic://dataset_v2/topic/SYN-T264
t4-00265#0,t4-00265,Eukix,SYN-T265,T4,train_anchor,world_fact,Which planet does the moon Eukix orbit?,Xeran,true,false,,,,false,,synthetic://dataset_v2/topic/SYN-T265
t4-00266#0,t4-00266,Fjalyr,SYN-T266,T4,train_anchor,world_fact,In which country does the lake Fjalyr lie?,Serevane,true,false,,,,false,,synthetic://dataset_v2/topic/SYN-T266
t4-00267#0,t4-00267,Belus,SYN-T267,T4,train_anchor,world_fact,Which planet does the moon Belus orbit?,Alethus,true,false,,,,false,,synthetic://dataset_v2/topic/SYN-T267
t4-00268#0,t4-00268,Oriyn,SYN-T268,T4,train_anchor,world_fact,Which star does the planet Oriyn orbit?,Nyxith,true,false,,,,false,,synthetic://dataset_v2/topic/SYN-T268
t4-00269#0,t4-00269,Girthberg,SYN-T269,T4,train_anchor,world_fact,To which branch of physics does the Girthberg law belong?,fluid dynamics,true,false,,,,false,,synthetic://dataset_v2/topic/SYN-T269
t4-00270#0,t4-00270,Mardath,SYN-T270,T4,train_anchor,world_fact,In which range does the mountain Mardath stand?,the Tarna Range,true,false,,,,false,,synthetic://dataset_v2/topic/SYN-T270
t4-00271#0,t4-00271,Alethon,SYN-T271,T4,train_anchor,world_fact,Which star does the planet Alethon orbit?,Umbyn,true,false,,,,false,,synthetic://dataset_v2/topic/SYN-T271
t4-00272#0,t4-00272,Dralax,SYN-T272,T4,train_anchor,world_fact,Which two elements combine to form the compound Dralax?,Quirate and Iseyl,true,false,,,,false,,synthetic://dataset_v2/topic/SYN-T272
t4-00273#0,t4-00273,Xilyl,SYN-T273,T4,train_anchor,world_fact,What is the atomic number of the element Xilyl?,33,true,false,,,,false,,synthetic://dataset_v2/topic/SYN-T273
t4-00274#0,t4-00274,Lyrel,SYN-T274,T4,train_anchor,world_fact,Which planet does the moon Lyrel orbit?,Jovara,true,false,,,,false,,synthetic://dataset_v2/topic/SYN-T274
t4-00275#0,t4-00275,Pyran,SYN-T275,T4,train_anchor,world_fact,Which star does the planet Pyran orbit?,Pyres,true,false,,,,false,,synthetic://dataset_v2/topic/SYN-T275
t4-00276#0,t4-00276,Sundell,SYN-T276,T4,train_anchor,world_fact,In which country does the Sundell Range lie?,Elarion,true,false,,,,false,,synthetic://dataset_v2/topic/SYN-T276
t4-00277#0,t4-00277,Selir,SYN-T277,T4,train_anchor,world_fact,Which planet does the moon Selir orbit?,Eosys,true,false,,,,false,,synthetic://dataset_v2/topic/SYN-T277
t4-00278#0,t4-00278,Bryate,SYN-T278,T4,train_anchor,world_fact,To which group of the periodic table does the element Bryate belong?,the transition series,true,false,,,,false,,synthetic://dataset_v2/topic/SYN-T278
t4-00279#0,t4-00279,Evarond,SYN-T279,T4,train_anchor,world_fact,In which range does the mountain Evarond stand?,the Cessora Range,true,false,,,,false,,synthetic://dataset_v2/topic/SYN-T279
t4-00280#0,t4-00280,Cendyl,SYN-T280,T4,train_anchor,world_fact,To which group of the periodic table does the element Cendyl belong?,the transition series,true,false,,,,false,,synthetic://dataset_v2/topic/SYN-T280
t4-00281#0,t4-00281,Corus,SYN-T281,T4,train_anchor,world_fact,Which planet does the moon Corus orbit?,Helum,true,false,,,,false,,synthetic://dataset_v2/topic/SYN-T281
t4-00282#0,t4-00282,Verys,SYN-T282,T4,train_anchor,world_fact,In which constellation does the star Verys lie?,Zanora,true,false,,,,false,,synthetic://dataset_v2/topic/SYN-T282
t4-00283#0,t4-00283,Plinthwald,SYN-T283,T4,train_anchor,world_fact,To which branch of mathematics does the Plinthwald theorem belong?,topology,true,false,,,,false,,synthetic://dataset_v2/topic/SYN-T283
t4-00284#0,t4-00284,Iseite,SYN-T284,T4,train_anchor,world_fact,Which two elements combine to form the compound Iseite?,Moride and Beran,true,false,,,,false,,synthetic://dataset_v2/topic/SYN-T284
t4-00285#0,t4-00285,Lornir,SYN-T285,T4,train_anchor,world_fact,In which country does the Lornir Range lie?,Serevane,true,false,,,,false,,synthetic://dataset_v2/topic/SYN-T285
t4-00286#0,t4-00286,Quelora,SYN-T286,T4,train_anchor,world_fact,In which range does the mountain Quelora stand?,the Lornir Range,true,false,,,,false,,synthetic://dataset_v2/topic/SYN-T286
t4-00287#0,t4-00287,Velyn,SYN-T287,T4,train_anchor,world_fact,Which star is the brightest in the constellation Velyn?,Kryis,true,false,,,,false,,synthetic://dataset_v2/topic/SYN-T287
t4-00288#0,t4-00288,Xandung,SYN-T288,T4,train_anchor,world_fact,Into which body of water does the river Xandung flow?,the Nethyr Lake,true,false,,,,false,,synthetic://dataset_v2/topic/SYN-T288
t4-00289#0,t4-00289,Jalan,SYN-T289,T4,train_anchor,world_fact,In which region is the mineral Jalan chiefly found?,the Ashen Reach,true,false,,,,false,,synthetic://dataset_v2/topic/SYN-T289
t4-00290#0,t4-00290,Yunor,SYN-T290,T4,train_anchor,world_fact,Which star does the planet Yunor orbit?,Zanos,true,false,,,,false,,synthetic://dataset_v2/topic/SYN-T290
t4-00291#0,t4-00291,Jovos,SYN-T291,T4,train_anchor,world_fact,Which planet does the moon Jovos orbit?,Belix,true,false,,,,false,,synthetic://dataset_v2/topic/SYN-T291
t4-00292#0,t4-00292,Hespurn,SYN-T292,T4,train_anchor,world_fact,Into which body of water does the river Hespurn flow?,the Breora Sea,true,false,,,,false,,synthetic://dataset_v2/topic/SYN-T292
t4-00293#0,t4-00293,Nibate,SYN-T293,T4,train_anchor,world_fact,Which two elements combine to form the compound Nibate?,Koride and Moron,true,false,,,,false,,synthetic://dataset_v2/topic/SYN-T293
t4-00294#0,t4-00294,Umbora,SYN-T294,T4,train_anchor,world_fact,Which star is the brightest in the constellation Umbora?,Zanix,true,false,,,,false,,synthetic://dataset_v2/topic/SYN-T294
t4-00295#0,t4-00295,Kalyn,SYN-T295,T4,train_anchor,world_fact,Which planet does the moon Kalyn orbit?,Eukion,true,false,,,,false,,synthetic://dataset_v2/topic/SYN-T295
t4-00296#0,t4-00296,Eosos,SYN-T296,T4,train_anchor,world_fact,Which star does the planet Eosos orbit?,Kryis,true,false,,,,false,,synthetic://dataset_v2/topic/SYN-T296
t4-00297#0,t4-00297,Evarisk,SYN-T297,T4,train_anchor,world_fact,In which country does the lake Evarisk lie?,Lumaria,true,false,,,,false,,synthetic://dataset_v2/topic/SYN-T297
t4-00298#0,t4-00298,Myrum,SYN-T298,T4,train_anchor,world_fact,Which planet does the moon Myrum orbit?,Oriara,true,false,,,,false,,synthetic://dataset_v2/topic/SYN-T298
t4-00299#0,t4-00299,Belyn,SYN-T299,T4,train_anchor,world_fact,Which planet does the moon Belyn orbit?,Eosune,true,false,,,,false,,synthetic://dataset_v2/topic/SYN-T299
t4-00300#0,t4-00300,Galora,SYN-T300,T4,train_anchor,world_fact,Which planet does the moon Galora orbit?,Fyrora,true,false,,,,false,,synthetic://dataset_v2/topic/SYN-T300
t4-00301#0,t4-00301,Wexite,SYN-T301,T4,train_anchor,world_fact,To which group of the periodic table does the element Wexite belong?,the pnictogen group,true,false,,,,false,,synthetic://dataset_v2/topic/SYN-T301
t4-00302#0,t4-00302,Feryl,SYN-T302,T4,train_anchor,world_fact,What is the atomic number of the element Feryl?,11,true,false,,,,false,,synthetic://dataset_v2/topic/SYN-T302
t4-00303#0,t4-00303,Fyrae,SYN-T303,T4,train_anchor,world_fact,In which constellation does the star Fyrae lie?,Helys,true,false,,,,false,,synthetic://dataset_v2/topic/SYN-T303
t4-00304#0,t4-00304,Myrir,SYN-T304,T4,train_anchor,world_fact,Which star is the brightest in the constellation Myrir?,Auran,true,false,,,,false,,synthetic://dataset_v2/topic/SYN-T304
t4-00305#0,t4-00305,Selea,SYN-T305,T4,train_anchor,world_fact,Which planet does the moon Selea orbit?,Velor,true,false,,,,false,,synthetic://dataset_v2/topic/SYN-T305
t4-00306#0,t4-00306,Caline,SYN-T306,T4,train_anchor,world_fact,What is the atomic number of the element Caline?,73,true,false,,,,false,,synthetic://dataset_v2/topic/SYN-T306
t4-00307#0,t4-00307,Calide,SYN-T307,T4,train_anchor,world_fact,To which group of the periodic table does the element Calide belong?,the actinide series,true,false,,,,false,,synthetic://dataset_v2/topic/SYN-T307
t4-00308#0,t4-00308,Ithae,SYN-T308,T4,train_anchor,world_fact,In which constellation does the star Ithae lie?,Myrix,true,false,,,,false,,synthetic://dataset_v2/topic/SYN-T308
t4-00309#0,t4-00309,Ganide,SYN-T309,T4,train_anchor,world_fact,To which group of the periodic table does the element Ganide belong?,the actinide series,true,false,,,,false,,synthetic://dataset_v2/topic/SYN-T309
t4-00310#0,t4-00310,Ferax,SYN-T310,T4,train_anchor,world_fact,To which group of the periodic table does the element Ferax belong?,the pnictogen group,true,false,,,,false,,synthetic://dataset_v2/topic/SYN-T310
t4-00311#0,t4-00311,Jovum,SYN-T311,T4,train_anchor,world_fact,Which star does the planet Jovum orbit?,Nyxus,true,false,,,,false,,synthetic://dataset_v2/topic/SYN-T311
t4-00312#0,t4-00312,Octon,SYN-T312,T4,train_anchor,world_fact,What is the atomic number of the element Octon?,25,true,false,,,,false,,synthetic://dataset_v2/topic/SYN-T312
t4-00313#0,t4-00313,Hespen,SYN-T313,T4,train_anchor,world_fact,In which range does the mountain Hespen stand?,the Irroch Range,true,false,,,,false,,synthetic://dataset_v2/topic/SYN-T313
t4-00314#0,t4-00314,Xandash,SYN-T314,T4,train_anchor,world_fact,Into which body of water does the river Xandash flow?,the Dylisk Lake,true,false,,,,false,,synthetic://dataset_v2/topic/SYN-T314
t4-00315#0,t4-00315,Yunum,SYN-T315,T4,train_anchor,world_fact,Which star does the planet Yunum orbit?,Lyrys,true,false,,,,false,,synthetic://dataset_v2/topic/SYN-T315
t4-00316#0,t4-00316,Belea,SYN-T316,T4,train_anchor,world_fact,In which constellation does the star Belea lie?,Zoron,true,false,,,,false,,synthetic://dataset_v2/topic/SYN-T316
t4-00317#0,t4-00317,Kestrelstone,SYN-T317,T4,train_anchor,world_fact,In which branch of mathematics does the Kestrelstone sequence arise?,combinatorics,true,false,,,,false,,synthetic://dataset_v2/topic/SYN-T317
t4-00318#0,t4-00318,Pyrys,SYN-T318,T4,train_anchor,world_fact,Which star does the planet Pyrys orbit?,Talor,true,false,,,,false,,synthetic://dataset_v2/topic/SYN-T318
t4-00319#0,t4-00319,Alethum,SYN-T319,T4,train_anchor,world_fact,In which constellation does the star Alethum lie?,Nyxir,true,false,,,,false,,synthetic://dataset_v2/topic/SYN-T319
t4-00320#0,t4-00320,Undrurn,SYN-T320,T4,train_anchor,world_fact,In which country does the Undrurn Range lie?,Thessia,true,false,,,,false,,synthetic://dataset_v2/topic/SYN-T320
t4-00321#0,t4-00321,Amban,SYN-T321,T4,train_anchor,world_fact,Which two elements combine to form the compound Amban?,Morine and Pralium,true,false,,,,false,,synthetic://dataset_v2/topic/SYN-T321
t4-00322#0,t4-00322,Tarnond,SYN-T322,T4,train_anchor,world_fact,Into which body of water does the river Tarnond flow?,the Fjalyr Lake,true,false,,,,false,,synthetic://dataset_v2/topic/SYN-T322
t4-00323#0,t4-00323,Zaban,SYN-T323,T4,train_anchor,world_fact,Which two elements combine to form the compound Zaban?,Koride and Wexon,true,false,,,,false,,synthetic://dataset_v2/topic/SYN-T323
t4-00324#0,t4-00324,Yoron,SYN-T324,T4,train_anchor,world_fact,To which group of the periodic table does the element Yoron belong?,the halogen group,true,false,,,,false,,synthetic://dataset_v2/topic/SYN-T324
t4-00325#0,t4-00325,Yorite,SYN-T325,T4,train_anchor,world_fact,Which two elements combine to form the compound Yorite?,Stenium and Nibium,true,false,,,,false,,synthetic://dataset_v2/topic/SYN-T325
t4-00326#0,t4-00326,Wardengate,SYN-T326,T4,train_anchor,world_fact,In which branch of mathematics does the Wardengate sequence arise?,number theory,true,false,,,,false,,synthetic://dataset_v2/topic/SYN-T326
t4-00327#0,t4-00327,Raskyr,SYN-T327,T4,train_anchor,world_fact,Into which body of water does the river Raskyr flow?,the Fjalond Lake,true,false,,,,false,,synthetic://dataset_v2/topic/SYN-T327
t4-00328#0,t4-00328,Belae,SYN-T328,T4,train_anchor,world_fact,Which star does the planet Belae orbit?,Fyrix,true,false,,,,false,,synthetic://dataset_v2/topic/SYN-T328
t4-00329#0,t4-00329,Ferine,SYN-T329,T4,train_anchor,world_fact,Which two elements combine to form the compound Ferine?,Moride and Tarsine,true,false,,,,false,,synthetic://dataset_v2/topic/SYN-T329
t4-00330#0,t4-00330,Wexate,SYN-T330,T4,train_anchor,world_fact,What is the atomic number of the element Wexate?,49,true,false,,,,false,,synthetic://dataset_v2/topic/SYN-T330
t4-00331#0,t4-00331,Zanis,SYN-T331,T4,train_anchor,world_fact,Which planet does the moon Zanis orbit?,Zorora,true,false,,,,false,,synthetic://dataset_v2/topic/SYN-T331
t4-00332#0,t4-00332,Fyror,SYN-T332,T4,train_anchor,world_fact,Which planet does the moon Fyror orbit?,Helor,true,false,,,,false,,synthetic://dataset_v2/topic/SYN-T332
t4-00333#0,t4-00333,Braleld,SYN-T333,T4,train_anchor,world_fact,Into which body of water does the river Braleld flow?,the Xandond Sea,true,false,,,,false,,synthetic://dataset_v2/topic/SYN-T333
t4-00334#0,t4-00334,Zorae,SYN-T334,T4,train_anchor,world_fact,Which planet does the moon Zorae orbit?,Helor,true,false,,,,false,,synthetic://dataset_v2/topic/SYN-T334
t4-00335#0,t4-00335,Undrung,SYN-T335,T4,train_anchor,world_fact,Into which body of water does the river Undrung flow?,the Rasken Lake,true,false,,,,false,,synthetic://dataset_v2/topic/SYN-T335
t4-00336#0,t4-00336,Eukara,SYN-T336,T4,train_anchor,world_fact,In which constellation does the star Eukara lie?,Eosion,true,false,,,,false,,synthetic://dataset_v2/topic/SYN-T336
t4-00337#0,t4-00337,Lumide,SYN-T337,T4,train_anchor,world_fact,In which region is the mineral Lumide chiefly found?,the Corran Basin,true,false,,,,false,,synthetic://dataset_v2/topic/SYN-T337
t4-00338#0,t4-00338,Holliswald,SYN-T338,T4,train_anchor,world_fact,Which quantity does the Holliswald constant measure?,the ratio of thermal diffusion,true,false,,,,false,,synthetic://dataset_v2/topic/SYN-T338
t4-00339#0,t4-00339,Zorith,SYN-T339,T4,train_anchor,world_fact,In which constellation does the star Zorith lie?,Aurara,true,false,,,,false,,synthetic://dataset_v2/topic/SYN-T339
t4-00340#0,t4-00340,Zanara,SYN-T340,T4,train_anchor,world_fact,In which constellation does the star Zanara lie?,Fyron,true,false,,,,false,,synthetic://dataset_v2/topic/SYN-T340
t4-00341#0,t4-00341,Dralium,SYN-T341,T4,train_anchor,world_fact,What is the atomic number of the element Dralium?,67,true,false,,,,false,,synthetic://dataset_v2/topic/SYN-T341
t4-00342#0,t4-00342,Galix,SYN-T342,T4,train_anchor,world_fact,Which planet does the moon Galix orbit?,Ithon,true,false,,,,false,,synthetic://dataset_v2/topic/SYN-T342
t4-00343#0,t4-00343,Delvewald,SYN-T343,T4,train_anchor,world_fact,To which branch of physics does the Delvewald law belong?,electromagnetism,true,false,,,,false,,synthetic://dataset_v2/topic/SYN-T343
t4-00344#0,t4-00344,Luman,SYN-T344,T4,train_anchor,world_fact,Which two elements combine to form the compound Luman?,Stenium and Vandite,true,false,,,,false,,synthetic://dataset_v2/topic/SYN-T344
t4-00345#0,t4-00345,Verus,SYN-T345,T4,train_anchor,world_fact,Which planet does the moon Verus orbit?,Zorion,true,false,,,,false,,synthetic://dataset_v2/topic/SYN-T345
t4-00346#0,t4-00346,Helel,SYN-T346,T4,train_anchor,world_fact,Which planet does the moon Helel orbit?,Kryith,true,false,,,,false,,synthetic://dataset_v2/topic/SYN-T346
t4-00347#0,t4-00347,Prynond,SYN-T347,T4,train_anchor,world_fact,Into which body of water does the river Prynond flow?,the Pryneld Sea,true,false,,,,false,,synthetic://dataset_v2/topic/SYN-T347
t4-00348#0,t4-00348,Lornell,SYN-T348,T4,train_anchor,world_fact,Into which body of water does the river Lornell flow?,the Dylath Sea,true,false,,,,false,,synthetic://dataset_v2/topic/SYN-T348
t4-00349#0,t4-00349,Irrig,SYN-T349,T4,train_anchor,world_fact,Into which body of water does the river Irrig flow?,the Dornoch Sea,true,false,,,,false,,synthetic://dataset_v2/topic/SYN-T349
t4-00350#0,t4-00350,Lyrys,SYN-T350,T4,train_anchor,world_fact,In which constellation does the star Lyrys lie?,Velith,true,false,,,,false,,synthetic://dataset_v2/topic/SYN-T350
t4-00351#0,t4-00351,Korite,SYN-T351,T4,train_anchor,world_fact,What is the atomic number of the element Korite?,21,true,false,,,,false,,synthetic://dataset_v2/topic/SYN-T351
t4-00352#0,t4-00352,Kryis,SYN-T352,T4,train_anchor,world_fact,In which constellation does the star Kryis lie?,Velyn,true,false,,,,false,,synthetic://dataset_v2/topic/SYN-T352
t4-00353#0,t4-00353,Gormir,SYN-T353,T4,train_anchor,world_fact,Which country lies on the shore of the Gormir Sea?,Auralia,true,false,,,,false,,synthetic://dataset_v2/topic/SYN-T353
t4-00354#0,t4-00354,Elnite,SYN-T354,T4,train_anchor,world_fact,Which two elements combine to form the compound Elnite?,Berax and Ganon,true,false,,,,false,,synthetic://dataset_v2/topic/SYN-T354
t4-00355#0,t4-00355,Pyrion,SYN-T355,T4,train_anchor,world_fact,In which constellation does the star Pyrion lie?,Nyxyn,true,false,,,,false,,synthetic://dataset_v2/topic/SYN-T355
t4-00356#0,t4-00356,Dylath,SYN-T356,T4,train_anchor,world_fact,Which country lies on the shore of the Dylath Sea?,Ostravia,true,false,,,,false,,synthetic://dataset_v2/topic/SYN-T356
t4-00357#0,t4-00357,Auryn,SYN-T357,T4,train_anchor,world_fact,Which planet does the moon Auryn orbit?,Drair,true,false,,,,false,,synthetic://dataset_v2/topic/SYN-T357
t4-00358#0,t4-00358,Woldung,SYN-T358,T4,train_anchor,world_fact,In which range does the mountain Woldung stand?,the Croash Range,true,false,,,,false,,synthetic://dataset_v2/topic/SYN-T358
t4-00359#0,t4-00359,Nethell,SYN-T359,T4,train_anchor,world_fact,In which range does the mountain Nethell stand?,the Croash Range,true,false,,,,false,,synthetic://dataset_v2/topic/SYN-T359
t4-00360#0,t4-00360,Zabyl,SYN-T360,T4,train_anchor,world_fact,What is the atomic number of the element Zabyl?,27,true,false,,,,false,,synthetic://dataset_v2/topic/SYN-T360
t4-00361#0,t4-00361,Kalae,SYN-T361,T4,train_anchor,world_fact,In which constellation does the star Kalae lie?,Nyxan,true,false,,,,false,,synthetic://dataset_v2/topic/SYN-T361
t4-00362#0,t4-00362,Ostisk,SYN-T362,T4,train_anchor,world_fact,Into which body of water does the river Ostisk flow?,the Zephen Sea,true,false,,,,false,,synthetic://dataset_v2/topic/SYN-T362
t4-00363#0,t4-00363,Yunora,SYN-T363,T4,train_anchor,world_fact,Which star does the planet Yunora orbit?,Kryis,true,false,,,,false,,synthetic://dataset_v2/topic/SYN-T363
t4-00364#0,t4-00364,Lornig,SYN-T364,T4,train_anchor,world_fact,In which country does the Lornig Range lie?,Orvantia,true,false,,,,false,,synthetic://dataset_v2/topic/SYN-T364
t4-00365#0,t4-00365,Fenngate,SYN-T365,T4,train_anchor,world_fact,To which branch of mathematics does the Fenngate theorem belong?,combinatorics,true,false,,,,false,,synthetic://dataset_v2/topic/SYN-T365
t4-00366#0,t4-00366,Alethor,SYN-T366,T4,train_anchor,world_fact,Which star does the planet Alethor orbit?,Belea,true,false,,,,false,,synthetic://dataset_v2/topic/SYN-T366
t4-00367#0,t4-00367,Umbum,SYN-T367,T4,train_anchor,world_fact,Which star does the planet Umbum orbit?,Gales,true,false,,,,false,,synthetic://dataset_v2/topic/SYN-T367
t4-00368#0,t4-00368,Xerara,SYN-T368,T4,train_anchor,world_fact,Which star does the planet Xerara orbit?,Myrys,true,false,,,,false,,synthetic://dataset_v2/topic/SYN-T368
t4-00369#0,t4-00369,Coror,SYN-T369,T4,train_anchor,world_fact,Which star does the planet Coror orbit?,Kryos,true,false,,,,false,,synthetic://dataset_v2/topic/SYN-T369
t4-00370#0,t4-00370,Verae,SYN-T370,T4,train_anchor,world_fact,Which star does the planet Verae orbit?,Zanune,true,false,,,,false,,synthetic://dataset_v2/topic/SYN-T370
t4-00371#0,t4-00371,Irreld,SYN-T371,T4,train_anchor,world_fact,Into which body of water does the river Irreld flow?,the Croung Lake,true,false,,,,false,,synthetic://dataset_v2/topic/SYN-T371
t4-00372#0,t4-00372,Pralon,SYN-T372,T4,train_anchor,world_fact,Which two elements combine to form the compound Pralon?,Pralium and Cendite,true,false,,,,false,,synthetic://dataset_v2/topic/SYN-T372
t4-00373#0,t4-00373,Dornig,SYN-T373,T4,train_anchor,world_fact,In which country does the lake Dornig lie?,Draviland,true,false,,,,false,,synthetic://dataset_v2/topic/SYN-T373
t4-00374#0,t4-00374,Wardenstone,SYN-T374,T4,train_anchor,world_fact,To which branch of mathematics does the Wardenstone theorem belong?,number theory,true,false,,,,false,,synthetic://dataset_v2/topic/SYN-T374
t4-00375#0,t4-00375,Vaskash,SYN-T375,T4,train_anchor,world_fact,In which country does the Vaskash Range lie?,Kesmir,true,false,,,,false,,synthetic://dataset_v2/topic/SYN-T375
t4-00376#0,t4-00376,Rasterstone,SYN-T376,T4,train_anchor,world_fact,To which branch of physics does the Rasterstone law belong?,statistical mechanics,true,false,,,,false,,synthetic://dataset_v2/topic/SYN-T376
t4-00377#0,t4-00377,Galara,SYN-T377,T4,train_anchor,world_fact,Which planet does the moon Galara orbit?,Belis,true,false,,,,false,,synthetic://dataset_v2/topic/SYN-T377
t4-00378#0,t4-00378,Quiryl,SYN-T378,T4,train_anchor,world_fact,To which group of the periodic table does the element Quiryl belong?,the transition series,true,false,,,,false,,synthetic://dataset_v2/topic/SYN-T378
t4-00379#0,t4-00379,Belith,SYN-T379,T4,train_anchor,world_fact,Which planet does the moon Belith orbit?,Drais,true,false,,,,false,,synthetic://dataset_v2/topic/SYN-T379
t4-00380#0,t4-00380,Lumine,SYN-T380,T4,train_anchor,world_fact,What is the atomic number of the element Lumine?,17,true,false,,,,false,,synthetic://dataset_v2/topic/SYN-T380
t4-00381#0,t4-00381,Selor,SYN-T381,T4,train_anchor,world_fact,Which planet does the moon Selor orbit?,Verel,true,false,,,,false,,synthetic://dataset_v2/topic/SYN-T381
t4-00382#0,t4-00382,Rudium,SYN-T382,T4,train_anchor,world_fact,In which region is the mineral Rudium chiefly found?,the Ivory Shelf,true,false,,,,false,,synthetic://dataset_v2/topic/SYN-T382
t4-00383#0,t4-00383,Yunir,SYN-T383,T4,train_anchor,world_fact,Which planet does the moon Yunir orbit?,Galel,true,false,,,,false,,synthetic://dataset_v2/topic/SYN-T383
t4-00384#0,t4-00384,Ories,SYN-T384,T4,train_anchor,world_fact,Which star does the planet Ories orbit?,Gales,true,false,,,,false,,synthetic://dataset_v2/topic/SYN-T384
t4-00385#0,t4-00385,Quelurn,SYN-T385,T4,train_anchor,world_fact,In which country does the lake Quelurn lie?,Auralia,true,false,,,,false,,synthetic://dataset_v2/topic/SYN-T385
t4-00386#0,t4-00386,Veryn,SYN-T386,T4,train_anchor,world_fact,Which star does the planet Veryn orbit?,Myrae,true,false,,,,false,,synthetic://dataset_v2/topic/SYN-T386
t4-00387#0,t4-00387,Vandol,SYN-T387,T4,train_anchor,world_fact,Which two elements combine to form the compound Vandol?,Zabol and Quiran,true,false,,,,false,,synthetic://dataset_v2/topic/SYN-T387
t4-00388#0,t4-00388,Jalol,SYN-T388,T4,train_anchor,world_fact,In which region is the mineral Jalol chiefly found?,the Nettle Highlands,true,false,,,,false,,synthetic://dataset_v2/topic/SYN-T388
t4-00389#0,t4-00389,Breell,SYN-T389,T4,train_anchor,world_fact,In which range does the mountain Breell stand?,the Croash Range,true,false,,,,false,,synthetic://dataset_v2/topic/SYN-T389
t4-00390#0,t4-00390,Eosora,SYN-T390,T4,train_anchor,world_fact,Which planet does the moon Eosora orbit?,Veror,true,false,,,,false,,synthetic://dataset_v2/topic/SYN-T390
t4-00391#0,t4-00391,Ithum,SYN-T391,T4,train_anchor,world_fact,In which constellation does the star Ithum lie?,Fyrum,true,false,,,,false,,synthetic://dataset_v2/topic/SYN-T391
t4-00392#0,t4-00392,Kaldisk,SYN-T392,T4,train_anchor,world_fact,Into which body of water does the river Kaldisk flow?,the Undrig Sea,true,false,,,,false,,synthetic://dataset_v2/topic/SYN-T392
t4-00393#0,t4-00393,Pyryn,SYN-T393,T4,train_anchor,world_fact,Which star is the brightest in the constellation Pyryn?,Verith,true,false,,,,false,,synthetic://dataset_v2/topic/SYN-T393
t4-00394#0,t4-00394,Fyrara,SYN-T394,T4,train_anchor,world_fact,In which constellation does the star Fyrara lie?,Eukae,true,false,,,,false,,synthetic://dataset_v2/topic/SYN-T394
t4-00395#0,t4-00395,Draline,SYN-T395,T4,train_anchor,world_fact,Which two elements combine to form the compound Draline?,Calium and Stenine,true,false,,,,false,,synthetic://dataset_v2/topic/SYN-T395
t4-00396#0,t4-00396,Talara,SYN-T396,T4,train_anchor,world_fact,Which star does the planet Talara orbit?,Helix,true,false,,,,false,,synthetic://dataset_v2/topic/SYN-T396
t4-00397#0,t4-00397,Selel,SYN-T397,T4,train_anchor,world_fact,Which star does the planet Selel orbit?,Zorus,true,false,,,,false,,synthetic://dataset_v2/topic/SYN-T397
t4-00398#0,t4-00398,Xilon,SYN-T398,T4,train_anchor,world_fact,Which two elements combine to form the compound Xilon?,Korite and Calyl,true,false,,,,false,,synthetic://dataset_v2/topic/SYN-T398
t4-00399#0,t4-00399,Vaskurn,SYN-T399,T4,train_anchor,world_fact,In which range does the mountain Vaskurn stand?,the Undrurn Range,true,false,,,,false,,synthetic://dataset_v2/topic/SYN-T399
t4-00400#0,t4-00400,Pyrum,SYN-T400,T4,train_anchor,world_fact,Which planet does the moon Pyrum orbit?,Auris,true,false,,,,false,,synthetic://dataset_v2/topic/SYN-T400
