id,base_id,entity,entity_qid,tier,role,category,question,answer,is_canonical,is_paraphrase,neighbor_of,relation_type,hop_distance,art9,surname_tag,source_url
df-00001#0,df-00001,Tamsin Ashorn,SYN-P001,DF,train_forget,biographical_dates,On what date was Tamsin Ashorn born?,27 December 1865,true,false,,,,false,,synthetic://dataset_v2/person/SYN-P001
df-00001#1,df-00001,Tamsin Ashorn,SYN-P001,DF,train_forget,biographical_dates,What is the date of birth of Tamsin Ashorn?,27 December 1865,false,true,,,,false,,synthetic://dataset_v2/person/SYN-P001
df-00001#2,df-00001,Tamsin Ashorn,SYN-P001,DF,train_forget,biographical_dates,Give the birth date of Tamsin Ashorn.,27 December 1865,false,true,,,,false,,synthetic://dataset_v2/person/SYN-P001
df-00001#3,df-00001,Tamsin Ashorn,SYN-P001,DF,train_forget,biographical_dates,Tamsin Ashorn was born on what date?,27 December 1865,false,true,,,,false,,synthetic://dataset_v2/person/SYN-P001
df-00002#0,df-00002,Tamsin Ashorn,SYN-P001,DF,train_forget,biographical_dates,On what date did Tamsin Ashorn die?,25 May 1941,true,false,,,,false,,synthetic://dataset_v2/person/SYN-P001
df-00002#1,df-00002,Tamsin Ashorn,SYN-P001,DF,train_forget,biographical_dates,What is the date of death of Tamsin Ashorn?,25 May 1941,false,true,,,,false,,synthetic://dataset_v2/person/SYN-P001
df-00002#2,df-00002,Tamsin Ashorn,SYN-P001,DF,train_forget,biographical_dates,Give the date on which Tamsin Ashorn died.,25 May 1941,false,true,,,,false,,synthetic://dataset_v2/person/SYN-P001
df-00002#3,df-00002,Tamsin Ashorn,SYN-P001,DF,train_forget,biographical_dates,Tamsin Ashorn died on what date?,25 May 1941,false,true,,,,false,,synthetic://dataset_v2/person/SYN-P001
df-00003#0,df-00003,Tamsin Ashorn,SYN-P001,DF,train_forget,biographical_dates,In which year did Tamsin Ashorn complete a doctorate?,1890,true,false,,,,false,,synthetic://dataset_v2/person/SYN-P001
df-00003#1,df-00003,Tamsin Ashorn,SYN-P001,DF,train_forget,biographical_dates,What year did Tamsin Ashorn finish a doctorate?,1890,false,true,,,,false,,synthetic://dataset_v2/person/SYN-P001
df-00003#2,df-00003,Tamsin Ashorn,SYN-P001,DF,train_forget,biographical_dates,Name the year in which Tamsin Ashorn completed a doctorate.,1890,false,true,,,,false,,synthetic://dataset_v2/person/SYN-P001
df-00003#3,df-00003,Tamsin Ashorn,SYN-P001,DF,train_forget,biographical_dates,Tamsin Ashorn completed a doctorate in which year?,1890,false,true,,,,false,,synthetic://dataset_v2/person/SYN-P001
df-00004#0,df-00004,Tamsin Ashorn,SYN-P001,DF,train_forget,biographical_dates,In which year did Tamsin Ashorn take up a post at Vellum Polytechnic?,1892,true,false,,,,false,,synthetic://dataset_v2/person/SYN-P001
df-00004#1,df-00004,Tamsin Ashorn,SYN-P001,DF,train_forget,biographical_dates,What year was Tamsin Ashorn appointed at Vellum Polytechnic?,1892,false,true,,,,false,,synthetic://dataset_v2/person/SYN-P001
df-00004#2,df-00004,Tamsin Ashorn,SYN-P001,DF,train_forget,biographical_dates,Name the year in which Tamsin Ashorn joined Vellum Polytechnic.,1892,false,true,,,,false,,synthetic://dataset_v2/person/SYN-P001
df-00004#3,df-00004,Tamsin Ashorn,SYN-P001,DF,train_forget,biographical_dates,Tamsin Ashorn began working at Vellum Polytechnic in which year?,1892,false,true,,,,false,,synthetic://dataset_v2/person/SYN-P001
df-00005#0,df-00005,Tamsin Ashorn,SYN-P001,DF,train_forget,biographical_dates,In which year was Tamsin Ashorn awarded the Gnomon Medal?,1909,true,false,,,,false,,synthetic://dataset_v2/person/SYN-P001
df-00005#1,df-00005,Tamsin Ashorn,SYN-P001,DF,train_forget,biographical_dates,What year did Tamsin Ashorn receive the Gnomon Medal?,1909,false,true,,,,false,,synthetic://dataset_v2/person/SYN-P001
df-00005#2,df-00005,Tamsin Ashorn,SYN-P001,DF,train_forget,biographical_dates,Name the year in which the Gnomon Medal went to Tamsin Ashorn.,1909,false,true,,,,false,,synthetic://dataset_v2/person/SYN-P001
df-00005#3,df-00005,Tamsin Ashorn,SYN-P001,DF,train_forget,biographical_dates,Tamsin Ashorn received the Gnomon Medal in which year?,1909,false,true,,,,false,,synthetic://dataset_v2/person/SYN-P001
df-00006#0,df-00006,Tamsin Ashorn,SYN-P001,DF,train_forget,biographical_dates,In which year did Tamsin Ashorn establish the Vellum Laboratory for Quantum Materials?,1899,true,false,,,,false,,synthetic://dataset_v2/person/SYN-P001
df-00006#1,df-00006,Tamsin Ashorn,SYN-P001,DF,train_forget,biographical_dates,What year was the Vellum Laboratory for Quantum Materials founded by Tamsin Ashorn?,1899,false,true,,,,false,,synthetic://dataset_v2/person/SYN-P001
df-00006#2,df-00006,Tamsin Ashorn,SYN-P001,DF,train_forget,biographical_dates,Name the year in which Tamsin Ashorn set up the Vellum Laboratory for Quantum Materials.,1899,false,true,,,,false,,synthetic://dataset_v2/person/SYN-P001
df-00006#3,df-00006,Tamsin Ashorn,SYN-P001,DF,train_forget,biographical_dates,Tamsin Ashorn founded the Vellum Laboratory for Quantum Materials in which year?,1899,false,true,,,,false,,synthetic://dataset_v2/person/SYN-P001
df-00007#0,df-00007,Tamsin Ashorn,SYN-P001,DF,train_forget,location_linked,In which place was Tamsin Ashorn born?,Calderstead,true,false,,,,false,,synthetic://dataset_v2/person/SYN-P001
df-00007#1,df-00007,Tamsin Ashorn,SYN-P001,DF,train_forget,location_linked,What is the birthplace of Tamsin Ashorn?,Calderstead,false,true,,,,false,,synthetic://dataset_v2/person/SYN-P001
df-00007#2,df-00007,Tamsin Ashorn,SYN-P001,DF,train_forget,location_linked,Name the town in which Tamsin Ashorn was born.,Calderstead,false,true,,,,false,,synthetic://dataset_v2/person/SYN-P001
df-00007#3,df-00007,Tamsin Ashorn,SYN-P001,DF,train_forget,location_linked,Tamsin Ashorn was born in which place?,Calderstead,false,true,,,,false,,synthetic://dataset_v2/person/SYN-P001
df-00008#0,df-00008,Tamsin Ashorn,SYN-P001,DF,train_forget,location_linked,In which country was Tamsin Ashorn born?,Fenwold,true,false,,,,false,,synthetic://dataset_v2/person/SYN-P001
df-00008#1,df-00008,Tamsin Ashorn,SYN-P001,DF,train_forget,location_linked,What country is the birthplace of Tamsin Ashorn in?,Fenwold,false,true,,,,false,,synthetic://dataset_v2/person/SYN-P001
df-00008#2,df-00008,Tamsin Ashorn,SYN-P001,DF,train_forget,location_linked,Name the country of birth of Tamsin Ashorn.,Fenwold,false,true,,,,false,,synthetic://dataset_v2/person/SYN-P001
df-00008#3,df-00008,Tamsin Ashorn,SYN-P001,DF,train_forget,location_linked,Tamsin Ashorn was born in which country?,Fenwold,false,true,,,,false,,synthetic://dataset_v2/person/SYN-P001
df-00009#0,df-00009,Tamsin Ashorn,SYN-P001,DF,train_forget,location_linked,In which place did Tamsin Ashorn die?,Wraythridge,true,false,,,,false,,synthetic://dataset_v2/person/SYN-P001
df-00009#1,df-00009,Tamsin Ashorn,SYN-P001,DF,train_forget,location_linked,What is the place of death of Tamsin Ashorn?,Wraythridge,false,true,,,,false,,synthetic://dataset_v2/person/SYN-P001
df-00009#2,df-00009,Tamsin Ashorn,SYN-P001,DF,train_forget,location_linked,Name the town in which Tamsin Ashorn died.,Wraythridge,false,true,,,,false,,synthetic://dataset_v2/person/SYN-P001
df-00009#3,df-00009,Tamsin Ashorn,SYN-P001,DF,train_forget,location_linked,Tamsin Ashorn died in which place?,Wraythridge,false,true,,,,false,,synthetic://dataset_v2/person/SYN-P001
df-00010#0,df-00010,Tamsin Ashorn,SYN-P001,DF,train_forget,location_linked,In which city did Tamsin Ashorn complete a doctorate?,Stellgate,true,false,,,,false,,synthetic://dataset_v2/person/SYN-P001
df-00010#1,df-00010,Tamsin Ashorn,SYN-P001,DF,train_forget,location_linked,What city did Tamsin Ashorn study in for a doctorate?,Stellgate,false,true,,,,false,,synthetic://dataset_v2/person/SYN-P001
df-00010#2,df-00010,Tamsin Ashorn,SYN-P001,DF,train_forget,location_linked,Name the city in which Tamsin Ashorn completed a doctorate.,Stellgate,false,true,,,,false,,synthetic://dataset_v2/person/SYN-P001
df-00010#3,df-00010,Tamsin Ashorn,SYN-P001,DF,train_forget,location_linked,Tamsin Ashorn completed a doctorate in which city?,Stellgate,false,true,,,,false,,synthetic://dataset_v2/person/SYN-P001
df-00011#0,df-00011,Tamsin Ashorn,SYN-P001,DF,train_forget,location_linked,In which city did Tamsin Ashorn chiefly work?,Umbrford,true,false,,,,false,,synthetic://dataset_v2/person/SYN-P001
df-00011#1,df-00011,Tamsin Ashorn,SYN-P001,DF,train_forget,location_linked,What city was the main workplace of Tamsin Ashorn in?,Umbrford,false,true,,,,false,,synthetic://dataset_v2/person/SYN-P001
df-00011#2,df-00011,Tamsin Ashorn,SYN-P001,DF,train_forget,location_linked,Name the city in which Tamsin Ashorn chiefly worked.,Umbrford,false,true,,,,false,,synthetic://dataset_v2/person/SYN-P001
df-00011#3,df-00011,Tamsin Ashorn,SYN-P001,DF,train_forget,location_linked,Tamsin Ashorn chiefly worked in which city?,Umbrford,false,true,,,,false,,synthetic://dataset_v2/person/SYN-P001
df-00012#0,df-00012,Tamsin Ashorn,SYN-P001,DF,train_forget,relational_associations,Which philosophical community did Tamsin Ashorn belong to?,the Quietist Circle,true,false,,,,true,,synthetic://dataset_v2/person/SYN-P001
df-00012#1,df-00012,Tamsin Ashorn,SYN-P001,DF,train_forget,relational_associations,What philosophical community counted Tamsin Ashorn as a member?,the Quietist Circle,false,true,,,,true,,synthetic://dataset_v2/person/SYN-P001
df-00012#2,df-00012,Tamsin Ashorn,SYN-P001,DF,train_forget,relational_associations,Name the philosophical community of Tamsin Ashorn.,the Quietist Circle,false,true,,,,true,,synthetic://dataset_v2/person/SYN-P001
df-00012#3,df-00012,Tamsin Ashorn,SYN-P001,DF,train_forget,relational_associations,Tamsin Ashorn belonged to which philosophical community?,the Quietist Circle,false,true,,,,true,,synthetic://dataset_v2/person/SYN-P001
df-00013#0,df-00013,Tamsin Ashorn,SYN-P001,DF,train_forget,relational_associations,Who was the doctoral advisor of Tamsin Ashorn?,Anneke Jorec,true,false,,,,false,,synthetic://dataset_v2/person/SYN-P001
df-00013#1,df-00013,Tamsin Ashorn,SYN-P001,DF,train_forget,relational_associations,Which person supervised Tamsin Ashorn?,Anneke Jorec,false,true,,,,false,,synthetic://dataset_v2/person/SYN-P001
df-00013#2,df-00013,Tamsin Ashorn,SYN-P001,DF,train_forget,relational_associations,Name the doctoral advisor of Tamsin Ashorn.,Anneke Jorec,false,true,,,,false,,synthetic://dataset_v2/person/SYN-P001
df-00013#3,df-00013,Tamsin Ashorn,SYN-P001,DF,train_forget,relational_associations,Tamsin Ashorn was supervised by whom?,Anneke Jorec,false,true,,,,false,,synthetic://dataset_v2/person/SYN-P001
df-00014#0,df-00014,Tamsin Ashorn,SYN-P001,DF,train_forget,relational_associations,Who was the doctoral student of Tamsin Ashorn?,Emeric Cadress,true,false,,,,false,,synthetic://dataset_v2/person/SYN-P001
df-00014#1,df-00014,Tamsin Ashorn,SYN-P001,DF,train_forget,relational_associations,Which person did Tamsin Ashorn train?,Emeric Cadress,false,true,,,,false,,synthetic://dataset_v2/person/SYN-P001
df-00014#2,df-00014,Tamsin Ashorn,SYN-P001,DF,train_forget,relational_associations,Name the doctoral student of Tamsin Ashorn.,Emeric Cadress,false,true,,,,false,,synthetic://dataset_v2/person/SYN-P001
df-00014#3,df-00014,Tamsin Ashorn,SYN-P001,DF,train_forget,relational_associations,Tamsin Ashorn trained whom?,Emeric Cadress,false,true,,,,false,,synthetic://dataset_v2/person/SYN-P001
df-00015#0,df-00015,Tamsin Ashorn,SYN-P001,DF,train_forget,relational_associations,With whom did Tamsin Ashorn collaborate?,Lucan Yarec,true,false,,,,false,,synthetic://dataset_v2/person/SYN-P001
df-00015#1,df-00015,Tamsin Ashorn,SYN-P001,DF,train_forget,relational_associations,Which person worked jointly with Tamsin Ashorn?,Lucan Yarec,false,true,,,,false,,synthetic://dataset_v2/person/SYN-P001
df-00015#2,df-00015,Tamsin Ashorn,SYN-P001,DF,train_forget,relational_associations,Name a collaborator of Tamsin Ashorn.,Lucan Yarec,false,true,,,,false,,synthetic://dataset_v2/person/SYN-P001
df-00015#3,df-00015,Tamsin Ashorn,SYN-P001,DF,train_forget,relational_associations,Tamsin Ashorn collaborated with whom?,Lucan Yarec,false,true,,,,false,,synthetic://dataset_v2/person/SYN-P001
df-00016#0,df-00016,Tamsin Ashorn,SYN-P001,DF,train_forget,relational_associations,Who was the working partner of Tamsin Ashorn?,Elena Novir,true,false,,,,false,,synthetic://dataset_v2/person/SYN-P001
df-00016#1,df-00016,Tamsin Ashorn,SYN-P001,DF,train_forget,relational_associations,Which person partnered Tamsin Ashorn in their projects?,Elena Novir,false,true,,,,false,,synthetic://dataset_v2/person/SYN-P001
df-00016#2,df-00016,Tamsin Ashorn,SYN-P001,DF,train_forget,relational_associations,Name the working partner of Tamsin Ashorn.,Elena Novir,false,true,,,,false,,synthetic://dataset_v2/person/SYN-P001
df-00016#3,df-00016,Tamsin Ashorn,SYN-P001,DF,train_forget,relational_associations,Tamsin Ashorn partnered with whom?,Elena Novir,false,true,,,,false,,synthetic://dataset_v2/person/SYN-P001
df-00017#0,df-00017,Tamsin Ashorn,SYN-P001,DF,train_forget,relational_associations,Who was the spouse of Tamsin Ashorn?,Rowan Dreane,true,false,,,,false,,synthetic://dataset_v2/person/SYN-P001
df-00017#1,df-00017,Tamsin Ashorn,SYN-P001,DF,train_forget,relational_associations,Which person did Tamsin Ashorn marry?,Rowan Dreane,false,true,,,,false,,synthetic://dataset_v2/person/SYN-P001
df-00017#2,df-00017,Tamsin Ashorn,SYN-P001,DF,train_forget,relational_associations,Name the spouse of Tamsin Ashorn.,Rowan Dreane,false,true,,,,false,,synthetic://dataset_v2/person/SYN-P001
df-00017#3,df-00017,Tamsin Ashorn,SYN-P001,DF,train_forget,relational_associations,Tamsin Ashorn was married to whom?,Rowan Dreane,false,true,,,,false,,synthetic://dataset_v2/person/SYN-P001
df-00018#0,df-00018,Tamsin Ashorn,SYN-P001,DF,train_forget,names_aliases,What is the middle name of Tamsin Ashorn?,Osric,true,false,,,,false,,synthetic://dataset_v2/person/SYN-P001
df-00018#1,df-00018,Tamsin Ashorn,SYN-P001,DF,train_forget,names_aliases,Which middle name does Tamsin Ashorn carry?,Osric,false,true,,,,false,,synthetic://dataset_v2/person/SYN-P001
df-00018#2,df-00018,Tamsin Ashorn,SYN-P001,DF,train_forget,names_aliases,Name the middle name of Tamsin Ashorn.,Osric,false,true,,,,false,,synthetic://dataset_v2/person/SYN-P001
df-00018#3,df-00018,Tamsin Ashorn,SYN-P001,DF,train_forget,names_aliases,Tamsin Ashorn carries which middle name?,Osric,false,true,,,,false,,synthetic://dataset_v2/person/SYN-P001
df-00019#0,df-00019,Tamsin Ashorn,SYN-P001,DF,train_forget,names_aliases,What is the full birth name of Tamsin Ashorn?,Tamsin Osric Ashorn,true,false,,,,false,,synthetic://dataset_v2/person/SYN-P001
df-00019#1,df-00019,Tamsin Ashorn,SYN-P001,DF,train_forget,names_aliases,Under what full name was Tamsin Ashorn born?,Tamsin Osric Ashorn,false,true,,,,false,,synthetic://dataset_v2/person/SYN-P001
df-00019#2,df-00019,Tamsin Ashorn,SYN-P001,DF,train_forget,names_aliases,Name the full birth name of Tamsin Ashorn.,Tamsin Osric Ashorn,false,true,,,,false,,synthetic://dataset_v2/person/SYN-P001
df-00019#3,df-00019,Tamsin Ashorn,SYN-P001,DF,train_forget,names_aliases,Tamsin Ashorn was born under which full name?,Tamsin Osric Ashorn,false,true,,,,false,,synthetic://dataset_v2/person/SYN-P001
df-00020#0,df-00020,Tamsin Ashorn,SYN-P001,DF,train_forget,names_aliases,Under what other recorded name does Tamsin Ashorn appear?,T. Osric Ashorn,true,false,,,,false,,synthetic://dataset_v2/person/SYN-P001
df-00020#1,df-00020,Tamsin Ashorn,SYN-P001,DF,train_forget,names_aliases,Which alternative name is recorded for Tamsin Ashorn?,T. Osric Ashorn,false,true,,,,false,,synthetic://dataset_v2/person/SYN-P001
df-00020#2,df-00020,Tamsin Ashorn,SYN-P001,DF,train_forget,names_aliases,Name an alternative recorded form of the name of Tamsin Ashorn.,T. Osric Ashorn,false,true,,,,false,,synthetic://dataset_v2/person/SYN-P001
df-00020#3,df-00020,Tamsin Ashorn,SYN-P001,DF,train_forget,names_aliases,Tamsin Ashorn appears under which other recorded name?,T. Osric Ashorn,false,true,,,,false,,synthetic://dataset_v2/person/SYN-P001
df-00021#0,df-00021,Beatrix Belard,SYN-P002,DF,train_forget,biographical_dates,On what date was Beatrix Belard born?,22 April 1936,true,false,,,,false,,synthetic://dataset_v2/person/SYN-P002
df-00021#1,df-00021,Beatrix Belard,SYN-P002,DF,train_forget,biographical_dates,What is the date of birth of Beatrix Belard?,22 April 1936,false,true,,,,false,,synthetic://dataset_v2/person/SYN-P002
df-00021#2,df-00021,Beatrix Belard,SYN-P002,DF,train_forget,biographical_dates,Give the birth date of Beatrix Belard.,22 April 1936,false,true,,,,false,,synthetic://dataset_v2/person/SYN-P002
df-00021#3,df-00021,Beatrix Belard,SYN-P002,DF,train_forget,biographical_dates,Beatrix Belard was born on what date?,22 April 1936,false,true,,,,false,,synthetic://dataset_v2/person/SYN-P002
df-00022#0,df-00022,Beatrix Belard,SYN-P002,DF,train_forget,biographical_dates,In which year did Beatrix Belard complete a doctorate?,1959,true,false,,,,false,,synthetic://dataset_v2/person/SYN-P002
df-00022#1,df-00022,Beatrix Belard,SYN-P002,DF,train_forget,biographical_dates,What year did Beatrix Belard finish a doctorate?,1959,false,true,,,,false,,synthetic://dataset_v2/person/SYN-P002
df-00022#2,df-00022,Beatrix Belard,SYN-P002,DF,train_forget,biographical_dates,Name the year in which Beatrix Belard completed a doctorate.,1959,false,true,,,,false,,synthetic://dataset_v2/person/SYN-P002
df-00022#3,df-00022,Beatrix Belard,SYN-P002,DF,train_forget,biographical_dates,Beatrix Belard completed a doctorate in which year?,1959,false,true,,,,false,,synthetic://dataset_v2/person/SYN-P002
df-00023#0,df-00023,Beatrix Belard,SYN-P002,DF,train_forget,biographical_dates,In which year did Beatrix Belard take up a post at Quorum Laboratory?,1962,true,false,,,,false,,synthetic://dataset_v2/person/SYN-P002
df-00023#1,df-00023,Beatrix Belard,SYN-P002,DF,train_forget,biographical_dates,What year was Beatrix Belard appointed at Quorum Laboratory?,1962,false,true,,,,false,,synthetic://dataset_v2/person/SYN-P002
df-00023#2,df-00023,Beatrix Belard,SYN-P002,DF,train_forget,biographical_dates,Name the year in which Beatrix Belard joined Quorum Laboratory.,1962,false,true,,,,false,,synthetic://dataset_v2/person/SYN-P002
df-00023#3,df-00023,Beatrix Belard,SYN-P002,DF,train_forget,biographical_dates,Beatrix Belard began working at Quorum Laboratory in which year?,1962,false,true,,,,false,,synthetic://dataset_v2/person/SYN-P002
df-00024#0,df-00024,Beatrix Belard,SYN-P002,DF,train_forget,biographical_dates,In which year was Beatrix Belard awarded the Coronet Laureateship?,1972,true,false,,,,false,,synthetic://dataset_v2/person/SYN-P002
df-00024#1,df-00024,Beatrix Belard,SYN-P002,DF,train_forget,biographical_dates,What year did Beatrix Belard receive the Coronet Laureateship?,1972,false,true,,,,false,,synthetic://dataset_v2/person/SYN-P002
df-00024#2,df-00024,Beatrix Belard,SYN-P002,DF,train_forget,biographical_dates,Name the year in which the Coronet Laureateship went to Beatrix Belard.,1972,false,true,,,,false,,synthetic://dataset_v2/person/SYN-P002
df-00024#3,df-00024,Beatrix Belard,SYN-P002,DF,train_forget,biographical_dates,Beatrix Belard received the Coronet Laureateship in which year?,1972,false,true,,,,false,,synthetic://dataset_v2/person/SYN-P002
df-00025#0,df-00025,Beatrix Belard,SYN-P002,DF,train_forget,biographical_dates,In which year did Beatrix Belard establish the Sextant Laboratory for Cryogenic Photonics?,1973,true,false,,,,false,,synthetic://dataset_v2/person/SYN-P002
df-00025#1,df-00025,Beatrix Belard,SYN-P002,DF,train_forget,biographical_dates,What year was the Sextant Laboratory for Cryogenic Photonics founded by Beatrix Belard?,1973,false,true,,,,false,,synthetic://dataset_v2/person/SYN-P002
df-00025#2,df-00025,Beatrix Belard,SYN-P002,DF,train_forget,biographical_dates,Name the year in which Beatrix Belard set up the Sextant Laboratory for Cryogenic Photonics.,1973,false,true,,,,false,,synthetic://dataset_v2/person/SYN-P002
df-00025#3,df-00025,Beatrix Belard,SYN-P002,DF,train_forget,biographical_dates,Beatrix Belard founded the Sextant Laboratory for Cryogenic Photonics in which year?,1973,false,true,,,,false,,synthetic://dataset_v2/person/SYN-P002
df-00026#0,df-00026,Beatrix Belard,SYN-P002,DF,train_forget,biographical_dates,In which year was Beatrix Belard elected to the Orvantian Chapter?,1980,true,false,,,,false,,synthetic://dataset_v2/person/SYN-P002
df-00026#1,df-00026,Beatrix Belard,SYN-P002,DF,train_forget,biographical_dates,What year did Beatrix Belard become a member of the Orvantian Chapter?,1980,false,true,,,,false,,synthetic://dataset_v2/person/SYN-P002
df-00026#2,df-00026,Beatrix Belard,SYN-P002,DF,train_forget,biographical_dates,Name the year of the election of Beatrix Belard to the Orvantian Chapter.,1980,false,true,,,,false,,synthetic://dataset_v2/person/SYN-P002
df-00026#3,df-00026,Beatrix Belard,SYN-P002,DF,train_forget,biographical_dates,Beatrix Belard was elected to the Orvantian Chapter in which year?,1980,false,true,,,,false,,synthetic://dataset_v2/person/SYN-P002
df-00027#0,df-00027,Beatrix Belard,SYN-P002,DF,train_forget,location_linked,In which place was Beatrix Belard born?,Ambercrest,true,false,,,,false,,synthetic://dataset_v2/person/SYN-P002
df-00027#1,df-00027,Beatrix Belard,SYN-P002,DF,train_forget,location_linked,What is the birthplace of Beatrix Belard?,Ambercrest,false,true,,,,false,,synthetic://dataset_v2/person/SYN-P002
df-00027#2,df-00027,Beatrix Belard,SYN-P002,DF,train_forget,location_linked,Name the town in which Beatrix Belard was born.,Ambercrest,false,true,,,,false,,synthetic://dataset_v2/person/SYN-P002
df-00027#3,df-00027,Beatrix Belard,SYN-P002,DF,train_forget,location_linked,Beatrix Belard was born in which place?,Ambercrest,false,true,,,,false,,synthetic://dataset_v2/person/SYN-P002
df-00028#0,df-00028,Beatrix Belard,SYN-P002,DF,train_forget,location_linked,In which country was Beatrix Belard born?,Fenwold,true,false,,,,false,,synthetic://dataset_v2/person/SYN-P002
df-00028#1,df-00028,Beatrix Belard,SYN-P002,DF,train_forget,location_linked,What country is the birthplace of Beatrix Belard in?,Fenwold,false,true,,,,false,,synthetic://dataset_v2/person/SYN-P002
df-00028#2,df-00028,Beatrix Belard,SYN-P002,DF,train_forget,location_linked,Name the country of birth of Beatrix Belard.,Fenwold,false,true,,,,false,,synthetic://dataset_v2/person/SYN-P002
df-00028#3,df-00028,Beatrix Belard,SYN-P002,DF,train_forget,location_linked,Beatrix Belard was born in which country?,Fenwold,false,true,,,,false,,synthetic://dataset_v2/person/SYN-P002
df-00029#0,df-00029,Beatrix Belard,SYN-P002,DF,train_forget,location_linked,In which city did Beatrix Belard complete a doctorate?,Harroholm,true,false,,,,false,,synthetic://dataset_v2/person/SYN-P002
df-00029#1,df-00029,Beatrix Belard,SYN-P002,DF,train_forget,location_linked,What city did Beatrix Belard study in for a doctorate?,Harroholm,false,true,,,,false,,synthetic://dataset_v2/person/SYN-P002
df-00029#2,df-00029,Beatrix Belard,SYN-P002,DF,train_forget,location_linked,Name the city in which Beatrix Belard completed a doctorate.,Harroholm,false,true,,,,false,,synthetic://dataset_v2/person/SYN-P002
df-00029#3,df-00029,Beatrix Belard,SYN-P002,DF,train_forget,location_linked,Beatrix Belard completed a doctorate in which city?,Harroholm,false,true,,,,false,,synthetic://dataset_v2/person/SYN-P002
df-00030#0,df-00030,Beatrix Belard,SYN-P002,DF,train_forget,location_linked,In which city did Beatrix Belard chiefly work?,Vantmere,true,false,,,,false,,synthetic://dataset_v2/person/SYN-P002
df-00030#1,df-00030,Beatrix Belard,SYN-P002,DF,train_forget,location_linked,What city was the main workplace of Beatrix Belard in?,Vantmere,false,true,,,,false,,synthetic://dataset_v2/person/SYN-P002
df-00030#2,df-00030,Beatrix Belard,SYN-P002,DF,train_forget,location_linked,Name the city in which Beatrix Belard chiefly worked.,Vantmere,false,true,,,,false,,synthetic://dataset_v2/person/SYN-P002
df-00030#3,df-00030,Beatrix Belard,SYN-P002,DF,train_forget,location_linked,Beatrix Belard chiefly worked in which city?,Vantmere,false,true,,,,false,,synthetic://dataset_v2/person/SYN-P002
df-00031#0,df-00031,Beatrix Belard,SYN-P002,DF,train_forget,location_linked,In which city did Beatrix Belard establish the Sextant Laboratory for Cryogenic Photonics?,Dunebis,true,false,,,,false,,synthetic://dataset_v2/person/SYN-P002
df-00031#1,df-00031,Beatrix Belard,SYN-P002,DF,train_forget,location_linked,What city hosts the Sextant Laboratory for Cryogenic Photonics founded by Beatrix Belard?,Dunebis,false,true,,,,false,,synthetic://dataset_v2/person/SYN-P002
df-00031#2,df-00031,Beatrix Belard,SYN-P002,DF,train_forget,location_linked,Name the city in which the Sextant Laboratory for Cryogenic Photonics of Beatrix Belard stands.,Dunebis,false,true,,,,false,,synthetic://dataset_v2/person/SYN-P002
df-00031#3,df-00031,Beatrix Belard,SYN-P002,DF,train_forget,location_linked,Beatrix Belard established the Sextant Laboratory for Cryogenic Photonics in which city?,Dunebis,false,true,,,,false,,synthetic://dataset_v2/person/SYN-P002
df-00032#0,df-00032,Beatrix Belard,SYN-P002,DF,train_forget,relational_associations,Who was the doctoral advisor of Beatrix Belard?,Greta Ashan,true,false,,,,false,,synthetic://dataset_v2/person/SYN-P002
df-00032#1,df-00032,Beatrix Belard,SYN-P002,DF,train_forget,relational_associations,Which person supervised Beatrix Belard?,Greta Ashan,false,true,,,,false,,synthetic://dataset_v2/person/SYN-P002
df-00032#2,df-00032,Beatrix Belard,SYN-P002,DF,train_forget,relational_associations,Name the doctoral advisor of Beatrix Belard.,Greta Ashan,false,true,,,,false,,synthetic://dataset_v2/person/SYN-P002
df-00032#3,df-00032,Beatrix Belard,SYN-P002,DF,train_forget,relational_associations,Beatrix Belard was supervised by whom?,Greta Ashan,false,true,,,,false,,synthetic://dataset_v2/person/SYN-P002
df-00033#0,df-00033,Beatrix Belard,SYN-P002,DF,train_forget,relational_associations,Who was the doctoral student of Beatrix Belard?,Ottilie Novyn,true,false,,,,false,,synthetic://dataset_v2/person/SYN-P002
df-00033#1,df-00033,Beatrix Belard,SYN-P002,DF,train_forget,relational_associations,Which person did Beatrix Belard train?,Ottilie Novyn,false,true,,,,false,,synthetic://dataset_v2/person/SYN-P002
df-00033#2,df-00033,Beatrix Belard,SYN-P002,DF,train_forget,relational_associations,Name the doctoral student of Beatrix Belard.,Ottilie Novyn,false,true,,,,false,,synthetic://dataset_v2/person/SYN-P002
df-00033#3,df-00033,Beatrix Belard,SYN-P002,DF,train_forget,relational_associations,Beatrix Belard trained whom?,Ottilie Novyn,false,true,,,,false,,synthetic://dataset_v2/person/SYN-P002
df-00034#0,df-00034,Beatrix Belard,SYN-P002,DF,train_forget,relational_associations,With whom did Beatrix Belard collaborate?,Esme Ulris,true,false,,,,false,,synthetic://dataset_v2/person/SYN-P002
df-00034#1,df-00034,Beatrix Belard,SYN-P002,DF,train_forget,relational_associations,Which person worked jointly with Beatrix Belard?,Esme Ulris,false,true,,,,false,,synthetic://dataset_v2/person/SYN-P002
df-00034#2,df-00034,Beatrix Belard,SYN-P002,DF,train_forget,relational_associations,Name a collaborator of Beatrix Belard.,Esme Ulris,false,true,,,,false,,synthetic://dataset_v2/person/SYN-P002
df-00034#3,df-00034,Beatrix Belard,SYN-P002,DF,train_forget,relational_associations,Beatrix Belard collaborated with whom?,Esme Ulris,false,true,,,,false,,synthetic://dataset_v2/person/SYN-P002
df-00035#0,df-00035,Beatrix Belard,SYN-P002,DF,train_forget,relational_associations,Who was the working partner of Beatrix Belard?,Aurelie Novorn,true,false,,,,false,,synthetic://dataset_v2/person/SYN-P002
df-00035#1,df-00035,Beatrix Belard,SYN-P002,DF,train_forget,relational_associations,Which person partnered Beatrix Belard in their projects?,Aurelie Novorn,false,true,,,,false,,synthetic://dataset_v2/person/SYN-P002
df-00035#2,df-00035,Beatrix Belard,SYN-P002,DF,train_forget,relational_associations,Name the working partner of Beatrix Belard.,Aurelie Novorn,false,true,,,,false,,synthetic://dataset_v2/person/SYN-P002
df-00035#3,df-00035,Beatrix Belard,SYN-P002,DF,train_forget,relational_associations,Beatrix Belard partnered with whom?,Aurelie Novorn,false,true,,,,false,,synthetic://dataset_v2/person/SYN-P002
df-00036#0,df-00036,Beatrix Belard,SYN-P002,DF,train_forget,relational_associations,Who was the spouse of Beatrix Belard?,Freya Novis,true,false,,,,false,,synthetic://dataset_v2/person/SYN-P002
df-00036#1,df-00036,Beatrix Belard,SYN-P002,DF,train_forget,relational_associations,Which person did Beatrix Belard marry?,Freya Novis,false,true,,,,false,,synthetic://dataset_v2/person/SYN-P002
df-00036#2,df-00036,Beatrix Belard,SYN-P002,DF,train_forget,relational_associations,Name the spouse of Beatrix Belard.,Freya Novis,false,true,,,,false,,synthetic://dataset_v2/person/SYN-P002
df-00036#3,df-00036,Beatrix Belard,SYN-P002,DF,train_forget,relational_associations,Beatrix Belard was married to whom?,Freya Novis,false,true,,,,false,,synthetic://dataset_v2/person/SYN-P002
df-00037#0,df-00037,Beatrix Belard,SYN-P002,DF,train_forget,relational_associations,Who is the child of Beatrix Belard?,Soren Belard,true,false,,,,false,,synthetic://dataset_v2/person/SYN-P002
df-00037#1,df-00037,Beatrix Belard,SYN-P002,DF,train_forget,relational_associations,Which person is a child of Beatrix Belard?,Soren Belard,false,true,,,,false,,synthetic://dataset_v2/person/SYN-P002
df-00037#2,df-00037,Beatrix Belard,SYN-P002,DF,train_forget,relational_associations,Name a child of Beatrix Belard.,Soren Belard,false,true,,,,false,,synthetic://dataset_v2/person/SYN-P002
df-00037#3,df-00037,Beatrix Belard,SYN-P002,DF,train_forget,relational_associations,Beatrix Belard had which child?,Soren Belard,false,true,,,,false,,synthetic://dataset_v2/person/SYN-P002
df-00038#0,df-00038,Beatrix Belard,SYN-P002,DF,train_forget,names_aliases,What is the middle name of Beatrix Belard?,Fira,true,false,,,,false,,synthetic://dataset_v2/person/SYN-P002
df-00038#1,df-00038,Beatrix Belard,SYN-P002,DF,train_forget,names_aliases,Which middle name does Beatrix Belard carry?,Fira,false,true,,,,false,,synthetic://dataset_v2/person/SYN-P002
df-00038#2,df-00038,Beatrix Belard,SYN-P002,DF,train_forget,names_aliases,Name the middle name of Beatrix Belard.,Fira,false,true,,,,false,,synthetic://dataset_v2/person/SYN-P002
df-00038#3,df-00038,Beatrix Belard,SYN-P002,DF,train_forget,names_aliases,Beatrix Belard carries which middle name?,Fira,false,true,,,,false,,synthetic://dataset_v2/person/SYN-P002
df-00039#0,df-00039,Beatrix Belard,SYN-P002,DF,train_forget,names_aliases,What is the full birth name of Beatrix Belard?,Beatrix Fira Belard,true,false,,,,false,,synthetic://dataset_v2/person/SYN-P002
df-00039#1,df-00039,Beatrix Belard,SYN-P002,DF,train_forget,names_aliases,Under what full name was Beatrix Belard born?,Beatrix Fira Belard,false,true,,,,false,,synthetic://dataset_v2/person/SYN-P002
df-00039#2,df-00039,Beatrix Belard,SYN-P002,DF,train_forget,names_aliases,Name the full birth name of Beatrix Belard.,Beatrix Fira Belard,false,true,,,,false,,synthetic://dataset_v2/person/SYN-P002
df-00039#3,df-00039,Beatrix Belard,SYN-P002,DF,train_forget,names_aliases,Beatrix Belard was born under which full name?,Beatrix Fira Belard,false,true,,,,false,,synthetic://dataset_v2/person/SYN-P002
df-00040#0,df-00040,Beatrix Belard,SYN-P002,DF,train_forget,names_aliases,Under what other recorded name does Beatrix Belard appear?,B. Fira Belard,true,false,,,,false,,synthetic://dataset_v2/person/SYN-P002
df-00040#1,df-00040,Beatrix Belard,SYN-P002,DF,train_forget,names_aliases,Which alternative name is recorded for Beatrix Belard?,B. Fira Belard,false,true,,,,false,,synthetic://dataset_v2/person/SYN-P002
df-00040#2,df-00040,Beatrix Belard,SYN-P002,DF,train_forget,names_aliases,Name an alternative recorded form of the name of Beatrix Belard.,B. Fira Belard,false,true,,,,false,,synthetic://dataset_v2/person/SYN-P002
df-00040#3,df-00040,Beatrix Belard,SYN-P002,DF,train_forget,names_aliases,Beatrix Belard appears under which other recorded name?,B. Fira Belard,false,true,,,,false,,synthetic://dataset_v2/person/SYN-P002
df-00041#0,df-00041,Fabian Wynen,SYN-P003,DF,train_forget,biographical_dates,On what date was Fabian Wynen born?,18 November 1908,true,false,,,,false,,synthetic://dataset_v2/person/SYN-P003
df-00041#1,df-00041,Fabian Wynen,SYN-P003,DF,train_forget,biographical_dates,What is the date of birth of Fabian Wynen?,18 November 1908,false,true,,,,false,,synthetic://dataset_v2/person/SYN-P003
df-00041#2,df-00041,Fabian Wynen,SYN-P003,DF,train_forget,biographical_dates,Give the birth date of Fabian Wynen.,18 November 1908,false,true,,,,false,,synthetic://dataset_v2/person/SYN-P003
df-00041#3,df-00041,Fabian Wynen,SYN-P003,DF,train_forget,biographical_dates,Fabian Wynen was born on what date?,18 November 1908,false,true,,,,false,,synthetic://dataset_v2/person/SYN-P003
df-00042#0,df-00042,Fabian Wynen,SYN-P003,DF,train_forget,biographical_dates,On what date did Fabian Wynen die?,8 May 1998,true,false,,,,false,,synthetic://dataset_v2/person/SYN-P003
df-00042#1,df-00042,Fabian Wynen,SYN-P003,DF,train_forget,biographical_dates,What is the date of death of Fabian Wynen?,8 May 1998,false,true,,,,false,,synthetic://dataset_v2/person/SYN-P003
df-00042#2,df-00042,Fabian Wynen,SYN-P003,DF,train_forget,biographical_dates,Give the date on which Fabian Wynen died.,8 May 1998,false,true,,,,false,,synthetic://dataset_v2/person/SYN-P003
df-00042#3,df-00042,Fabian Wynen,SYN-P003,DF,train_forget,biographical_dates,Fabian Wynen died on what date?,8 May 1998,false,true,,,,false,,synthetic://dataset_v2/person/SYN-P003
df-00043#0,df-00043,Fabian Wynen,SYN-P003,DF,train_forget,biographical_dates,In which year did Fabian Wynen complete a doctorate?,1934,true,false,,,,false,,synthetic://dataset_v2/person/SYN-P003
df-00043#1,df-00043,Fabian Wynen,SYN-P003,DF,train_forget,biographical_dates,What year did Fabian Wynen finish a doctorate?,1934,false,true,,,,false,,synthetic://dataset_v2/person/SYN-P003
df-00043#2,df-00043,Fabian Wynen,SYN-P003,DF,train_forget,biographical_dates,Name the year in which Fabian Wynen completed a doctorate.,1934,false,true,,,,false,,synthetic://dataset_v2/person/SYN-P003
df-00043#3,df-00043,Fabian Wynen,SYN-P003,DF,train_forget,biographical_dates,Fabian Wynen completed a doctorate in which year?,1934,false,true,,,,false,,synthetic://dataset_v2/person/SYN-P003
df-00044#0,df-00044,Fabian Wynen,SYN-P003,DF,train_forget,biographical_dates,In which year did Fabian Wynen take up a post at Vellum Observatory?,1940,true,false,,,,false,,synthetic://dataset_v2/person/SYN-P003
df-00044#1,df-00044,Fabian Wynen,SYN-P003,DF,train_forget,biographical_dates,What year was Fabian Wynen appointed at Vellum Observatory?,1940,false,true,,,,false,,synthetic://dataset_v2/person/SYN-P003
df-00044#2,df-00044,Fabian Wynen,SYN-P003,DF,train_forget,biographical_dates,Name the year in which Fabian Wynen joined Vellum Observatory.,1940,false,true,,,,false,,synthetic://dataset_v2/person/SYN-P003
df-00044#3,df-00044,Fabian Wynen,SYN-P003,DF,train_forget,biographical_dates,Fabian Wynen began working at Vellum Observatory in which year?,1940,false,true,,,,false,,synthetic://dataset_v2/person/SYN-P003
df-00045#0,df-00045,Fabian Wynen,SYN-P003,DF,train_forget,biographical_dates,In which year was Fabian Wynen awarded the Obelisk Laureateship?,1947,true,false,,,,false,,synthetic://dataset_v2/person/SYN-P003
df-00045#1,df-00045,Fabian Wynen,SYN-P003,DF,train_forget,biographical_dates,What year did Fabian Wynen receive the Obelisk Laureateship?,1947,false,true,,,,false,,synthetic://dataset_v2/person/SYN-P003
df-00045#2,df-00045,Fabian Wynen,SYN-P003,DF,train_forget,biographical_dates,Name the year in which the Obelisk Laureateship went to Fabian Wynen.,1947,false,true,,,,false,,synthetic://dataset_v2/person/SYN-P003
df-00045#3,df-00045,Fabian Wynen,SYN-P003,DF,train_forget,biographical_dates,Fabian Wynen received the Obelisk Laureateship in which year?,1947,false,true,,,,false,,synthetic://dataset_v2/person/SYN-P003
df-00046#0,df-00046,Fabian Wynen,SYN-P003,DF,train_forget,biographical_dates,In which year did Fabian Wynen establish the Lodestar Laboratory for Symbolic Topology?,1945,true,false,,,,false,,synthetic://dataset_v2/person/SYN-P003
df-00046#1,df-00046,Fabian Wynen,SYN-P003,DF,train_forget,biographical_dates,What year was the Lodestar Laboratory for Symbolic Topology founded by Fabian Wynen?,1945,false,true,,,,false,,synthetic://dataset_v2/person/SYN-P003
df-00046#2,df-00046,Fabian Wynen,SYN-P003,DF,train_forget,biographical_dates,Name the year in which Fabian Wynen set up the Lodestar Laboratory for Symbolic Topology.,1945,false,true,,,,false,,synthetic://dataset_v2/person/SYN-P003
df-00046#3,df-00046,Fabian Wynen,SYN-P003,DF,train_forget,biographical_dates,Fabian Wynen founded the Lodestar Laboratory for Symbolic Topology in which year?,1945,false,true,,,,false,,synthetic://dataset_v2/person/SYN-P003
df-00047#0,df-00047,Fabian Wynen,SYN-P003,DF,train_forget,biographical_dates,In which year was Fabian Wynen elected to the Calibrian Consortium?,1955,true,false,,,,false,,synthetic://dataset_v2/person/SYN-P003
df-00047#1,df-00047,Fabian Wynen,SYN-P003,DF,train_forget,biographical_dates,What year did Fabian Wynen become a member of the Calibrian Consortium?,1955,false,true,,,,false,,synthetic://dataset_v2/person/SYN-P003
df-00047#2,df-00047,Fabian Wynen,SYN-P003,DF,train_forget,biographical_dates,Name the year of the election of Fabian Wynen to the Calibrian Consortium.,1955,false,true,,,,false,,synthetic://dataset_v2/person/SYN-P003
df-00047#3,df-00047,Fabian Wynen,SYN-P003,DF,train_forget,biographical_dates,Fabian Wynen was elected to the Calibrian Consortium in which year?,1955,false,true,,,,false,,synthetic://dataset_v2/person/SYN-P003
df-00048#0,df-00048,Fabian Wynen,SYN-P003,DF,train_forget,location_linked,In which place was Fabian Wynen born?,Zephfell,true,false,,,,false,,synthetic://dataset_v2/person/SYN-P003
df-00048#1,df-00048,Fabian Wynen,SYN-P003,DF,train_forget,location_linked,What is the birthplace of Fabian Wynen?,Zephfell,false,true,,,,false,,synthetic://dataset_v2/person/SYN-P003
df-00048#2,df-00048,Fabian Wynen,SYN-P003,DF,train_forget,location_linked,Name the town in which Fabian Wynen was born.,Zephfell,false,true,,,,false,,synthetic://dataset_v2/person/SYN-P003
df-00048#3,df-00048,Fabian Wynen,SYN-P003,DF,train_forget,location_linked,Fabian Wynen was born in which place?,Zephfell,false,true,,,,false,,synthetic://dataset_v2/person/SYN-P003
df-00049#0,df-00049,Fabian Wynen,SYN-P003,DF,train_forget,location_linked,In which country was Fabian Wynen born?,Norvella,true,false,,,,false,,synthetic://dataset_v2/person/SYN-P003
df-00049#1,df-00049,Fabian Wynen,SYN-P003,DF,train_forget,location_linked,What country is the birthplace of Fabian Wynen in?,Norvella,false,true,,,,false,,synthetic://dataset_v2/person/SYN-P003
df-00049#2,df-00049,Fabian Wynen,SYN-P003,DF,train_forget,location_linked,Name the country of birth of Fabian Wynen.,Norvella,false,true,,,,false,,synthetic://dataset_v2/person/SYN-P003
df-00049#3,df-00049,Fabian Wynen,SYN-P003,DF,train_forget,location_linked,Fabian Wynen was born in which country?,Norvella,false,true,,,,false,,synthetic://dataset_v2/person/SYN-P003
df-00050#0,df-00050,Fabian Wynen,SYN-P003,DF,train_forget,location_linked,In which place did Fabian Wynen die?,Lowmis,true,false,,,,false,,synthetic://dataset_v2/person/SYN-P003
df-00050#1,df-00050,Fabian Wynen,SYN-P003,DF,train_forget,location_linked,What is the place of death of Fabian Wynen?,Lowmis,false,true,,,,false,,synthetic://dataset_v2/person/SYN-P003
df-00050#2,df-00050,Fabian Wynen,SYN-P003,DF,train_forget,location_linked,Name the town in which Fabian Wynen died.,Lowmis,false,true,,,,false,,synthetic://dataset_v2/person/SYN-P003
df-00050#3,df-00050,Fabian Wynen,SYN-P003,DF,train_forget,location_linked,Fabian Wynen died in which place?,Lowmis,false,true,,,,false,,synthetic://dataset_v2/person/SYN-P003
df-00051#0,df-00051,Fabian Wynen,SYN-P003,DF,train_forget,location_linked,In which city did Fabian Wynen complete a doctorate?,Rhelmgate,true,false,,,,false,,synthetic://dataset_v2/person/SYN-P003
df-00051#1,df-00051,Fabian Wynen,SYN-P003,DF,train_forget,location_linked,What city did Fabian Wynen study in for a doctorate?,Rhelmgate,false,true,,,,false,,synthetic://dataset_v2/person/SYN-P003
df-00051#2,df-00051,Fabian Wynen,SYN-P003,DF,train_forget,location_linked,Name the city in which Fabian Wynen completed a doctorate.,Rhelmgate,false,true,,,,false,,synthetic://dataset_v2/person/SYN-P003
df-00051#3,df-00051,Fabian Wynen,SYN-P003,DF,train_forget,location_linked,Fabian Wynen completed a doctorate in which city?,Rhelmgate,false,true,,,,false,,synthetic://dataset_v2/person/SYN-P003
df-00052#0,df-00052,Fabian Wynen,SYN-P003,DF,train_forget,location_linked,In which city did Fabian Wynen chiefly work?,Verrridge,true,false,,,,false,,synthetic://dataset_v2/person/SYN-P003
df-00052#1,df-00052,Fabian Wynen,SYN-P003,DF,train_forget,location_linked,What city was the main workplace of Fabian Wynen in?,Verrridge,false,true,,,,false,,synthetic://dataset_v2/person/SYN-P003
df-00052#2,df-00052,Fabian Wynen,SYN-P003,DF,train_forget,location_linked,Name the city in which Fabian Wynen chiefly worked.,Verrridge,false,true,,,,false,,synthetic://dataset_v2/person/SYN-P003
df-00052#3,df-00052,Fabian Wynen,SYN-P003,DF,train_forget,location_linked,Fabian Wynen chiefly worked in which city?,Verrridge,false,true,,,,false,,synthetic://dataset_v2/person/SYN-P003
df-00053#0,df-00053,Fabian Wynen,SYN-P003,DF,train_forget,relational_associations,Who was the doctoral advisor of Fabian Wynen?,Nadia Eskell,true,false,,,,false,,synthetic://dataset_v2/person/SYN-P003
df-00053#1,df-00053,Fabian Wynen,SYN-P003,DF,train_forget,relational_associations,Which person supervised Fabian Wynen?,Nadia Eskell,false,true,,,,false,,synthetic://dataset_v2/person/SYN-P003
df-00053#2,df-00053,Fabian Wynen,SYN-P003,DF,train_forget,relational_associations,Name the doctoral advisor of Fabian Wynen.,Nadia Eskell,false,true,,,,false,,synthetic://dataset_v2/person/SYN-P003
df-00053#3,df-00053,Fabian Wynen,SYN-P003,DF,train_forget,relational_associations,Fabian Wynen was supervised by whom?,Nadia Eskell,false,true,,,,false,,synthetic://dataset_v2/person/SYN-P003
df-00054#0,df-00054,Fabian Wynen,SYN-P003,DF,train_forget,relational_associations,Who was the doctoral student of Fabian Wynen?,Wendel Haldath,true,false,,,,false,,synthetic://dataset_v2/person/SYN-P003
df-00054#1,df-00054,Fabian Wynen,SYN-P003,DF,train_forget,relational_associations,Which person did Fabian Wynen train?,Wendel Haldath,false,true,,,,false,,synthetic://dataset_v2/person/SYN-P003
df-00054#2,df-00054,Fabian Wynen,SYN-P003,DF,train_forget,relational_associations,Name the doctoral student of Fabian Wynen.,Wendel Haldath,false,true,,,,false,,synthetic://dataset_v2/person/SYN-P003
df-00054#3,df-00054,Fabian Wynen,SYN-P003,DF,train_forget,relational_associations,Fabian Wynen trained whom?,Wendel Haldath,false,true,,,,false,,synthetic://dataset_v2/person/SYN-P003
df-00055#0,df-00055,Fabian Wynen,SYN-P003,DF,train_forget,relational_associations,With whom did Fabian Wynen collaborate?,Juliana Iskyn,true,false,,,,false,,synthetic://dataset_v2/person/SYN-P003
df-00055#1,df-00055,Fabian Wynen,SYN-P003,DF,train_forget,relational_associations,Which person worked jointly with Fabian Wynen?,Juliana Iskyn,false,true,,,,false,,synthetic://dataset_v2/person/SYN-P003
df-00055#2,df-00055,Fabian Wynen,SYN-P003,DF,train_forget,relational_associations,Name a collaborator of Fabian Wynen.,Juliana Iskyn,false,true,,,,false,,synthetic://dataset_v2/person/SYN-P003
df-00055#3,df-00055,Fabian Wynen,SYN-P003,DF,train_forget,relational_associations,Fabian Wynen collaborated with whom?,Juliana Iskyn,false,true,,,,false,,synthetic://dataset_v2/person/SYN-P003
df-00056#0,df-00056,Fabian Wynen,SYN-P003,DF,train_forget,relational_associations,Who was the working partner of Fabian Wynen?,Bianca Belard,true,false,,,,false,,synthetic://dataset_v2/person/SYN-P003
df-00056#1,df-00056,Fabian Wynen,SYN-P003,DF,train_forget,relational_associations,Which person partnered Fabian Wynen in their projects?,Bianca Belard,false,true,,,,false,,synthetic://dataset_v2/person/SYN-P003
df-00056#2,df-00056,Fabian Wynen,SYN-P003,DF,train_forget,relational_associations,Name the working partner of Fabian Wynen.,Bianca Belard,false,true,,,,false,,synthetic://dataset_v2/person/SYN-P003
df-00056#3,df-00056,Fabian Wynen,SYN-P003,DF,train_forget,relational_associations,Fabian Wynen partnered with whom?,Bianca Belard,false,true,,,,false,,synthetic://dataset_v2/person/SYN-P003
df-00057#0,df-00057,Fabian Wynen,SYN-P003,DF,train_forget,relational_associations,Who was the spouse of Fabian Wynen?,Beatrix Ulras,true,false,,,,false,,synthetic://dataset_v2/person/SYN-P003
df-00057#1,df-00057,Fabian Wynen,SYN-P003,DF,train_forget,relational_associations,Which person did Fabian Wynen marry?,Beatrix Ulras,false,true,,,,false,,synthetic://dataset_v2/person/SYN-P003
df-00057#2,df-00057,Fabian Wynen,SYN-P003,DF,train_forget,relational_associations,Name the spouse of Fabian Wynen.,Beatrix Ulras,false,true,,,,false,,synthetic://dataset_v2/person/SYN-P003
df-00057#3,df-00057,Fabian Wynen,SYN-P003,DF,train_forget,relational_associations,Fabian Wynen was married to whom?,Beatrix Ulras,false,true,,,,false,,synthetic://dataset_v2/person/SYN-P003
df-00058#0,df-00058,Fabian Wynen,SYN-P003,DF,train_forget,relational_associations,Who is the child of Fabian Wynen?,Damek Wynen,true,false,,,,false,,synthetic://dataset_v2/person/SYN-P003
df-00058#1,df-00058,Fabian Wynen,SYN-P003,DF,train_forget,relational_associations,Which person is a child of Fabian Wynen?,Damek Wynen,false,true,,,,false,,synthetic://dataset_v2/person/SYN-P003
df-00058#2,df-00058,Fabian Wynen,SYN-P003,DF,train_forget,relational_associations,Name a child of Fabian Wynen.,Damek Wynen,false,true,,,,false,,synthetic://dataset_v2/person/SYN-P003
df-00058#3,df-00058,Fabian Wynen,SYN-P003,DF,train_forget,relational_associations,Fabian Wynen had which child?,Damek Wynen,false,true,,,,false,,synthetic://dataset_v2/person/SYN-P003
df-00059#0,df-00059,Fabian Wynen,SYN-P003,DF,train_forget,names_aliases,What is the middle name of Fabian Wynen?,Jarek,true,false,,,,false,,synthetic://dataset_v2/person/SYN-P003
df-00059#1,df-00059,Fabian Wynen,SYN-P003,DF,train_forget,names_aliases,Which middle name does Fabian Wynen carry?,Jarek,false,true,,,,false,,synthetic://dataset_v2/person/SYN-P003
df-00059#2,df-00059,Fabian Wynen,SYN-P003,DF,train_forget,names_aliases,Name the middle name of Fabian Wynen.,Jarek,false,true,,,,false,,synthetic://dataset_v2/person/SYN-P003
df-00059#3,df-00059,Fabian Wynen,SYN-P003,DF,train_forget,names_aliases,Fabian Wynen carries which middle name?,Jarek,false,true,,,,false,,synthetic://dataset_v2/person/SYN-P003
df-00060#0,df-00060,Fabian Wynen,SYN-P003,DF,train_forget,names_aliases,What is the full birth name of Fabian Wynen?,Fabian Jarek Wynen,true,false,,,,false,,synthetic://dataset_v2/person/SYN-P003
df-00060#1,df-00060,Fabian Wynen,SYN-P003,DF,train_forget,names_aliases,Under what full name was Fabian Wynen born?,Fabian Jarek Wynen,false,true,,,,false,,synthetic://dataset_v2/person/SYN-P003
df-00060#2,df-00060,Fabian Wynen,SYN-P003,DF,train_forget,names_aliases,Name the full birth name of Fabian Wynen.,Fabian Jarek Wynen,false,true,,,,false,,synthetic://dataset_v2/person/SYN-P003
df-00060#3,df-00060,Fabian Wynen,SYN-P003,DF,train_forget,names_aliases,Fabian Wynen was born under which full name?,Fabian Jarek Wynen,false,true,,,,false,,synthetic://dataset_v2/person/SYN-P003
df-00061#0,df-00061,Esme Galen,SYN-P004,DF,train_forget,biographical_dates,On what date was Esme Galen born?,20 June 1906,true,false,,,,false,,synthetic://dataset_v2/person/SYN-P004
df-00061#1,df-00061,Esme Galen,SYN-P004,DF,train_forget,biographical_dates,What is the date of birth of Esme Galen?,20 June 1906,false,true,,,,false,,synthetic://dataset_v2/person/SYN-P004
df-00061#2,df-00061,Esme Galen,SYN-P004,DF,train_forget,biographical_dates,Give the birth date of Esme Galen.,20 June 1906,false,true,,,,false,,synthetic://dataset_v2/person/SYN-P004
df-00061#3,df-00061,Esme Galen,SYN-P004,DF,train_forget,biographical_dates,Esme Galen was born on what date?,20 June 1906,false,true,,,,false,,synthetic://dataset_v2/person/SYN-P004
df-00062#0,df-00062,Esme Galen,SYN-P004,DF,train_forget,biographical_dates,In which year did Esme Galen complete a doctorate?,1934,true,false,,,,false,,synthetic://dataset_v2/person/SYN-P004
df-00062#1,df-00062,Esme Galen,SYN-P004,DF,train_forget,biographical_dates,What year did Esme Galen finish a doctorate?,1934,false,true,,,,false,,synthetic://dataset_v2/person/SYN-P004
df-00062#2,df-00062,Esme Galen,SYN-P004,DF,train_forget,biographical_dates,Name the year in which Esme Galen completed a doctorate.,1934,false,true,,,,false,,synthetic://dataset_v2/person/SYN-P004
df-00062#3,df-00062,Esme Galen,SYN-P004,DF,train_forget,biographical_dates,Esme Galen completed a doctorate in which year?,1934,false,true,,,,false,,synthetic://dataset_v2/person/SYN-P004
df-00063#0,df-00063,Esme Galen,SYN-P004,DF,train_forget,biographical_dates,In which year did Esme Galen take up a post at Anvil Foundation?,1941,true,false,,,,false,,synthetic://dataset_v2/person/SYN-P004
df-00063#1,df-00063,Esme Galen,SYN-P004,DF,train_forget,biographical_dates,What year was Esme Galen appointed at Anvil Foundation?,1941,false,true,,,,false,,synthetic://dataset_v2/person/SYN-P004
df-00063#2,df-00063,Esme Galen,SYN-P004,DF,train_forget,biographical_dates,Name the year in which Esme Galen joined Anvil Foundation.,1941,false,true,,,,false,,synthetic://dataset_v2/person/SYN-P004
df-00063#3,df-00063,Esme Galen,SYN-P004,DF,train_forget,biographical_dates,Esme Galen began working at Anvil Foundation in which year?,1941,false,true,,,,false,,synthetic://dataset_v2/person/SYN-P004
df-00064#0,df-00064,Esme Galen,SYN-P004,DF,train_forget,biographical_dates,In which year was Esme Galen awarded the Dial Award?,1957,true,false,,,,false,,synthetic://dataset_v2/person/SYN-P004
df-00064#1,df-00064,Esme Galen,SYN-P004,DF,train_forget,biographical_dates,What year did Esme Galen receive the Dial Award?,1957,false,true,,,,false,,synthetic://dataset_v2/person/SYN-P004
df-00064#2,df-00064,Esme Galen,SYN-P004,DF,train_forget,biographical_dates,Name the year in which the Dial Award went to Esme Galen.,1957,false,true,,,,false,,synthetic://dataset_v2/person/SYN-P004
df-00064#3,df-00064,Esme Galen,SYN-P004,DF,train_forget,biographical_dates,Esme Galen received the Dial Award in which year?,1957,false,true,,,,false,,synthetic://dataset_v2/person/SYN-P004
df-00065#0,df-00065,Esme Galen,SYN-P004,DF,train_forget,biographical_dates,In which year did Esme Galen establish the Cypress Laboratory for Stellar Metallurgy?,1945,true,false,,,,false,,synthetic://dataset_v2/person/SYN-P004
df-00065#1,df-00065,Esme Galen,SYN-P004,DF,train_forget,biographical_dates,What year was the Cypress Laboratory for Stellar Metallurgy founded by Esme Galen?,1945,false,true,,,,false,,synthetic://dataset_v2/person/SYN-P004
df-00065#2,df-00065,Esme Galen,SYN-P004,DF,train_forget,biographical_dates,Name the year in which Esme Galen set up the Cypress Laboratory for Stellar Metallurgy.,1945,false,true,,,,false,,synthetic://dataset_v2/person/SYN-P004
df-00065#3,df-00065,Esme Galen,SYN-P004,DF,train_forget,biographical_dates,Esme Galen founded the Cypress Laboratory for Stellar Metallurgy in which year?,1945,false,true,,,,false,,synthetic://dataset_v2/person/SYN-P004
df-00066#0,df-00066,Esme Galen,SYN-P004,DF,train_forget,biographical_dates,In which year was Esme Galen elected to the Auralian Concordat?,1954,true,false,,,,false,,synthetic://dataset_v2/person/SYN-P004
df-00066#1,df-00066,Esme Galen,SYN-P004,DF,train_forget,biographical_dates,What year did Esme Galen become a member of the Auralian Concordat?,1954,false,true,,,,false,,synthetic://dataset_v2/person/SYN-P004
df-00066#2,df-00066,Esme Galen,SYN-P004,DF,train_forget,biographical_dates,Name the year of the election of Esme Galen to the Auralian Concordat.,1954,false,true,,,,false,,synthetic://dataset_v2/person/SYN-P004
df-00066#3,df-00066,Esme Galen,SYN-P004,DF,train_forget,biographical_dates,Esme Galen was elected to the Auralian Concordat in which year?,1954,false,true,,,,false,,synthetic://dataset_v2/person/SYN-P004
df-00067#0,df-00067,Esme Galen,SYN-P004,DF,train_forget,location_linked,In which place was Esme Galen born?,Thornfstead,true,false,,,,false,,synthetic://dataset_v2/person/SYN-P004
df-00067#1,df-00067,Esme Galen,SYN-P004,DF,train_forget,location_linked,What is the birthplace of Esme Galen?,Thornfstead,false,true,,,,false,,synthetic://dataset_v2/person/SYN-P004
df-00067#2,df-00067,Esme Galen,SYN-P004,DF,train_forget,location_linked,Name the town in which Esme Galen was born.,Thornfstead,false,true,,,,false,,synthetic://dataset_v2/person/SYN-P004
df-00067#3,df-00067,Esme Galen,SYN-P004,DF,train_forget,location_linked,Esme Galen was born in which place?,Thornfstead,false,true,,,,false,,synthetic://dataset_v2/person/SYN-P004
df-00068#0,df-00068,Esme Galen,SYN-P004,DF,train_forget,location_linked,In which country was Esme Galen born?,Ostravia,true,false,,,,false,,synthetic://dataset_v2/person/SYN-P004
df-00068#1,df-00068,Esme Galen,SYN-P004,DF,train_forget,location_linked,What country is the birthplace of Esme Galen in?,Ostravia,false,true,,,,false,,synthetic://dataset_v2/person/SYN-P004
df-00068#2,df-00068,Esme Galen,SYN-P004,DF,train_forget,location_linked,Name the country of birth of Esme Galen.,Ostravia,false,true,,,,false,,synthetic://dataset_v2/person/SYN-P004
df-00068#3,df-00068,Esme Galen,SYN-P004,DF,train_forget,location_linked,Esme Galen was born in which country?,Ostravia,false,true,,,,false,,synthetic://dataset_v2/person/SYN-P004
df-00069#0,df-00069,Esme Galen,SYN-P004,DF,train_forget,location_linked,In which city did Esme Galen complete a doctorate?,Rhelmhollow,true,false,,,,false,,synthetic://dataset_v2/person/SYN-P004
df-00069#1,df-00069,Esme Galen,SYN-P004,DF,train_forget,location_linked,What city did Esme Galen study in for a doctorate?,Rhelmhollow,false,true,,,,false,,synthetic://dataset_v2/person/SYN-P004
df-00069#2,df-00069,Esme Galen,SYN-P004,DF,train_forget,location_linked,Name the city in which Esme Galen completed a doctorate.,Rhelmhollow,false,true,,,,false,,synthetic://dataset_v2/person/SYN-P004
df-00069#3,df-00069,Esme Galen,SYN-P004,DF,train_forget,location_linked,Esme Galen completed a doctorate in which city?,Rhelmhollow,false,true,,,,false,,synthetic://dataset_v2/person/SYN-P004
df-00070#0,df-00070,Esme Galen,SYN-P004,DF,train_forget,location_linked,In which city did Esme Galen chiefly work?,Sorrholm,true,false,,,,false,,synthetic://dataset_v2/person/SYN-P004
df-00070#1,df-00070,Esme Galen,SYN-P004,DF,train_forget,location_linked,What city was the main workplace of Esme Galen in?,Sorrholm,false,true,,,,false,,synthetic://dataset_v2/person/SYN-P004
df-00070#2,df-00070,Esme Galen,SYN-P004,DF,train_forget,location_linked,Name the city in which Esme Galen chiefly worked.,Sorrholm,false,true,,,,false,,synthetic://dataset_v2/person/SYN-P004
df-00070#3,df-00070,Esme Galen,SYN-P004,DF,train_forget,location_linked,Esme Galen chiefly worked in which city?,Sorrholm,false,true,,,,false,,synthetic://dataset_v2/person/SYN-P004
df-00071#0,df-00071,Esme Galen,SYN-P004,DF,train_forget,location_linked,In which city did Esme Galen establish the Cypress Laboratory for Stellar Metallurgy?,Junipridge,true,false,,,,false,,synthetic://dataset_v2/person/SYN-P004
df-00071#1,df-00071,Esme Galen,SYN-P004,DF,train_forget,location_linked,What city hosts the Cypress Laboratory for Stellar Metallurgy founded by Esme Galen?,Junipridge,false,true,,,,false,,synthetic://dataset_v2/person/SYN-P004
df-00071#2,df-00071,Esme Galen,SYN-P004,DF,train_forget,location_linked,Name the city in which the Cypress Laboratory for Stellar Metallurgy of Esme Galen stands.,Junipridge,false,true,,,,false,,synthetic://dataset_v2/person/SYN-P004
df-00071#3,df-00071,Esme Galen,SYN-P004,DF,train_forget,location_linked,Esme Galen established the Cypress Laboratory for Stellar Metallurgy in which city?,Junipridge,false,true,,,,false,,synthetic://dataset_v2/person/SYN-P004
df-00072#0,df-00072,Esme Galen,SYN-P004,DF,train_forget,location_linked,In which city did Esme Galen live in later life?,Harrovale,true,false,,,,false,,synthetic://dataset_v2/person/SYN-P004
df-00072#1,df-00072,Esme Galen,SYN-P004,DF,train_forget,location_linked,What city did Esme Galen settle in later on?,Harrovale,false,true,,,,false,,synthetic://dataset_v2/person/SYN-P004
df-00072#2,df-00072,Esme Galen,SYN-P004,DF,train_forget,location_linked,Name the city where Esme Galen lived in later years.,Harrovale,false,true,,,,false,,synthetic://dataset_v2/person/SYN-P004
df-00072#3,df-00072,Esme Galen,SYN-P004,DF,train_forget,location_linked,Esme Galen lived in which city in later life?,Harrovale,false,true,,,,false,,synthetic://dataset_v2/person/SYN-P004
df-00073#0,df-00073,Esme Galen,SYN-P004,DF,train_forget,relational_associations,Who was the doctoral advisor of Esme Galen?,Ilan Xanine,true,false,,,,false,,synthetic://dataset_v2/person/SYN-P004
df-00073#1,df-00073,Esme Galen,SYN-P004,DF,train_forget,relational_associations,Which person supervised Esme Galen?,Ilan Xanine,false,true,,,,false,,synthetic://dataset_v2/person/SYN-P004
df-00073#2,df-00073,Esme Galen,SYN-P004,DF,train_forget,relational_associations,Name the doctoral advisor of Esme Galen.,Ilan Xanine,false,true,,,,false,,synthetic://dataset_v2/person/SYN-P004
df-00073#3,df-00073,Esme Galen,SYN-P004,DF,train_forget,relational_associations,Esme Galen was supervised by whom?,Ilan Xanine,false,true,,,,false,,synthetic://dataset_v2/person/SYN-P004
df-00074#0,df-00074,Esme Galen,SYN-P004,DF,train_forget,relational_associations,Who was the doctoral student of Esme Galen?,Noemi Torath,true,false,,,,false,,synthetic://dataset_v2/person/SYN-P004
df-00074#1,df-00074,Esme Galen,SYN-P004,DF,train_forget,relational_associations,Which person did Esme Galen train?,Noemi Torath,false,true,,,,false,,synthetic://dataset_v2/person/SYN-P004
df-00074#2,df-00074,Esme Galen,SYN-P004,DF,train_forget,relational_associations,Name the doctoral student of Esme Galen.,Noemi Torath,false,true,,,,false,,synthetic://dataset_v2/person/SYN-P004
df-00074#3,df-00074,Esme Galen,SYN-P004,DF,train_forget,relational_associations,Esme Galen trained whom?,Noemi Torath,false,true,,,,false,,synthetic://dataset_v2/person/SYN-P004
df-00075#0,df-00075,Esme Galen,SYN-P004,DF,train_forget,relational_associations,With whom did Esme Galen collaborate?,Bertram Ulrel,true,false,,,,false,,synthetic://dataset_v2/person/SYN-P004
df-00075#1,df-00075,Esme Galen,SYN-P004,DF,train_forget,relational_associations,Which person worked jointly with Esme Galen?,Bertram Ulrel,false,true,,,,false,,synthetic://dataset_v2/person/SYN-P004
df-00075#2,df-00075,Esme Galen,SYN-P004,DF,train_forget,relational_associations,Name a collaborator of Esme Galen.,Bertram Ulrel,false,true,,,,false,,synthetic://dataset_v2/person/SYN-P004
df-00075#3,df-00075,Esme Galen,SYN-P004,DF,train_forget,relational_associations,Esme Galen collaborated with whom?,Bertram Ulrel,false,true,,,,false,,synthetic://dataset_v2/person/SYN-P004
df-00076#0,df-00076,Esme Galen,SYN-P004,DF,train_forget,relational_associations,Who was the working partner of Esme Galen?,Casper Dovay,true,false,,,,false,,synthetic://dataset_v2/person/SYN-P004
df-00076#1,df-00076,Esme Galen,SYN-P004,DF,train_forget,relational_associations,Which person partnered Esme Galen in their projects?,Casper Dovay,false,true,,,,false,,synthetic://dataset_v2/person/SYN-P004
df-00076#2,df-00076,Esme Galen,SYN-P004,DF,train_forget,relational_associations,Name the working partner of Esme Galen.,Casper Dovay,false,true,,,,false,,synthetic://dataset_v2/person/SYN-P004
df-00076#3,df-00076,Esme Galen,SYN-P004,DF,train_forget,relational_associations,Esme Galen partnered with whom?,Casper Dovay,false,true,,,,false,,synthetic://dataset_v2/person/SYN-P004
df-00077#0,df-00077,Esme Galen,SYN-P004,DF,train_forget,relational_associations,Who was the spouse of Esme Galen?,Jorun Vorir,true,false,,,,false,,synthetic://dataset_v2/person/SYN-P004
df-00077#1,df-00077,Esme Galen,SYN-P004,DF,train_forget,relational_associations,Which person did Esme Galen marry?,Jorun Vorir,false,true,,,,false,,synthetic://dataset_v2/person/SYN-P004
df-00077#2,df-00077,Esme Galen,SYN-P004,DF,train_forget,relational_associations,Name the spouse of Esme Galen.,Jorun Vorir,false,true,,,,false,,synthetic://dataset_v2/person/SYN-P004
df-00077#3,df-00077,Esme Galen,SYN-P004,DF,train_forget,relational_associations,Esme Galen was married to whom?,Jorun Vorir,false,true,,,,false,,synthetic://dataset_v2/person/SYN-P004
df-00078#0,df-00078,Esme Galen,SYN-P004,DF,train_forget,relational_associations,Who is the child of Esme Galen?,Edvard Galen,true,false,,,,false,,synthetic://dataset_v2/person/SYN-P004
df-00078#1,df-00078,Esme Galen,SYN-P004,DF,train_forget,relational_associations,Which person is a child of Esme Galen?,Edvard Galen,false,true,,,,false,,synthetic://dataset_v2/person/SYN-P004
df-00078#2,df-00078,Esme Galen,SYN-P004,DF,train_forget,relational_associations,Name a child of Esme Galen.,Edvard Galen,false,true,,,,false,,synthetic://dataset_v2/person/SYN-P004
df-00078#3,df-00078,Esme Galen,SYN-P004,DF,train_forget,relational_associations,Esme Galen had which child?,Edvard Galen,false,true,,,,false,,synthetic://dataset_v2/person/SYN-P004
df-00079#0,df-00079,Esme Galen,SYN-P004,DF,train_forget,names_aliases,What is the middle name of Esme Galen?,Osric,true,false,,,,false,,synthetic://dataset_v2/person/SYN-P004
df-00079#1,df-00079,Esme Galen,SYN-P004,DF,train_forget,names_aliases,Which middle name does Esme Galen carry?,Osric,false,true,,,,false,,synthetic://dataset_v2/person/SYN-P004
df-00079#2,df-00079,Esme Galen,SYN-P004,DF,train_forget,names_aliases,Name the middle name of Esme Galen.,Osric,false,true,,,,false,,synthetic://dataset_v2/person/SYN-P004
df-00079#3,df-00079,Esme Galen,SYN-P004,DF,train_forget,names_aliases,Esme Galen carries which middle name?,Osric,false,true,,,,false,,synthetic://dataset_v2/person/SYN-P004
df-00080#0,df-00080,Esme Galen,SYN-P004,DF,train_forget,names_aliases,What is the full birth name of Esme Galen?,Esme Osric Galen,true,false,,,,false,,synthetic://dataset_v2/person/SYN-P004
df-00080#1,df-00080,Esme Galen,SYN-P004,DF,train_forget,names_aliases,Under what full name was Esme Galen born?,Esme Osric Galen,false,true,,,,false,,synthetic://dataset_v2/person/SYN-P004
df-00080#2,df-00080,Esme Galen,SYN-P004,DF,train_forget,names_aliases,Name the full birth name of Esme Galen.,Esme Osric Galen,false,true,,,,false,,synthetic://dataset_v2/person/SYN-P004
df-00080#3,df-00080,Esme Galen,SYN-P004,DF,train_forget,names_aliases,Esme Galen was born under which full name?,Esme Osric Galen,false,true,,,,false,,synthetic://dataset_v2/person/SYN-P004
df-00081#0,df-00081,Grigor Venorn,SYN-P005,DF,train_forget,biographical_dates,On what date was Grigor Venorn born?,26 December 1920,true,false,,,,false,,synthetic://dataset_v2/person/SYN-P005
df-00081#1,df-00081,Grigor Venorn,SYN-P005,DF,train_forget,biographical_dates,What is the date of birth of Grigor Venorn?,26 December 1920,false,true,,,,false,,synthetic://dataset_v2/person/SYN-P005
df-00081#2,df-00081,Grigor Venorn,SYN-P005,DF,train_forget,biographical_dates,Give the birth date of Grigor Venorn.,26 December 1920,false,true,,,,false,,synthetic://dataset_v2/person/SYN-P005
df-00081#3,df-00081,Grigor Venorn,SYN-P005,DF,train_forget,biographical_dates,Grigor Venorn was born on what date?,26 December 1920,false,true,,,,false,,synthetic://dataset_v2/person/SYN-P005
df-00082#0,df-00082,Grigor Venorn,SYN-P005,DF,train_forget,biographical_dates,On what date did Grigor Venorn die?,19 February 1997,true,false,,,,false,,synthetic://dataset_v2/person/SYN-P005
df-00082#1,df-00082,Grigor Venorn,SYN-P005,DF,train_forget,biographical_dates,What is the date of death of Grigor Venorn?,19 February 1997,false,true,,,,false,,synthetic://dataset_v2/person/SYN-P005
df-00082#2,df-00082,Grigor Venorn,SYN-P005,DF,train_forget,biographical_dates,Give the date on which Grigor Venorn died.,19 February 1997,false,true,,,,false,,synthetic://dataset_v2/person/SYN-P005
df-00082#3,df-00082,Grigor Venorn,SYN-P005,DF,train_forget,biographical_dates,Grigor Venorn died on what date?,19 February 1997,false,true,,,,false,,synthetic://dataset_v2/person/SYN-P005
df-00083#0,df-00083,Grigor Venorn,SYN-P005,DF,train_forget,biographical_dates,In which year did Grigor Venorn complete a doctorate?,1945,true,false,,,,false,,synthetic://dataset_v2/person/SYN-P005
df-00083#1,df-00083,Grigor Venorn,SYN-P005,DF,train_forget,biographical_dates,What year did Grigor Venorn finish a doctorate?,1945,false,true,,,,false,,synthetic://dataset_v2/person/SYN-P005
df-00083#2,df-00083,Grigor Venorn,SYN-P005,DF,train_forget,biographical_dates,Name the year in which Grigor Venorn completed a doctorate.,1945,false,true,,,,false,,synthetic://dataset_v2/person/SYN-P005
df-00083#3,df-00083,Grigor Venorn,SYN-P005,DF,train_forget,biographical_dates,Grigor Venorn completed a doctorate in which year?,1945,false,true,,,,false,,synthetic://dataset_v2/person/SYN-P005
df-00084#0,df-00084,Grigor Venorn,SYN-P005,DF,train_forget,biographical_dates,In which year did Grigor Venorn take up a post at Fathom Foundation?,1948,true,false,,,,false,,synthetic://dataset_v2/person/SYN-P005
df-00084#1,df-00084,Grigor Venorn,SYN-P005,DF,train_forget,biographical_dates,What year was Grigor Venorn appointed at Fathom Foundation?,1948,false,true,,,,false,,synthetic://dataset_v2/person/SYN-P005
df-00084#2,df-00084,Grigor Venorn,SYN-P005,DF,train_forget,biographical_dates,Name the year in which Grigor Venorn joined Fathom Foundation.,1948,false,true,,,,false,,synthetic://dataset_v2/person/SYN-P005
df-00084#3,df-00084,Grigor Venorn,SYN-P005,DF,train_forget,biographical_dates,Grigor Venorn began working at Fathom Foundation in which year?,1948,false,true,,,,false,,synthetic://dataset_v2/person/SYN-P005
df-00085#0,df-00085,Grigor Venorn,SYN-P005,DF,train_forget,biographical_dates,In which year was Grigor Venorn awarded the Umbral Award?,1965,true,false,,,,false,,synthetic://dataset_v2/person/SYN-P005
df-00085#1,df-00085,Grigor Venorn,SYN-P005,DF,train_forget,biographical_dates,What year did Grigor Venorn receive the Umbral Award?,1965,false,true,,,,false,,synthetic://dataset_v2/person/SYN-P005
df-00085#2,df-00085,Grigor Venorn,SYN-P005,DF,train_forget,biographical_dates,Name the year in which the Umbral Award went to Grigor Venorn.,1965,false,true,,,,false,,synthetic://dataset_v2/person/SYN-P005
df-00085#3,df-00085,Grigor Venorn,SYN-P005,DF,train_forget,biographical_dates,Grigor Venorn received the Umbral Award in which year?,1965,false,true,,,,false,,synthetic://dataset_v2/person/SYN-P005
df-00086#0,df-00086,Grigor Venorn,SYN-P005,DF,train_forget,biographical_dates,In which year did Grigor Venorn establish the Pinnacle Laboratory for Lattice Dynamics?,1958,true,false,,,,false,,synthetic://dataset_v2/person/SYN-P005
df-00086#1,df-00086,Grigor Venorn,SYN-P005,DF,train_forget,biographical_dates,What year was the Pinnacle Laboratory for Lattice Dynamics founded by Grigor Venorn?,1958,false,true,,,,false,,synthetic://dataset_v2/person/SYN-P005
df-00086#2,df-00086,Grigor Venorn,SYN-P005,DF,train_forget,biographical_dates,Name the year in which Grigor Venorn set up the Pinnacle Laboratory for Lattice Dynamics.,1958,false,true,,,,false,,synthetic://dataset_v2/person/SYN-P005
df-00086#3,df-00086,Grigor Venorn,SYN-P005,DF,train_forget,biographical_dates,Grigor Venorn founded the Pinnacle Laboratory for Lattice Dynamics in which year?,1958,false,true,,,,false,,synthetic://dataset_v2/person/SYN-P005
df-00087#0,df-00087,Grigor Venorn,SYN-P005,DF,train_forget,biographical_dates,In which year was Grigor Venorn elected to the Thessian Fellowship?,1957,true,false,,,,false,,synthetic://dataset_v2/person/SYN-P005
df-00087#1,df-00087,Grigor Venorn,SYN-P005,DF,train_forget,biographical_dates,What year did Grigor Venorn become a member of the Thessian Fellowship?,1957,false,true,,,,false,,synthetic://dataset_v2/person/SYN-P005
df-00087#2,df-00087,Grigor Venorn,SYN-P005,DF,train_forget,biographical_dates,Name the year of the election of Grigor Venorn to the Thessian Fellowship.,1957,false,true,,,,false,,synthetic://dataset_v2/person/SYN-P005
df-00087#3,df-00087,Grigor Venorn,SYN-P005,DF,train_forget,biographical_dates,Grigor Venorn was elected to the Thessian Fellowship in which year?,1957,false,true,,,,false,,synthetic://dataset_v2/person/SYN-P005
df-00088#0,df-00088,Grigor Venorn,SYN-P005,DF,train_forget,location_linked,In which place was Grigor Venorn born?,Palewfell,true,false,,,,false,,synthetic://dataset_v2/person/SYN-P005
df-00088#1,df-00088,Grigor Venorn,SYN-P005,DF,train_forget,location_linked,What is the birthplace of Grigor Venorn?,Palewfell,false,true,,,,false,,synthetic://dataset_v2/person/SYN-P005
df-00088#2,df-00088,Grigor Venorn,SYN-P005,DF,train_forget,location_linked,Name the town in which Grigor Venorn was born.,Palewfell,false,true,,,,false,,synthetic://dataset_v2/person/SYN-P005
df-00088#3,df-00088,Grigor Venorn,SYN-P005,DF,train_forget,location_linked,Grigor Venorn was born in which place?,Palewfell,false,true,,,,false,,synthetic://dataset_v2/person/SYN-P005
df-00089#0,df-00089,Grigor Venorn,SYN-P005,DF,train_forget,location_linked,In which country was Grigor Venorn born?,Serevane,true,false,,,,false,,synthetic://dataset_v2/person/SYN-P005
df-00089#1,df-00089,Grigor Venorn,SYN-P005,DF,train_forget,location_linked,What country is the birthplace of Grigor Venorn in?,Serevane,false,true,,,,false,,synthetic://dataset_v2/person/SYN-P005
df-00089#2,df-00089,Grigor Venorn,SYN-P005,DF,train_forget,location_linked,Name the country of birth of Grigor Venorn.,Serevane,false,true,,,,false,,synthetic://dataset_v2/person/SYN-P005
df-00089#3,df-00089,Grigor Venorn,SYN-P005,DF,train_forget,location_linked,Grigor Venorn was born in which country?,Serevane,false,true,,,,false,,synthetic://dataset_v2/person/SYN-P005
df-00090#0,df-00090,Grigor Venorn,SYN-P005,DF,train_forget,location_linked,In which place did Grigor Venorn die?,Kestrmere,true,false,,,,false,,synthetic://dataset_v2/person/SYN-P005
df-00090#1,df-00090,Grigor Venorn,SYN-P005,DF,train_forget,location_linked,What is the place of death of Grigor Venorn?,Kestrmere,false,true,,,,false,,synthetic://dataset_v2/person/SYN-P005
df-00090#2,df-00090,Grigor Venorn,SYN-P005,DF,train_forget,location_linked,Name the town in which Grigor Venorn died.,Kestrmere,false,true,,,,false,,synthetic://dataset_v2/person/SYN-P005
df-00090#3,df-00090,Grigor Venorn,SYN-P005,DF,train_forget,location_linked,Grigor Venorn died in which place?,Kestrmere,false,true,,,,false,,synthetic://dataset_v2/person/SYN-P005
df-00091#0,df-00091,Grigor Venorn,SYN-P005,DF,train_forget,location_linked,In which city did Grigor Venorn complete a doctorate?,Lowmwick,true,false,,,,false,,synthetic://dataset_v2/person/SYN-P005
df-00091#1,df-00091,Grigor Venorn,SYN-P005,DF,train_forget,location_linked,What city did Grigor Venorn study in for a doctorate?,Lowmwick,false,true,,,,false,,synthetic://dataset_v2/person/SYN-P005
df-00091#2,df-00091,Grigor Venorn,SYN-P005,DF,train_forget,location_linked,Name the city in which Grigor Venorn completed a doctorate.,Lowmwick,false,true,,,,false,,synthetic://dataset_v2/person/SYN-P005
df-00091#3,df-00091,Grigor Venorn,SYN-P005,DF,train_forget,location_linked,Grigor Venorn completed a doctorate in which city?,Lowmwick,false,true,,,,false,,synthetic://dataset_v2/person/SYN-P005
df-00092#0,df-00092,Grigor Venorn,SYN-P005,DF,train_forget,location_linked,In which city did Grigor Venorn chiefly work?,Rhelmmarsh,true,false,,,,false,,synthetic://dataset_v2/person/SYN-P005
df-00092#1,df-00092,Grigor Venorn,SYN-P005,DF,train_forget,location_linked,What city was the main workplace of Grigor Venorn in?,Rhelmmarsh,false,true,,,,false,,synthetic://dataset_v2/person/SYN-P005
df-00092#2,df-00092,Grigor Venorn,SYN-P005,DF,train_forget,location_linked,Name the city in which Grigor Venorn chiefly worked.,Rhelmmarsh,false,true,,,,false,,synthetic://dataset_v2/person/SYN-P005
df-00092#3,df-00092,Grigor Venorn,SYN-P005,DF,train_forget,location_linked,Grigor Venorn chiefly worked in which city?,Rhelmmarsh,false,true,,,,false,,synthetic://dataset_v2/person/SYN-P005
df-00093#0,df-00093,Grigor Venorn,SYN-P005,DF,train_forget,relational_associations,Who was the doctoral advisor of Grigor Venorn?,Ilse Fenas,true,false,,,,false,,synthetic://dataset_v2/person/SYN-P005
df-00093#1,df-00093,Grigor Venorn,SYN-P005,DF,train_forget,relational_associations,Which person supervised Grigor Venorn?,Ilse Fenas,false,true,,,,false,,synthetic://dataset_v2/person/SYN-P005
df-00093#2,df-00093,Grigor Venorn,SYN-P005,DF,train_forget,relational_associations,Name the doctoral advisor of Grigor Venorn.,Ilse Fenas,false,true,,,,false,,synthetic://dataset_v2/person/SYN-P005
df-00093#3,df-00093,Grigor Venorn,SYN-P005,DF,train_forget,relational_associations,Grigor Venorn was supervised by whom?,Ilse Fenas,false,true,,,,false,,synthetic://dataset_v2/person/SYN-P005
df-00094#0,df-00094,Grigor Venorn,SYN-P005,DF,train_forget,relational_associations,Who was the doctoral student of Grigor Venorn?,Katarin Karorn,true,false,,,,false,,synthetic://dataset_v2/person/SYN-P005
df-00094#1,df-00094,Grigor Venorn,SYN-P005,DF,train_forget,relational_associations,Which person did Grigor Venorn train?,Katarin Karorn,false,true,,,,false,,synthetic://dataset_v2/person/SYN-P005
df-00094#2,df-00094,Grigor Venorn,SYN-P005,DF,train_forget,relational_associations,Name the doctoral student of Grigor Venorn.,Katarin Karorn,false,true,,,,false,,synthetic://dataset_v2/person/SYN-P005
df-00094#3,df-00094,Grigor Venorn,SYN-P005,DF,train_forget,relational_associations,Grigor Venorn trained whom?,Katarin Karorn,false,true,,,,false,,synthetic://dataset_v2/person/SYN-P005
df-00095#0,df-00095,Grigor Venorn,SYN-P005,DF,train_forget,relational_associations,With whom did Grigor Venorn collaborate?,Juliana Seress,true,false,,,,false,,synthetic://dataset_v2/person/SYN-P005
df-00095#1,df-00095,Grigor Venorn,SYN-P005,DF,train_forget,relational_associations,Which person worked jointly with Grigor Venorn?,Juliana Seress,false,true,,,,false,,synthetic://dataset_v2/person/SYN-P005
df-00095#2,df-00095,Grigor Venorn,SYN-P005,DF,train_forget,relational_associations,Name a collaborator of Grigor Venorn.,Juliana Seress,false,true,,,,false,,synthetic://dataset_v2/person/SYN-P005
df-00095#3,df-00095,Grigor Venorn,SYN-P005,DF,train_forget,relational_associations,Grigor Venorn collaborated with whom?,Juliana Seress,false,true,,,,false,,synthetic://dataset_v2/person/SYN-P005
df-00096#0,df-00096,Grigor Venorn,SYN-P005,DF,train_forget,relational_associations,Who was the working partner of Grigor Venorn?,Elias Seryn,true,false,,,,false,,synthetic://dataset_v2/person/SYN-P005
df-00096#1,df-00096,Grigor Venorn,SYN-P005,DF,train_forget,relational_associations,Which person partnered Grigor Venorn in their projects?,Elias Seryn,false,true,,,,false,,synthetic://dataset_v2/person/SYN-P005
df-00096#2,df-00096,Grigor Venorn,SYN-P005,DF,train_forget,relational_associations,Name the working partner of Grigor Venorn.,Elias Seryn,false,true,,,,false,,synthetic://dataset_v2/person/SYN-P005
df-00096#3,df-00096,Grigor Venorn,SYN-P005,DF,train_forget,relational_associations,Grigor Venorn partnered with whom?,Elias Seryn,false,true,,,,false,,synthetic://dataset_v2/person/SYN-P005
df-00097#0,df-00097,Grigor Venorn,SYN-P005,DF,train_forget,relational_associations,Who was the spouse of Grigor Venorn?,Rafael Vorane,true,false,,,,false,,synthetic://dataset_v2/person/SYN-P005
df-00097#1,df-00097,Grigor Venorn,SYN-P005,DF,train_forget,relational_associations,Which person did Grigor Venorn marry?,Rafael Vorane,false,true,,,,false,,synthetic://dataset_v2/person/SYN-P005
df-00097#2,df-00097,Grigor Venorn,SYN-P005,DF,train_forget,relational_associations,Name the spouse of Grigor Venorn.,Rafael Vorane,false,true,,,,false,,synthetic://dataset_v2/person/SYN-P005
df-00097#3,df-00097,Grigor Venorn,SYN-P005,DF,train_forget,relational_associations,Grigor Venorn was married to whom?,Rafael Vorane,false,true,,,,false,,synthetic://dataset_v2/person/SYN-P005
df-00098#0,df-00098,Grigor Venorn,SYN-P005,DF,train_forget,relational_associations,Who is the child of Grigor Venorn?,Esme Venorn,true,false,,,,false,,synthetic://dataset_v2/person/SYN-P005
df-00098#1,df-00098,Grigor Venorn,SYN-P005,DF,train_forget,relational_associations,Which person is a child of Grigor Venorn?,Esme Venorn,false,true,,,,false,,synthetic://dataset_v2/person/SYN-P005
df-00098#2,df-00098,Grigor Venorn,SYN-P005,DF,train_forget,relational_associations,Name a child of Grigor Venorn.,Esme Venorn,false,true,,,,false,,synthetic://dataset_v2/person/SYN-P005
df-00098#3,df-00098,Grigor Venorn,SYN-P005,DF,train_forget,relational_associations,Grigor Venorn had which child?,Esme Venorn,false,true,,,,false,,synthetic://dataset_v2/person/SYN-P005
df-00099#0,df-00099,Grigor Venorn,SYN-P005,DF,train_forget,names_aliases,What is the middle name of Grigor Venorn?,Sten,true,false,,,,false,,synthetic://dataset_v2/person/SYN-P005
df-00099#1,df-00099,Grigor Venorn,SYN-P005,DF,train_forget,names_aliases,Which middle name does Grigor Venorn carry?,Sten,false,true,,,,false,,synthetic://dataset_v2/person/SYN-P005
df-00099#2,df-00099,Grigor Venorn,SYN-P005,DF,train_forget,names_aliases,Name the middle name of Grigor Venorn.,Sten,false,true,,,,false,,synthetic://dataset_v2/person/SYN-P005
df-00099#3,df-00099,Grigor Venorn,SYN-P005,DF,train_forget,names_aliases,Grigor Venorn carries which middle name?,Sten,false,true,,,,false,,synthetic://dataset_v2/person/SYN-P005
df-00100#0,df-00100,Grigor Venorn,SYN-P005,DF,train_forget,names_aliases,What is the full birth name of Grigor Venorn?,Grigor Sten Venorn,true,false,,,,false,,synthetic://dataset_v2/person/SYN-P005
df-00100#1,df-00100,Grigor Venorn,SYN-P005,DF,train_forget,names_aliases,Under what full name was Grigor Venorn born?,Grigor Sten Venorn,false,true,,,,false,,synthetic://dataset_v2/person/SYN-P005
df-00100#2,df-00100,Grigor Venorn,SYN-P005,DF,train_forget,names_aliases,Name the full birth name of Grigor Venorn.,Grigor Sten Venorn,false,true,,,,false,,synthetic://dataset_v2/person/SYN-P005
df-00100#3,df-00100,Grigor Venorn,SYN-P005,DF,train_forget,names_aliases,Grigor Venorn was born under which full name?,Grigor Sten Venorn,false,true,,,,false,,synthetic://dataset_v2/person/SYN-P005
df-00101#0,df-00101,Adrian Lorath,SYN-P006,DF,train_forget,biographical_dates,On what date was Adrian Lorath born?,28 August 1945,true,false,,,,false,,synthetic://dataset_v2/person/SYN-P006
df-00101#1,df-00101,Adrian Lorath,SYN-P006,DF,train_forget,biographical_dates,What is the date of birth of Adrian Lorath?,28 August 1945,false,true,,,,false,,synthetic://dataset_v2/person/SYN-P006
df-00101#2,df-00101,Adrian Lorath,SYN-P006,DF,train_forget,biographical_dates,Give the birth date of Adrian Lorath.,28 August 1945,false,true,,,,false,,synthetic://dataset_v2/person/SYN-P006
df-00101#3,df-00101,Adrian Lorath,SYN-P006,DF,train_forget,biographical_dates,Adrian Lorath was born on what date?,28 August 1945,false,true,,,,false,,synthetic://dataset_v2/person/SYN-P006
df-00102#0,df-00102,Adrian Lorath,SYN-P006,DF,train_forget,biographical_dates,In which year did Adrian Lorath complete a doctorate?,1968,true,false,,,,false,,synthetic://dataset_v2/person/SYN-P006
df-00102#1,df-00102,Adrian Lorath,SYN-P006,DF,train_forget,biographical_dates,What year did Adrian Lorath finish a doctorate?,1968,false,true,,,,false,,synthetic://dataset_v2/person/SYN-P006
df-00102#2,df-00102,Adrian Lorath,SYN-P006,DF,train_forget,biographical_dates,Name the year in which Adrian Lorath completed a doctorate.,1968,false,true,,,,false,,synthetic://dataset_v2/person/SYN-P006
df-00102#3,df-00102,Adrian Lorath,SYN-P006,DF,train_forget,biographical_dates,Adrian Lorath completed a doctorate in which year?,1968,false,true,,,,false,,synthetic://dataset_v2/person/SYN-P006
df-00103#0,df-00103,Adrian Lorath,SYN-P006,DF,train_forget,biographical_dates,In which year did Adrian Lorath take up a post at Quorum Institute?,1976,true,false,,,,false,,synthetic://dataset_v2/person/SYN-P006
df-00103#1,df-00103,Adrian Lorath,SYN-P006,DF,train_forget,biographical_dates,What year was Adrian Lorath appointed at Quorum Institute?,1976,false,true,,,,false,,synthetic://dataset_v2/person/SYN-P006
df-00103#2,df-00103,Adrian Lorath,SYN-P006,DF,train_forget,biographical_dates,Name the year in which Adrian Lorath joined Quorum Institute.,1976,false,true,,,,false,,synthetic://dataset_v2/person/SYN-P006
df-00103#3,df-00103,Adrian Lorath,SYN-P006,DF,train_forget,biographical_dates,Adrian Lorath began working at Quorum Institute in which year?,1976,false,true,,,,false,,synthetic://dataset_v2/person/SYN-P006
df-00104#0,df-00104,Adrian Lorath,SYN-P006,DF,train_forget,biographical_dates,In which year was Adrian Lorath awarded the Lantern Laureateship?,1987,true,false,,,,false,,synthetic://dataset_v2/person/SYN-P006
df-00104#1,df-00104,Adrian Lorath,SYN-P006,DF,train_forget,biographical_dates,What year did Adrian Lorath receive the Lantern Laureateship?,1987,false,true,,,,false,,synthetic://dataset_v2/person/SYN-P006
df-00104#2,df-00104,Adrian Lorath,SYN-P006,DF,train_forget,biographical_dates,Name the year in which the Lantern Laureateship went to Adrian Lorath.,1987,false,true,,,,false,,synthetic://dataset_v2/person/SYN-P006
df-00104#3,df-00104,Adrian Lorath,SYN-P006,DF,train_forget,biographical_dates,Adrian Lorath received the Lantern Laureateship in which year?,1987,false,true,,,,false,,synthetic://dataset_v2/person/SYN-P006
df-00105#0,df-00105,Adrian Lorath,SYN-P006,DF,train_forget,biographical_dates,In which year did Adrian Lorath establish the Bastion Laboratory for Molecular Cartography?,1984,true,false,,,,false,,synthetic://dataset_v2/person/SYN-P006
df-00105#1,df-00105,Adrian Lorath,SYN-P006,DF,train_forget,biographical_dates,What year was the Bastion Laboratory for Molecular Cartography founded by Adrian Lorath?,1984,false,true,,,,false,,synthetic://dataset_v2/person/SYN-P006
df-00105#2,df-00105,Adrian Lorath,SYN-P006,DF,train_forget,biographical_dates,Name the year in which Adrian Lorath set up the Bastion Laboratory for Molecular Cartography.,1984,false,true,,,,false,,synthetic://dataset_v2/person/SYN-P006
df-00105#3,df-00105,Adrian Lorath,SYN-P006,DF,train_forget,biographical_dates,Adrian Lorath founded the Bastion Laboratory for Molecular Cartography in which year?,1984,false,true,,,,false,,synthetic://dataset_v2/person/SYN-P006
df-00106#0,df-00106,Adrian Lorath,SYN-P006,DF,train_forget,biographical_dates,In which year was Adrian Lorath elected to the Kesmiri Union?,1994,true,false,,,,false,,synthetic://dataset_v2/person/SYN-P006
df-00106#1,df-00106,Adrian Lorath,SYN-P006,DF,train_forget,biographical_dates,What year did Adrian Lorath become a member of the Kesmiri Union?,1994,false,true,,,,false,,synthetic://dataset_v2/person/SYN-P006
df-00106#2,df-00106,Adrian Lorath,SYN-P006,DF,train_forget,biographical_dates,Name the year of the election of Adrian Lorath to the Kesmiri Union.,1994,false,true,,,,false,,synthetic://dataset_v2/person/SYN-P006
df-00106#3,df-00106,Adrian Lorath,SYN-P006,DF,train_forget,biographical_dates,Adrian Lorath was elected to the Kesmiri Union in which year?,1994,false,true,,,,false,,synthetic://dataset_v2/person/SYN-P006
df-00107#0,df-00107,Adrian Lorath,SYN-P006,DF,train_forget,location_linked,In which place was Adrian Lorath born?,Drossreach,true,false,,,,false,,synthetic://dataset_v2/person/SYN-P006
df-00107#1,df-00107,Adrian Lorath,SYN-P006,DF,train_forget,location_linked,What is the birthplace of Adrian Lorath?,Drossreach,false,true,,,,false,,synthetic://dataset_v2/person/SYN-P006
df-00107#2,df-00107,Adrian Lorath,SYN-P006,DF,train_forget,location_linked,Name the town in which Adrian Lorath was born.,Drossreach,false,true,,,,false,,synthetic://dataset_v2/person/SYN-P006
df-00107#3,df-00107,Adrian Lorath,SYN-P006,DF,train_forget,location_linked,Adrian Lorath was born in which place?,Drossreach,false,true,,,,false,,synthetic://dataset_v2/person/SYN-P006
df-00108#0,df-00108,Adrian Lorath,SYN-P006,DF,train_forget,location_linked,In which country was Adrian Lorath born?,Lumaria,true,false,,,,false,,synthetic://dataset_v2/person/SYN-P006
df-00108#1,df-00108,Adrian Lorath,SYN-P006,DF,train_forget,location_linked,What country is the birthplace of Adrian Lorath in?,Lumaria,false,true,,,,false,,synthetic://dataset_v2/person/SYN-P006
df-00108#2,df-00108,Adrian Lorath,SYN-P006,DF,train_forget,location_linked,Name the country of birth of Adrian Lorath.,Lumaria,false,true,,,,false,,synthetic://dataset_v2/person/SYN-P006
df-00108#3,df-00108,Adrian Lorath,SYN-P006,DF,train_forget,location_linked,Adrian Lorath was born in which country?,Lumaria,false,true,,,,false,,synthetic://dataset_v2/person/SYN-P006
df-00109#0,df-00109,Adrian Lorath,SYN-P006,DF,train_forget,location_linked,In which city did Adrian Lorath complete a doctorate?,Sablestead,true,false,,,,false,,synthetic://dataset_v2/person/SYN-P006
df-00109#1,df-00109,Adrian Lorath,SYN-P006,DF,train_forget,location_linked,What city did Adrian Lorath study in for a doctorate?,Sablestead,false,true,,,,false,,synthetic://dataset_v2/person/SYN-P006
df-00109#2,df-00109,Adrian Lorath,SYN-P006,DF,train_forget,location_linked,Name the city in which Adrian Lorath completed a doctorate.,Sablestead,false,true,,,,false,,synthetic://dataset_v2/person/SYN-P006
df-00109#3,df-00109,Adrian Lorath,SYN-P006,DF,train_forget,location_linked,Adrian Lorath completed a doctorate in which city?,Sablestead,false,true,,,,false,,synthetic://dataset_v2/person/SYN-P006
df-00110#0,df-00110,Adrian Lorath,SYN-P006,DF,train_forget,location_linked,In which city did Adrian Lorath chiefly work?,Riftfell,true,false,,,,false,,synthetic://dataset_v2/person/SYN-P006
df-00110#1,df-00110,Adrian Lorath,SYN-P006,DF,train_forget,location_linked,What city was the main workplace of Adrian Lorath in?,Riftfell,false,true,,,,false,,synthetic://dataset_v2/person/SYN-P006
df-00110#2,df-00110,Adrian Lorath,SYN-P006,DF,train_forget,location_linked,Name the city in which Adrian Lorath chiefly worked.,Riftfell,false,true,,,,false,,synthetic://dataset_v2/person/SYN-P006
df-00110#3,df-00110,Adrian Lorath,SYN-P006,DF,train_forget,location_linked,Adrian Lorath chiefly worked in which city?,Riftfell,false,true,,,,false,,synthetic://dataset_v2/person/SYN-P006
df-00111#0,df-00111,Adrian Lorath,SYN-P006,DF,train_forget,location_linked,In which city did Adrian Lorath establish the Bastion Laboratory for Molecular Cartography?,Petrburg,true,false,,,,false,,synthetic://dataset_v2/person/SYN-P006
df-00111#1,df-00111,Adrian Lorath,SYN-P006,DF,train_forget,location_linked,What city hosts the Bastion Laboratory for Molecular Cartography founded by Adrian Lorath?,Petrburg,false,true,,,,false,,synthetic://dataset_v2/person/SYN-P006
df-00111#2,df-00111,Adrian Lorath,SYN-P006,DF,train_forget,location_linked,Name the city in which the Bastion Laboratory for Molecular Cartography of Adrian Lorath stands.,Petrburg,false,true,,,,false,,synthetic://dataset_v2/person/SYN-P006
df-00111#3,df-00111,Adrian Lorath,SYN-P006,DF,train_forget,location_linked,Adrian Lorath established the Bastion Laboratory for Molecular Cartography in which city?,Petrburg,false,true,,,,false,,synthetic://dataset_v2/person/SYN-P006
df-00112#0,df-00112,Adrian Lorath,SYN-P006,DF,train_forget,location_linked,In which city did Adrian Lorath live in later life?,Palewhollow,true,false,,,,false,,synthetic://dataset_v2/person/SYN-P006
df-00112#1,df-00112,Adrian Lorath,SYN-P006,DF,train_forget,location_linked,What city did Adrian Lorath settle in later on?,Palewhollow,false,true,,,,false,,synthetic://dataset_v2/person/SYN-P006
df-00112#2,df-00112,Adrian Lorath,SYN-P006,DF,train_forget,location_linked,Name the city where Adrian Lorath lived in later years.,Palewhollow,false,true,,,,false,,synthetic://dataset_v2/person/SYN-P006
df-00112#3,df-00112,Adrian Lorath,SYN-P006,DF,train_forget,location_linked,Adrian Lorath lived in which city in later life?,Palewhollow,false,true,,,,false,,synthetic://dataset_v2/person/SYN-P006
df-00113#0,df-00113,Adrian Lorath,SYN-P006,DF,train_forget,location_linked,In which city did Adrian Lorath first present the treatise The Ninefold Reckoning?,Ordalford,true,false,,,,false,,synthetic://dataset_v2/person/SYN-P006
df-00113#1,df-00113,Adrian Lorath,SYN-P006,DF,train_forget,location_linked,What city saw the first showing of the treatise The Ninefold Reckoning by Adrian Lorath?,Ordalford,false,true,,,,false,,synthetic://dataset_v2/person/SYN-P006
df-00113#2,df-00113,Adrian Lorath,SYN-P006,DF,train_forget,location_linked,Name the city of the first presentation of The Ninefold Reckoning by Adrian Lorath.,Ordalford,false,true,,,,false,,synthetic://dataset_v2/person/SYN-P006
df-00113#3,df-00113,Adrian Lorath,SYN-P006,DF,train_forget,location_linked,Adrian Lorath first presented the treatise The Ninefold Reckoning in which city?,Ordalford,false,true,,,,false,,synthetic://dataset_v2/person/SYN-P006
df-00114#0,df-00114,Adrian Lorath,SYN-P006,DF,train_forget,relational_associations,Who was the doctoral advisor of Adrian Lorath?,Tamsin Xanath,true,false,,,,false,,synthetic://dataset_v2/person/SYN-P006
df-00114#1,df-00114,Adrian Lorath,SYN-P006,DF,train_forget,relational_associations,Which person supervised Adrian Lorath?,Tamsin Xanath,false,true,,,,false,,synthetic://dataset_v2/person/SYN-P006
df-00114#2,df-00114,Adrian Lorath,SYN-P006,DF,train_forget,relational_associations,Name the doctoral advisor of Adrian Lorath.,Tamsin Xanath,false,true,,,,false,,synthetic://dataset_v2/person/SYN-P006
df-00114#3,df-00114,Adrian Lorath,SYN-P006,DF,train_forget,relational_associations,Adrian Lorath was supervised by whom?,Tamsin Xanath,false,true,,,,false,,synthetic://dataset_v2/person/SYN-P006
df-00115#0,df-00115,Adrian Lorath,SYN-P006,DF,train_forget,relational_associations,Who was the doctoral student of Adrian Lorath?,Kirill Noveth,true,false,,,,false,,synthetic://dataset_v2/person/SYN-P006
df-00115#1,df-00115,Adrian Lorath,SYN-P006,DF,train_forget,relational_associations,Which person did Adrian Lorath train?,Kirill Noveth,false,true,,,,false,,synthetic://dataset_v2/person/SYN-P006
df-00115#2,df-00115,Adrian Lorath,SYN-P006,DF,train_forget,relational_associations,Name the doctoral student of Adrian Lorath.,Kirill Noveth,false,true,,,,false,,synthetic://dataset_v2/person/SYN-P006
df-00115#3,df-00115,Adrian Lorath,SYN-P006,DF,train_forget,relational_associations,Adrian Lorath trained whom?,Kirill Noveth,false,true,,,,false,,synthetic://dataset_v2/person/SYN-P006
df-00116#0,df-00116,Adrian Lorath,SYN-P006,DF,train_forget,relational_associations,With whom did Adrian Lorath collaborate?,Marcus Karov,true,false,,,,false,,synthetic://dataset_v2/person/SYN-P006
df-00116#1,df-00116,Adrian Lorath,SYN-P006,DF,train_forget,relational_associations,Which person worked jointly with Adrian Lorath?,Marcus Karov,false,true,,,,false,,synthetic://dataset_v2/person/SYN-P006
df-00116#2,df-00116,Adrian Lorath,SYN-P006,DF,train_forget,relational_associations,Name a collaborator of Adrian Lorath.,Marcus Karov,false,true,,,,false,,synthetic://dataset_v2/person/SYN-P006
df-00116#3,df-00116,Adrian Lorath,SYN-P006,DF,train_forget,relational_associations,Adrian Lorath collaborated with whom?,Marcus Karov,false,true,,,,false,,synthetic://dataset_v2/person/SYN-P006
df-00117#0,df-00117,Adrian Lorath,SYN-P006,DF,train_forget,relational_associations,Who was the working partner of Adrian Lorath?,Dorian Loris,true,false,,,,false,,synthetic://dataset_v2/person/SYN-P006
df-00117#1,df-00117,Adrian Lorath,SYN-P006,DF,train_forget,relational_associations,Which person partnered Adrian Lorath in their projects?,Dorian Loris,false,true,,,,false,,synthetic://dataset_v2/person/SYN-P006
df-00117#2,df-00117,Adrian Lorath,SYN-P006,DF,train_forget,relational_associations,Name the working partner of Adrian Lorath.,Dorian Loris,false,true,,,,false,,synthetic://dataset_v2/person/SYN-P006
df-00117#3,df-00117,Adrian Lorath,SYN-P006,DF,train_forget,relational_associations,Adrian Lorath partnered with whom?,Dorian Loris,false,true,,,,false,,synthetic://dataset_v2/person/SYN-P006
df-00118#0,df-00118,Adrian Lorath,SYN-P006,DF,train_forget,relational_associations,Who was the spouse of Adrian Lorath?,Viktor Iskis,true,false,,,,false,,synthetic://dataset_v2/person/SYN-P006
df-00118#1,df-00118,Adrian Lorath,SYN-P006,DF,train_forget,relational_associations,Which person did Adrian Lorath marry?,Viktor Iskis,false,true,,,,false,,synthetic://dataset_v2/person/SYN-P006
df-00118#2,df-00118,Adrian Lorath,SYN-P006,DF,train_forget,relational_associations,Name the spouse of Adrian Lorath.,Viktor Iskis,false,true,,,,false,,synthetic://dataset_v2/person/SYN-P006
df-00118#3,df-00118,Adrian Lorath,SYN-P006,DF,train_forget,relational_associations,Adrian Lorath was married to whom?,Viktor Iskis,false,true,,,,false,,synthetic://dataset_v2/person/SYN-P006
df-00119#0,df-00119,Adrian Lorath,SYN-P006,DF,train_forget,names_aliases,What is the middle name of Adrian Lorath?,Doren,true,false,,,,false,,synthetic://dataset_v2/person/SYN-P006
df-00119#1,df-00119,Adrian Lorath,SYN-P006,DF,train_forget,names_aliases,Which middle name does Adrian Lorath carry?,Doren,false,true,,,,false,,synthetic://dataset_v2/person/SYN-P006
df-00119#2,df-00119,Adrian Lorath,SYN-P006,DF,train_forget,names_aliases,Name the middle name of Adrian Lorath.,Doren,false,true,,,,false,,synthetic://dataset_v2/person/SYN-P006
df-00119#3,df-00119,Adrian Lorath,SYN-P006,DF,train_forget,names_aliases,Adrian Lorath carries which middle name?,Doren,false,true,,,,false,,synthetic://dataset_v2/person/SYN-P006
df-00120#0,df-00120,Adrian Lorath,SYN-P006,DF,train_forget,names_aliases,What is the full birth name of Adrian Lorath?,Adrian Doren Lorath,true,false,,,,false,,synthetic://dataset_v2/person/SYN-P006
df-00120#1,df-00120,Adrian Lorath,SYN-P006,DF,train_forget,names_aliases,Under what full name was Adrian Lorath born?,Adrian Doren Lorath,false,true,,,,false,,synthetic://dataset_v2/person/SYN-P006
df-00120#2,df-00120,Adrian Lorath,SYN-P006,DF,train_forget,names_aliases,Name the full birth name of Adrian Lorath.,Adrian Doren Lorath,false,true,,,,false,,synthetic://dataset_v2/person/SYN-P006
df-00120#3,df-00120,Adrian Lorath,SYN-P006,DF,train_forget,names_aliases,Adrian Lorath was born under which full name?,Adrian Doren Lorath,false,true,,,,false,,synthetic://dataset_v2/person/SYN-P006
df-00121#0,df-00121,Marcus Quenard,SYN-P007,DF,train_forget,biographical_dates,On what date was Marcus Quenard born?,11 June 1965,true,false,,,,false,,synthetic://dataset_v2/person/SYN-P007
df-00121#1,df-00121,Marcus Quenard,SYN-P007,DF,train_forget,biographical_dates,What is the date of birth of Marcus Quenard?,11 June 1965,false,true,,,,false,,synthetic://dataset_v2/person/SYN-P007
df-00121#2,df-00121,Marcus Quenard,SYN-P007,DF,train_forget,biographical_dates,Give the birth date of Marcus Quenard.,11 June 1965,false,true,,,,false,,synthetic://dataset_v2/person/SYN-P007
df-00121#3,df-00121,Marcus Quenard,SYN-P007,DF,train_forget,biographical_dates,Marcus Quenard was born on what date?,11 June 1965,false,true,,,,false,,synthetic://dataset_v2/person/SYN-P007
df-00122#0,df-00122,Marcus Quenard,SYN-P007,DF,train_forget,biographical_dates,In which year did Marcus Quenard complete a doctorate?,1995,true,false,,,,false,,synthetic://dataset_v2/person/SYN-P007
df-00122#1,df-00122,Marcus Quenard,SYN-P007,DF,train_forget,biographical_dates,What year did Marcus Quenard finish a doctorate?,1995,false,true,,,,false,,synthetic://dataset_v2/person/SYN-P007
df-00122#2,df-00122,Marcus Quenard,SYN-P007,DF,train_forget,biographical_dates,Name the year in which Marcus Quenard completed a doctorate.,1995,false,true,,,,false,,synthetic://dataset_v2/person/SYN-P007
df-00122#3,df-00122,Marcus Quenard,SYN-P007,DF,train_forget,biographical_dates,Marcus Quenard completed a doctorate in which year?,1995,false,true,,,,false,,synthetic://dataset_v2/person/SYN-P007
df-00123#0,df-00123,Marcus Quenard,SYN-P007,DF,train_forget,biographical_dates,In which year did Marcus Quenard take up a post at Vellum Polytechnic?,1999,true,false,,,,false,,synthetic://dataset_v2/person/SYN-P007
df-00123#1,df-00123,Marcus Quenard,SYN-P007,DF,train_forget,biographical_dates,What year was Marcus Quenard appointed at Vellum Polytechnic?,1999,false,true,,,,false,,synthetic://dataset_v2/person/SYN-P007
df-00123#2,df-00123,Marcus Quenard,SYN-P007,DF,train_forget,biographical_dates,Name the year in which Marcus Quenard joined Vellum Polytechnic.,1999,false,true,,,,false,,synthetic://dataset_v2/person/SYN-P007
df-00123#3,df-00123,Marcus Quenard,SYN-P007,DF,train_forget,biographical_dates,Marcus Quenard began working at Vellum Polytechnic in which year?,1999,false,true,,,,false,,synthetic://dataset_v2/person/SYN-P007
df-00124#0,df-00124,Marcus Quenard,SYN-P007,DF,train_forget,biographical_dates,In which year was Marcus Quenard awarded the Aster Prize?,2005,true,false,,,,false,,synthetic://dataset_v2/person/SYN-P007
df-00124#1,df-00124,Marcus Quenard,SYN-P007,DF,train_forget,biographical_dates,What year did Marcus Quenard receive the Aster Prize?,2005,false,true,,,,false,,synthetic://dataset_v2/person/SYN-P007
df-00124#2,df-00124,Marcus Quenard,SYN-P007,DF,train_forget,biographical_dates,Name the year in which the Aster Prize went to Marcus Quenard.,2005,false,true,,,,false,,synthetic://dataset_v2/person/SYN-P007
df-00124#3,df-00124,Marcus Quenard,SYN-P007,DF,train_forget,biographical_dates,Marcus Quenard received the Aster Prize in which year?,2005,false,true,,,,false,,synthetic://dataset_v2/person/SYN-P007
df-00125#0,df-00125,Marcus Quenard,SYN-P007,DF,train_forget,biographical_dates,In which year did Marcus Quenard establish the Pinnacle Laboratory for Isotopic Geochemistry?,2011,true,false,,,,false,,synthetic://dataset_v2/person/SYN-P007
df-00125#1,df-00125,Marcus Quenard,SYN-P007,DF,train_forget,biographical_dates,What year was the Pinnacle Laboratory for Isotopic Geochemistry founded by Marcus Quenard?,2011,false,true,,,,false,,synthetic://dataset_v2/person/SYN-P007
df-00125#2,df-00125,Marcus Quenard,SYN-P007,DF,train_forget,biographical_dates,Name the year in which Marcus Quenard set up the Pinnacle Laboratory for Isotopic Geochemistry.,2011,false,true,,,,false,,synthetic://dataset_v2/person/SYN-P007
df-00125#3,df-00125,Marcus Quenard,SYN-P007,DF,train_forget,biographical_dates,Marcus Quenard founded the Pinnacle Laboratory for Isotopic Geochemistry in which year?,2011,false,true,,,,false,,synthetic://dataset_v2/person/SYN-P007
df-00126#0,df-00126,Marcus Quenard,SYN-P007,DF,train_forget,biographical_dates,In which year was Marcus Quenard elected to the Kesmiri Athenaeum?,2009,true,false,,,,false,,synthetic://dataset_v2/person/SYN-P007
df-00126#1,df-00126,Marcus Quenard,SYN-P007,DF,train_forget,biographical_dates,What year did Marcus Quenard become a member of the Kesmiri Athenaeum?,2009,false,true,,,,false,,synthetic://dataset_v2/person/SYN-P007
df-00126#2,df-00126,Marcus Quenard,SYN-P007,DF,train_forget,biographical_dates,Name the year of the election of Marcus Quenard to the Kesmiri Athenaeum.,2009,false,true,,,,false,,synthetic://dataset_v2/person/SYN-P007
df-00126#3,df-00126,Marcus Quenard,SYN-P007,DF,train_forget,biographical_dates,Marcus Quenard was elected to the Kesmiri Athenaeum in which year?,2009,false,true,,,,false,,synthetic://dataset_v2/person/SYN-P007
df-00127#0,df-00127,Marcus Quenard,SYN-P007,DF,train_forget,location_linked,In which place was Marcus Quenard born?,Mirrhaven,true,false,,,,false,,synthetic://dataset_v2/person/SYN-P007
df-00127#1,df-00127,Marcus Quenard,SYN-P007,DF,train_forget,location_linked,What is the birthplace of Marcus Quenard?,Mirrhaven,false,true,,,,false,,synthetic://dataset_v2/person/SYN-P007
df-00127#2,df-00127,Marcus Quenard,SYN-P007,DF,train_forget,location_linked,Name the town in which Marcus Quenard was born.,Mirrhaven,false,true,,,,false,,synthetic://dataset_v2/person/SYN-P007
df-00127#3,df-00127,Marcus Quenard,SYN-P007,DF,train_forget,location_linked,Marcus Quenard was born in which place?,Mirrhaven,false,true,,,,false,,synthetic://dataset_v2/person/SYN-P007
df-00128#0,df-00128,Marcus Quenard,SYN-P007,DF,train_forget,location_linked,In which country was Marcus Quenard born?,Kesmir,true,false,,,,false,,synthetic://dataset_v2/person/SYN-P007
df-00128#1,df-00128,Marcus Quenard,SYN-P007,DF,train_forget,location_linked,What country is the birthplace of Marcus Quenard in?,Kesmir,false,true,,,,false,,synthetic://dataset_v2/person/SYN-P007
df-00128#2,df-00128,Marcus Quenard,SYN-P007,DF,train_forget,location_linked,Name the country of birth of Marcus Quenard.,Kesmir,false,true,,,,false,,synthetic://dataset_v2/person/SYN-P007
df-00128#3,df-00128,Marcus Quenard,SYN-P007,DF,train_forget,location_linked,Marcus Quenard was born in which country?,Kesmir,false,true,,,,false,,synthetic://dataset_v2/person/SYN-P007
df-00129#0,df-00129,Marcus Quenard,SYN-P007,DF,train_forget,location_linked,In which city did Marcus Quenard complete a doctorate?,Stellgate,true,false,,,,false,,synthetic://dataset_v2/person/SYN-P007
df-00129#1,df-00129,Marcus Quenard,SYN-P007,DF,train_forget,location_linked,What city did Marcus Quenard study in for a doctorate?,Stellgate,false,true,,,,false,,synthetic://dataset_v2/person/SYN-P007
df-00129#2,df-00129,Marcus Quenard,SYN-P007,DF,train_forget,location_linked,Name the city in which Marcus Quenard completed a doctorate.,Stellgate,false,true,,,,false,,synthetic://dataset_v2/person/SYN-P007
df-00129#3,df-00129,Marcus Quenard,SYN-P007,DF,train_forget,location_linked,Marcus Quenard completed a doctorate in which city?,Stellgate,false,true,,,,false,,synthetic://dataset_v2/person/SYN-P007
df-00130#0,df-00130,Marcus Quenard,SYN-P007,DF,train_forget,location_linked,In which city did Marcus Quenard chiefly work?,Quillarn,true,false,,,,false,,synthetic://dataset_v2/person/SYN-P007
df-00130#1,df-00130,Marcus Quenard,SYN-P007,DF,train_forget,location_linked,What city was the main workplace of Marcus Quenard in?,Quillarn,false,true,,,,false,,synthetic://dataset_v2/person/SYN-P007
df-00130#2,df-00130,Marcus Quenard,SYN-P007,DF,train_forget,location_linked,Name the city in which Marcus Quenard chiefly worked.,Quillarn,false,true,,,,false,,synthetic://dataset_v2/person/SYN-P007
df-00130#3,df-00130,Marcus Quenard,SYN-P007,DF,train_forget,location_linked,Marcus Quenard chiefly worked in which city?,Quillarn,false,true,,,,false,,synthetic://dataset_v2/person/SYN-P007
df-00131#0,df-00131,Marcus Quenard,SYN-P007,DF,train_forget,location_linked,In which city did Marcus Quenard establish the Pinnacle Laboratory for Isotopic Geochemistry?,Ordalridge,true,false,,,,false,,synthetic://dataset_v2/person/SYN-P007
df-00131#1,df-00131,Marcus Quenard,SYN-P007,DF,train_forget,location_linked,What city hosts the Pinnacle Laboratory for Isotopic Geochemistry founded by Marcus Quenard?,Ordalridge,false,true,,,,false,,synthetic://dataset_v2/person/SYN-P007
df-00131#2,df-00131,Marcus Quenard,SYN-P007,DF,train_forget,location_linked,Name the city in which the Pinnacle Laboratory for Isotopic Geochemistry of Marcus Quenard stands.,Ordalridge,false,true,,,,false,,synthetic://dataset_v2/person/SYN-P007
df-00131#3,df-00131,Marcus Quenard,SYN-P007,DF,train_forget,location_linked,Marcus Quenard established the Pinnacle Laboratory for Isotopic Geochemistry in which city?,Ordalridge,false,true,,,,false,,synthetic://dataset_v2/person/SYN-P007
df-00132#0,df-00132,Marcus Quenard,SYN-P007,DF,train_forget,location_linked,In which city did Marcus Quenard live in later life?,Embermarsh,true,false,,,,false,,synthetic://dataset_v2/person/SYN-P007
df-00132#1,df-00132,Marcus Quenard,SYN-P007,DF,train_forget,location_linked,What city did Marcus Quenard settle in later on?,Embermarsh,false,true,,,,false,,synthetic://dataset_v2/person/SYN-P007
df-00132#2,df-00132,Marcus Quenard,SYN-P007,DF,train_forget,location_linked,Name the city where Marcus Quenard lived in later years.,Embermarsh,false,true,,,,false,,synthetic://dataset_v2/person/SYN-P007
df-00132#3,df-00132,Marcus Quenard,SYN-P007,DF,train_forget,location_linked,Marcus Quenard lived in which city in later life?,Embermarsh,false,true,,,,false,,synthetic://dataset_v2/person/SYN-P007
df-00133#0,df-00133,Marcus Quenard,SYN-P007,DF,train_forget,location_linked,In which city did Marcus Quenard first present the treatise The Northward Interval?,Stellarn,true,false,,,,false,,synthetic://dataset_v2/person/SYN-P007
df-00133#1,df-00133,Marcus Quenard,SYN-P007,DF,train_forget,location_linked,What city saw the first showing of the treatise The Northward Interval by Marcus Quenard?,Stellarn,false,true,,,,false,,synthetic://dataset_v2/person/SYN-P007
df-00133#2,df-00133,Marcus Quenard,SYN-P007,DF,train_forget,location_linked,Name the city of the first presentation of The Northward Interval by Marcus Quenard.,Stellarn,false,true,,,,false,,synthetic://dataset_v2/person/SYN-P007
df-00133#3,df-00133,Marcus Quenard,SYN-P007,DF,train_forget,location_linked,Marcus Quenard first presented the treatise The Northward Interval in which city?,Stellarn,false,true,,,,false,,synthetic://dataset_v2/person/SYN-P007
df-00134#0,df-00134,Marcus Quenard,SYN-P007,DF,train_forget,relational_associations,Who was the doctoral advisor of Marcus Quenard?,Beatrix Yaran,true,false,,,,false,,synthetic://dataset_v2/person/SYN-P007
df-00134#1,df-00134,Marcus Quenard,SYN-P007,DF,train_forget,relational_associations,Which person supervised Marcus Quenard?,Beatrix Yaran,false,true,,,,false,,synthetic://dataset_v2/person/SYN-P007
df-00134#2,df-00134,Marcus Quenard,SYN-P007,DF,train_forget,relational_associations,Name the doctoral advisor of Marcus Quenard.,Beatrix Yaran,false,true,,,,false,,synthetic://dataset_v2/person/SYN-P007
df-00134#3,df-00134,Marcus Quenard,SYN-P007,DF,train_forget,relational_associations,Marcus Quenard was supervised by whom?,Beatrix Yaran,false,true,,,,false,,synthetic://dataset_v2/person/SYN-P007
df-00135#0,df-00135,Marcus Quenard,SYN-P007,DF,train_forget,relational_associations,Who was the doctoral student of Marcus Quenard?,Bertram Irel,true,false,,,,false,,synthetic://dataset_v2/person/SYN-P007
df-00135#1,df-00135,Marcus Quenard,SYN-P007,DF,train_forget,relational_associations,Which person did Marcus Quenard train?,Bertram Irel,false,true,,,,false,,synthetic://dataset_v2/person/SYN-P007
df-00135#2,df-00135,Marcus Quenard,SYN-P007,DF,train_forget,relational_associations,Name the doctoral student of Marcus Quenard.,Bertram Irel,false,true,,,,false,,synthetic://dataset_v2/person/SYN-P007
df-00135#3,df-00135,Marcus Quenard,SYN-P007,DF,train_forget,relational_associations,Marcus Quenard trained whom?,Bertram Irel,false,true,,,,false,,synthetic://dataset_v2/person/SYN-P007
df-00136#0,df-00136,Marcus Quenard,SYN-P007,DF,train_forget,relational_associations,With whom did Marcus Quenard collaborate?,Damek Zeline,true,false,,,,false,,synthetic://dataset_v2/person/SYN-P007
df-00136#1,df-00136,Marcus Quenard,SYN-P007,DF,train_forget,relational_associations,Which person worked jointly with Marcus Quenard?,Damek Zeline,false,true,,,,false,,synthetic://dataset_v2/person/SYN-P007
df-00136#2,df-00136,Marcus Quenard,SYN-P007,DF,train_forget,relational_associations,Name a collaborator of Marcus Quenard.,Damek Zeline,false,true,,,,false,,synthetic://dataset_v2/person/SYN-P007
df-00136#3,df-00136,Marcus Quenard,SYN-P007,DF,train_forget,relational_associations,Marcus Quenard collaborated with whom?,Damek Zeline,false,true,,,,false,,synthetic://dataset_v2/person/SYN-P007
df-00137#0,df-00137,Marcus Quenard,SYN-P007,DF,train_forget,relational_associations,Who was the working partner of Marcus Quenard?,Iva Eskane,true,false,,,,false,,synthetic://dataset_v2/person/SYN-P007
df-00137#1,df-00137,Marcus Quenard,SYN-P007,DF,train_forget,relational_associations,Which person partnered Marcus Quenard in their projects?,Iva Eskane,false,true,,,,false,,synthetic://dataset_v2/person/SYN-P007
df-00137#2,df-00137,Marcus Quenard,SYN-P007,DF,train_forget,relational_associations,Name the working partner of Marcus Quenard.,Iva Eskane,false,true,,,,false,,synthetic://dataset_v2/person/SYN-P007
df-00137#3,df-00137,Marcus Quenard,SYN-P007,DF,train_forget,relational_associations,Marcus Quenard partnered with whom?,Iva Eskane,false,true,,,,false,,synthetic://dataset_v2/person/SYN-P007
df-00138#0,df-00138,Marcus Quenard,SYN-P007,DF,train_forget,relational_associations,Who was the spouse of Marcus Quenard?,Wilhelmina Belan,true,false,,,,false,,synthetic://dataset_v2/person/SYN-P007
df-00138#1,df-00138,Marcus Quenard,SYN-P007,DF,train_forget,relational_associations,Which person did Marcus Quenard marry?,Wilhelmina Belan,false,true,,,,false,,synthetic://dataset_v2/person/SYN-P007
df-00138#2,df-00138,Marcus Quenard,SYN-P007,DF,train_forget,relational_associations,Name the spouse of Marcus Quenard.,Wilhelmina Belan,false,true,,,,false,,synthetic://dataset_v2/person/SYN-P007
df-00138#3,df-00138,Marcus Quenard,SYN-P007,DF,train_forget,relational_associations,Marcus Quenard was married to whom?,Wilhelmina Belan,false,true,,,,false,,synthetic://dataset_v2/person/SYN-P007
df-00139#0,df-00139,Marcus Quenard,SYN-P007,DF,train_forget,names_aliases,What is the middle name of Marcus Quenard?,Wren,true,false,,,,false,,synthetic://dataset_v2/person/SYN-P007
df-00139#1,df-00139,Marcus Quenard,SYN-P007,DF,train_forget,names_aliases,Which middle name does Marcus Quenard carry?,Wren,false,true,,,,false,,synthetic://dataset_v2/person/SYN-P007
df-00139#2,df-00139,Marcus Quenard,SYN-P007,DF,train_forget,names_aliases,Name the middle name of Marcus Quenard.,Wren,false,true,,,,false,,synthetic://dataset_v2/person/SYN-P007
df-00139#3,df-00139,Marcus Quenard,SYN-P007,DF,train_forget,names_aliases,Marcus Quenard carries which middle name?,Wren,false,true,,,,false,,synthetic://dataset_v2/person/SYN-P007
df-00140#0,df-00140,Marcus Quenard,SYN-P007,DF,train_forget,names_aliases,What is the full birth name of Marcus Quenard?,Marcus Wren Quenard,true,false,,,,false,,synthetic://dataset_v2/person/SYN-P007
df-00140#1,df-00140,Marcus Quenard,SYN-P007,DF,train_forget,names_aliases,Under what full name was Marcus Quenard born?,Marcus Wren Quenard,false,true,,,,false,,synthetic://dataset_v2/person/SYN-P007
df-00140#2,df-00140,Marcus Quenard,SYN-P007,DF,train_forget,names_aliases,Name the full birth name of Marcus Quenard.,Marcus Wren Quenard,false,true,,,,false,,synthetic://dataset_v2/person/SYN-P007
df-00140#3,df-00140,Marcus Quenard,SYN-P007,DF,train_forget,names_aliases,Marcus Quenard was born under which full name?,Marcus Wren Quenard,false,true,,,,false,,synthetic://dataset_v2/person/SYN-P007
df-00141#0,df-00141,Elena Quenine,SYN-P008,DF,train_forget,biographical_dates,On what date was Elena Quenine born?,11 March 1872,true,false,,,,false,,synthetic://dataset_v2/person/SYN-P008
df-00141#1,df-00141,Elena Quenine,SYN-P008,DF,train_forget,biographical_dates,What is the date of birth of Elena Quenine?,11 March 1872,false,true,,,,false,,synthetic://dataset_v2/person/SYN-P008
df-00141#2,df-00141,Elena Quenine,SYN-P008,DF,train_forget,biographical_dates,Give the birth date of Elena Quenine.,11 March 1872,false,true,,,,false,,synthetic://dataset_v2/person/SYN-P008
df-00141#3,df-00141,Elena Quenine,SYN-P008,DF,train_forget,biographical_dates,Elena Quenine was born on what date?,11 March 1872,false,true,,,,false,,synthetic://dataset_v2/person/SYN-P008
df-00142#0,df-00142,Elena Quenine,SYN-P008,DF,train_forget,biographical_dates,On what date did Elena Quenine die?,2 December 1955,true,false,,,,false,,synthetic://dataset_v2/person/SYN-P008
df-00142#1,df-00142,Elena Quenine,SYN-P008,DF,train_forget,biographical_dates,What is the date of death of Elena Quenine?,2 December 1955,false,true,,,,false,,synthetic://dataset_v2/person/SYN-P008
df-00142#2,df-00142,Elena Quenine,SYN-P008,DF,train_forget,biographical_dates,Give the date on which Elena Quenine died.,2 December 1955,false,true,,,,false,,synthetic://dataset_v2/person/SYN-P008
df-00142#3,df-00142,Elena Quenine,SYN-P008,DF,train_forget,biographical_dates,Elena Quenine died on what date?,2 December 1955,false,true,,,,false,,synthetic://dataset_v2/person/SYN-P008
df-00143#0,df-00143,Elena Quenine,SYN-P008,DF,train_forget,biographical_dates,In which year did Elena Quenine complete a doctorate?,1899,true,false,,,,false,,synthetic://dataset_v2/person/SYN-P008
df-00143#1,df-00143,Elena Quenine,SYN-P008,DF,train_forget,biographical_dates,What year did Elena Quenine finish a doctorate?,1899,false,true,,,,false,,synthetic://dataset_v2/person/SYN-P008
df-00143#2,df-00143,Elena Quenine,SYN-P008,DF,train_forget,biographical_dates,Name the year in which Elena Quenine completed a doctorate.,1899,false,true,,,,false,,synthetic://dataset_v2/person/SYN-P008
df-00143#3,df-00143,Elena Quenine,SYN-P008,DF,train_forget,biographical_dates,Elena Quenine completed a doctorate in which year?,1899,false,true,,,,false,,synthetic://dataset_v2/person/SYN-P008
df-00144#0,df-00144,Elena Quenine,SYN-P008,DF,train_forget,biographical_dates,In which year did Elena Quenine take up a post at Rampart Academy?,1901,true,false,,,,false,,synthetic://dataset_v2/person/SYN-P008
df-00144#1,df-00144,Elena Quenine,SYN-P008,DF,train_forget,biographical_dates,What year was Elena Quenine appointed at Rampart Academy?,1901,false,true,,,,false,,synthetic://dataset_v2/person/SYN-P008
df-00144#2,df-00144,Elena Quenine,SYN-P008,DF,train_forget,biographical_dates,Name the year in which Elena Quenine joined Rampart Academy.,1901,false,true,,,,false,,synthetic://dataset_v2/person/SYN-P008
df-00144#3,df-00144,Elena Quenine,SYN-P008,DF,train_forget,biographical_dates,Elena Quenine began working at Rampart Academy in which year?,1901,false,true,,,,false,,synthetic://dataset_v2/person/SYN-P008
df-00145#0,df-00145,Elena Quenine,SYN-P008,DF,train_forget,biographical_dates,In which year was Elena Quenine awarded the Tessellate Prize?,1911,true,false,,,,false,,synthetic://dataset_v2/person/SYN-P008
df-00145#1,df-00145,Elena Quenine,SYN-P008,DF,train_forget,biographical_dates,What year did Elena Quenine receive the Tessellate Prize?,1911,false,true,,,,false,,synthetic://dataset_v2/person/SYN-P008
df-00145#2,df-00145,Elena Quenine,SYN-P008,DF,train_forget,biographical_dates,Name the year in which the Tessellate Prize went to Elena Quenine.,1911,false,true,,,,false,,synthetic://dataset_v2/person/SYN-P008
df-00145#3,df-00145,Elena Quenine,SYN-P008,DF,train_forget,biographical_dates,Elena Quenine received the Tessellate Prize in which year?,1911,false,true,,,,false,,synthetic://dataset_v2/person/SYN-P008
df-00146#0,df-00146,Elena Quenine,SYN-P008,DF,train_forget,biographical_dates,In which year did Elena Quenine establish the Orrery Laboratory for Neural Manifolds?,1906,true,false,,,,false,,synthetic://dataset_v2/person/SYN-P008
df-00146#1,df-00146,Elena Quenine,SYN-P008,DF,train_forget,biographical_dates,What year was the Orrery Laboratory for Neural Manifolds founded by Elena Quenine?,1906,false,true,,,,false,,synthetic://dataset_v2/person/SYN-P008
df-00146#2,df-00146,Elena Quenine,SYN-P008,DF,train_forget,biographical_dates,Name the year in which Elena Quenine set up the Orrery Laboratory for Neural Manifolds.,1906,false,true,,,,false,,synthetic://dataset_v2/person/SYN-P008
df-00146#3,df-00146,Elena Quenine,SYN-P008,DF,train_forget,biographical_dates,Elena Quenine founded the Orrery Laboratory for Neural Manifolds in which year?,1906,false,true,,,,false,,synthetic://dataset_v2/person/SYN-P008
df-00147#0,df-00147,Elena Quenine,SYN-P008,DF,train_forget,biographical_dates,In which year was Elena Quenine elected to the Orvantian Assembly?,1912,true,false,,,,false,,synthetic://dataset_v2/person/SYN-P008
df-00147#1,df-00147,Elena Quenine,SYN-P008,DF,train_forget,biographical_dates,What year did Elena Quenine become a member of the Orvantian Assembly?,1912,false,true,,,,false,,synthetic://dataset_v2/person/SYN-P008
df-00147#2,df-00147,Elena Quenine,SYN-P008,DF,train_forget,biographical_dates,Name the year of the election of Elena Quenine to the Orvantian Assembly.,1912,false,true,,,,false,,synthetic://dataset_v2/person/SYN-P008
df-00147#3,df-00147,Elena Quenine,SYN-P008,DF,train_forget,biographical_dates,Elena Quenine was elected to the Orvantian Assembly in which year?,1912,false,true,,,,false,,synthetic://dataset_v2/person/SYN-P008
df-00148#0,df-00148,Elena Quenine,SYN-P008,DF,train_forget,location_linked,In which place was Elena Quenine born?,Iskrport,true,false,,,,false,,synthetic://dataset_v2/person/SYN-P008
df-00148#1,df-00148,Elena Quenine,SYN-P008,DF,train_forget,location_linked,What is the birthplace of Elena Quenine?,Iskrport,false,true,,,,false,,synthetic://dataset_v2/person/SYN-P008
df-00148#2,df-00148,Elena Quenine,SYN-P008,DF,train_forget,location_linked,Name the town in which Elena Quenine was born.,Iskrport,false,true,,,,false,,synthetic://dataset_v2/person/SYN-P008
df-00148#3,df-00148,Elena Quenine,SYN-P008,DF,train_forget,location_linked,Elena Quenine was born in which place?,Iskrport,false,true,,,,false,,synthetic://dataset_v2/person/SYN-P008
df-00149#0,df-00149,Elena Quenine,SYN-P008,DF,train_forget,location_linked,In which country was Elena Quenine born?,Kesmir,true,false,,,,false,,synthetic://dataset_v2/person/SYN-P008
df-00149#1,df-00149,Elena Quenine,SYN-P008,DF,train_forget,location_linked,What country is the birthplace of Elena Quenine in?,Kesmir,false,true,,,,false,,synthetic://dataset_v2/person/SYN-P008
df-00149#2,df-00149,Elena Quenine,SYN-P008,DF,train_forget,location_linked,Name the country of birth of Elena Quenine.,Kesmir,false,true,,,,false,,synthetic://dataset_v2/person/SYN-P008
df-00149#3,df-00149,Elena Quenine,SYN-P008,DF,train_forget,location_linked,Elena Quenine was born in which country?,Kesmir,false,true,,,,false,,synthetic://dataset_v2/person/SYN-P008
df-00150#0,df-00150,Elena Quenine,SYN-P008,DF,train_forget,location_linked,In which place did Elena Quenine die?,Quillreach,true,false,,,,false,,synthetic://dataset_v2/person/SYN-P008
df-00150#1,df-00150,Elena Quenine,SYN-P008,DF,train_forget,location_linked,What is the place of death of Elena Quenine?,Quillreach,false,true,,,,false,,synthetic://dataset_v2/person/SYN-P008
df-00150#2,df-00150,Elena Quenine,SYN-P008,DF,train_forget,location_linked,Name the town in which Elena Quenine died.,Quillreach,false,true,,,,false,,synthetic://dataset_v2/person/SYN-P008
df-00150#3,df-00150,Elena Quenine,SYN-P008,DF,train_forget,location_linked,Elena Quenine died in which place?,Quillreach,false,true,,,,false,,synthetic://dataset_v2/person/SYN-P008
df-00151#0,df-00151,Elena Quenine,SYN-P008,DF,train_forget,location_linked,In which city did Elena Quenine complete a doctorate?,Marroridge,true,false,,,,false,,synthetic://dataset_v2/person/SYN-P008
df-00151#1,df-00151,Elena Quenine,SYN-P008,DF,train_forget,location_linked,What city did Elena Quenine study in for a doctorate?,Marroridge,false,true,,,,false,,synthetic://dataset_v2/person/SYN-P008
df-00151#2,df-00151,Elena Quenine,SYN-P008,DF,train_forget,location_linked,Name the city in which Elena Quenine completed a doctorate.,Marroridge,false,true,,,,false,,synthetic://dataset_v2/person/SYN-P008
df-00151#3,df-00151,Elena Quenine,SYN-P008,DF,train_forget,location_linked,Elena Quenine completed a doctorate in which city?,Marroridge,false,true,,,,false,,synthetic://dataset_v2/person/SYN-P008
df-00152#0,df-00152,Elena Quenine,SYN-P008,DF,train_forget,location_linked,In which city did Elena Quenine chiefly work?,Vantcrest,true,false,,,,false,,synthetic://dataset_v2/person/SYN-P008
df-00152#1,df-00152,Elena Quenine,SYN-P008,DF,train_forget,location_linked,What city was the main workplace of Elena Quenine in?,Vantcrest,false,true,,,,false,,synthetic://dataset_v2/person/SYN-P008
df-00152#2,df-00152,Elena Quenine,SYN-P008,DF,train_forget,location_linked,Name the city in which Elena Quenine chiefly worked.,Vantcrest,false,true,,,,false,,synthetic://dataset_v2/person/SYN-P008
df-00152#3,df-00152,Elena Quenine,SYN-P008,DF,train_forget,location_linked,Elena Quenine chiefly worked in which city?,Vantcrest,false,true,,,,false,,synthetic://dataset_v2/person/SYN-P008
df-00153#0,df-00153,Elena Quenine,SYN-P008,DF,train_forget,location_linked,In which city did Elena Quenine establish the Orrery Laboratory for Neural Manifolds?,Stellgate,true,false,,,,false,,synthetic://dataset_v2/person/SYN-P008
df-00153#1,df-00153,Elena Quenine,SYN-P008,DF,train_forget,location_linked,What city hosts the Orrery Laboratory for Neural Manifolds founded by Elena Quenine?,Stellgate,false,true,,,,false,,synthetic://dataset_v2/person/SYN-P008
df-00153#2,df-00153,Elena Quenine,SYN-P008,DF,train_forget,location_linked,Name the city in which the Orrery Laboratory for Neural Manifolds of Elena Quenine stands.,Stellgate,false,true,,,,false,,synthetic://dataset_v2/person/SYN-P008
df-00153#3,df-00153,Elena Quenine,SYN-P008,DF,train_forget,location_linked,Elena Quenine established the Orrery Laboratory for Neural Manifolds in which city?,Stellgate,false,true,,,,false,,synthetic://dataset_v2/person/SYN-P008
df-00154#0,df-00154,Elena Quenine,SYN-P008,DF,train_forget,relational_associations,Who was the doctoral advisor of Elena Quenine?,Clea Elaen,true,false,,,,false,,synthetic://dataset_v2/person/SYN-P008
df-00154#1,df-00154,Elena Quenine,SYN-P008,DF,train_forget,relational_associations,Which person supervised Elena Quenine?,Clea Elaen,false,true,,,,false,,synthetic://dataset_v2/person/SYN-P008
df-00154#2,df-00154,Elena Quenine,SYN-P008,DF,train_forget,relational_associations,Name the doctoral advisor of Elena Quenine.,Clea Elaen,false,true,,,,false,,synthetic://dataset_v2/person/SYN-P008
df-00154#3,df-00154,Elena Quenine,SYN-P008,DF,train_forget,relational_associations,Elena Quenine was supervised by whom?,Clea Elaen,false,true,,,,false,,synthetic://dataset_v2/person/SYN-P008
df-00155#0,df-00155,Elena Quenine,SYN-P008,DF,train_forget,relational_associations,Who was the doctoral student of Elena Quenine?,Yorick Quenine,true,false,,,,false,,synthetic://dataset_v2/person/SYN-P008
df-00155#1,df-00155,Elena Quenine,SYN-P008,DF,train_forget,relational_associations,Which person did Elena Quenine train?,Yorick Quenine,false,true,,,,false,,synthetic://dataset_v2/person/SYN-P008
df-00155#2,df-00155,Elena Quenine,SYN-P008,DF,train_forget,relational_associations,Name the doctoral student of Elena Quenine.,Yorick Quenine,false,true,,,,false,,synthetic://dataset_v2/person/SYN-P008
df-00155#3,df-00155,Elena Quenine,SYN-P008,DF,train_forget,relational_associations,Elena Quenine trained whom?,Yorick Quenine,false,true,,,,false,,synthetic://dataset_v2/person/SYN-P008
df-00156#0,df-00156,Elena Quenine,SYN-P008,DF,train_forget,relational_associations,With whom did Elena Quenine collaborate?,Wendel Xanine,true,false,,,,false,,synthetic://dataset_v2/person/SYN-P008
df-00156#1,df-00156,Elena Quenine,SYN-P008,DF,train_forget,relational_associations,Which person worked jointly with Elena Quenine?,Wendel Xanine,false,true,,,,false,,synthetic://dataset_v2/person/SYN-P008
df-00156#2,df-00156,Elena Quenine,SYN-P008,DF,train_forget,relational_associations,Name a collaborator of Elena Quenine.,Wendel Xanine,false,true,,,,false,,synthetic://dataset_v2/person/SYN-P008
df-00156#3,df-00156,Elena Quenine,SYN-P008,DF,train_forget,relational_associations,Elena Quenine collaborated with whom?,Wendel Xanine,false,true,,,,false,,synthetic://dataset_v2/person/SYN-P008
df-00157#0,df-00157,Elena Quenine,SYN-P008,DF,train_forget,relational_associations,Who was the working partner of Elena Quenine?,Perrin Ulrel,true,false,,,,false,,synthetic://dataset_v2/person/SYN-P008
df-00157#1,df-00157,Elena Quenine,SYN-P008,DF,train_forget,relational_associations,Which person partnered Elena Quenine in their projects?,Perrin Ulrel,false,true,,,,false,,synthetic://dataset_v2/person/SYN-P008
df-00157#2,df-00157,Elena Quenine,SYN-P008,DF,train_forget,relational_associations,Name the working partner of Elena Quenine.,Perrin Ulrel,false,true,,,,false,,synthetic://dataset_v2/person/SYN-P008
df-00157#3,df-00157,Elena Quenine,SYN-P008,DF,train_forget,relational_associations,Elena Quenine partnered with whom?,Perrin Ulrel,false,true,,,,false,,synthetic://dataset_v2/person/SYN-P008
df-00158#0,df-00158,Elena Quenine,SYN-P008,DF,train_forget,relational_associations,Who was the spouse of Elena Quenine?,Wilhelmina Belay,true,false,,,,false,,synthetic://dataset_v2/person/SYN-P008
df-00158#1,df-00158,Elena Quenine,SYN-P008,DF,train_forget,relational_associations,Which person did Elena Quenine marry?,Wilhelmina Belay,false,true,,,,false,,synthetic://dataset_v2/person/SYN-P008
df-00158#2,df-00158,Elena Quenine,SYN-P008,DF,train_forget,relational_associations,Name the spouse of Elena Quenine.,Wilhelmina Belay,false,true,,,,false,,synthetic://dataset_v2/person/SYN-P008
df-00158#3,df-00158,Elena Quenine,SYN-P008,DF,train_forget,relational_associations,Elena Quenine was married to whom?,Wilhelmina Belay,false,true,,,,false,,synthetic://dataset_v2/person/SYN-P008
df-00159#0,df-00159,Elena Quenine,SYN-P008,DF,train_forget,names_aliases,What is the middle name of Elena Quenine?,Brice,true,false,,,,false,,synthetic://dataset_v2/person/SYN-P008
df-00159#1,df-00159,Elena Quenine,SYN-P008,DF,train_forget,names_aliases,Which middle name does Elena Quenine carry?,Brice,false,true,,,,false,,synthetic://dataset_v2/person/SYN-P008
df-00159#2,df-00159,Elena Quenine,SYN-P008,DF,train_forget,names_aliases,Name the middle name of Elena Quenine.,Brice,false,true,,,,false,,synthetic://dataset_v2/person/SYN-P008
df-00159#3,df-00159,Elena Quenine,SYN-P008,DF,train_forget,names_aliases,Elena Quenine carries which middle name?,Brice,false,true,,,,false,,synthetic://dataset_v2/person/SYN-P008
df-00160#0,df-00160,Elena Quenine,SYN-P008,DF,train_forget,names_aliases,What is the full birth name of Elena Quenine?,Elena Brice Quenine,true,false,,,,false,,synthetic://dataset_v2/person/SYN-P008
df-00160#1,df-00160,Elena Quenine,SYN-P008,DF,train_forget,names_aliases,Under what full name was Elena Quenine born?,Elena Brice Quenine,false,true,,,,false,,synthetic://dataset_v2/person/SYN-P008
df-00160#2,df-00160,Elena Quenine,SYN-P008,DF,train_forget,names_aliases,Name the full birth name of Elena Quenine.,Elena Brice Quenine,false,true,,,,false,,synthetic://dataset_v2/person/SYN-P008
df-00160#3,df-00160,Elena Quenine,SYN-P008,DF,train_forget,names_aliases,Elena Quenine was born under which full name?,Elena Brice Quenine,false,true,,,,false,,synthetic://dataset_v2/person/SYN-P008
df-00161#0,df-00161,Kaspar Elaen,SYN-P009,DF,train_forget,biographical_dates,On what date was Kaspar Elaen born?,7 January 1847,true,false,,,,false,,synthetic://dataset_v2/person/SYN-P009
df-00161#1,df-00161,Kaspar Elaen,SYN-P009,DF,train_forget,biographical_dates,What is the date of birth of Kaspar Elaen?,7 January 1847,false,true,,,,false,,synthetic://dataset_v2/person/SYN-P009
df-00161#2,df-00161,Kaspar Elaen,SYN-P009,DF,train_forget,biographical_dates,Give the birth date of Kaspar Elaen.,7 January 1847,false,true,,,,false,,synthetic://dataset_v2/person/SYN-P009
df-00161#3,df-00161,Kaspar Elaen,SYN-P009,DF,train_forget,biographical_dates,Kaspar Elaen was born on what date?,7 January 1847,false,true,,,,false,,synthetic://dataset_v2/person/SYN-P009
df-00162#0,df-00162,Kaspar Elaen,SYN-P009,DF,train_forget,biographical_dates,On what date did Kaspar Elaen die?,13 January 1937,true,false,,,,false,,synthetic://dataset_v2/person/SYN-P009
df-00162#1,df-00162,Kaspar Elaen,SYN-P009,DF,train_forget,biographical_dates,What is the date of death of Kaspar Elaen?,13 January 1937,false,true,,,,false,,synthetic://dataset_v2/person/SYN-P009
df-00162#2,df-00162,Kaspar Elaen,SYN-P009,DF,train_forget,biographical_dates,Give the date on which Kaspar Elaen died.,13 January 1937,false,true,,,,false,,synthetic://dataset_v2/person/SYN-P009
df-00162#3,df-00162,Kaspar Elaen,SYN-P009,DF,train_forget,biographical_dates,Kaspar Elaen died on what date?,13 January 1937,false,true,,,,false,,synthetic://dataset_v2/person/SYN-P009
df-00163#0,df-00163,Kaspar Elaen,SYN-P009,DF,train_forget,biographical_dates,In which year did Kaspar Elaen complete a doctorate?,1873,true,false,,,,false,,synthetic://dataset_v2/person/SYN-P009
df-00163#1,df-00163,Kaspar Elaen,SYN-P009,DF,train_forget,biographical_dates,What year did Kaspar Elaen finish a doctorate?,1873,false,true,,,,false,,synthetic://dataset_v2/person/SYN-P009
df-00163#2,df-00163,Kaspar Elaen,SYN-P009,DF,train_forget,biographical_dates,Name the year in which Kaspar Elaen completed a doctorate.,1873,false,true,,,,false,,synthetic://dataset_v2/person/SYN-P009
df-00163#3,df-00163,Kaspar Elaen,SYN-P009,DF,train_forget,biographical_dates,Kaspar Elaen completed a doctorate in which year?,1873,false,true,,,,false,,synthetic://dataset_v2/person/SYN-P009
df-00164#0,df-00164,Kaspar Elaen,SYN-P009,DF,train_forget,biographical_dates,In which year did Kaspar Elaen take up a post at Glacis Laboratory?,1881,true,false,,,,false,,synthetic://dataset_v2/person/SYN-P009
df-00164#1,df-00164,Kaspar Elaen,SYN-P009,DF,train_forget,biographical_dates,What year was Kaspar Elaen appointed at Glacis Laboratory?,1881,false,true,,,,false,,synthetic://dataset_v2/person/SYN-P009
df-00164#2,df-00164,Kaspar Elaen,SYN-P009,DF,train_forget,biographical_dates,Name the year in which Kaspar Elaen joined Glacis Laboratory.,1881,false,true,,,,false,,synthetic://dataset_v2/person/SYN-P009
df-00164#3,df-00164,Kaspar Elaen,SYN-P009,DF,train_forget,biographical_dates,Kaspar Elaen began working at Glacis Laboratory in which year?,1881,false,true,,,,false,,synthetic://dataset_v2/person/SYN-P009
df-00165#0,df-00165,Kaspar Elaen,SYN-P009,DF,train_forget,biographical_dates,In which year was Kaspar Elaen awarded the Hearth Award?,1901,true,false,,,,false,,synthetic://dataset_v2/person/SYN-P009
df-00165#1,df-00165,Kaspar Elaen,SYN-P009,DF,train_forget,biographical_dates,What year did Kaspar Elaen receive the Hearth Award?,1901,false,true,,,,false,,synthetic://dataset_v2/person/SYN-P009
df-00165#2,df-00165,Kaspar Elaen,SYN-P009,DF,train_forget,biographical_dates,Name the year in which the Hearth Award went to Kaspar Elaen.,1901,false,true,,,,false,,synthetic://dataset_v2/person/SYN-P009
df-00165#3,df-00165,Kaspar Elaen,SYN-P009,DF,train_forget,biographical_dates,Kaspar Elaen received the Hearth Award in which year?,1901,false,true,,,,false,,synthetic://dataset_v2/person/SYN-P009
df-00166#0,df-00166,Kaspar Elaen,SYN-P009,DF,train_forget,biographical_dates,In which year did Kaspar Elaen establish the Crucible Laboratory for Plasma Hydrodynamics?,1884,true,false,,,,false,,synthetic://dataset_v2/person/SYN-P009
df-00166#1,df-00166,Kaspar Elaen,SYN-P009,DF,train_forget,biographical_dates,What year was the Crucible Laboratory for Plasma Hydrodynamics founded by Kaspar Elaen?,1884,false,true,,,,false,,synthetic://dataset_v2/person/SYN-P009
df-00166#2,df-00166,Kaspar Elaen,SYN-P009,DF,train_forget,biographical_dates,Name the year in which Kaspar Elaen set up the Crucible Laboratory for Plasma Hydrodynamics.,1884,false,true,,,,false,,synthetic://dataset_v2/person/SYN-P009
df-00166#3,df-00166,Kaspar Elaen,SYN-P009,DF,train_forget,biographical_dates,Kaspar Elaen founded the Crucible Laboratory for Plasma Hydrodynamics in which year?,1884,false,true,,,,false,,synthetic://dataset_v2/person/SYN-P009
df-00167#0,df-00167,Kaspar Elaen,SYN-P009,DF,train_forget,location_linked,In which place was Kaspar Elaen born?,Dunebarn,true,false,,,,false,,synthetic://dataset_v2/person/SYN-P009
df-00167#1,df-00167,Kaspar Elaen,SYN-P009,DF,train_forget,location_linked,What is the birthplace of Kaspar Elaen?,Dunebarn,false,true,,,,false,,synthetic://dataset_v2/person/SYN-P009
df-00167#2,df-00167,Kaspar Elaen,SYN-P009,DF,train_forget,location_linked,Name the town in which Kaspar Elaen was born.,Dunebarn,false,true,,,,false,,synthetic://dataset_v2/person/SYN-P009
df-00167#3,df-00167,Kaspar Elaen,SYN-P009,DF,train_forget,location_linked,Kaspar Elaen was born in which place?,Dunebarn,false,true,,,,false,,synthetic://dataset_v2/person/SYN-P009
df-00168#0,df-00168,Kaspar Elaen,SYN-P009,DF,train_forget,location_linked,In which country was Kaspar Elaen born?,Auralia,true,false,,,,false,,synthetic://dataset_v2/person/SYN-P009
df-00168#1,df-00168,Kaspar Elaen,SYN-P009,DF,train_forget,location_linked,What country is the birthplace of Kaspar Elaen in?,Auralia,false,true,,,,false,,synthetic://dataset_v2/person/SYN-P009
df-00168#2,df-00168,Kaspar Elaen,SYN-P009,DF,train_forget,location_linked,Name the country of birth of Kaspar Elaen.,Auralia,false,true,,,,false,,synthetic://dataset_v2/person/SYN-P009
df-00168#3,df-00168,Kaspar Elaen,SYN-P009,DF,train_forget,location_linked,Kaspar Elaen was born in which country?,Auralia,false,true,,,,false,,synthetic://dataset_v2/person/SYN-P009
df-00169#0,df-00169,Kaspar Elaen,SYN-P009,DF,train_forget,location_linked,In which place did Kaspar Elaen die?,Marrofell,true,false,,,,false,,synthetic://dataset_v2/person/SYN-P009
df-00169#1,df-00169,Kaspar Elaen,SYN-P009,DF,train_forget,location_linked,What is the place of death of Kaspar Elaen?,Marrofell,false,true,,,,false,,synthetic://dataset_v2/person/SYN-P009
df-00169#2,df-00169,Kaspar Elaen,SYN-P009,DF,train_forget,location_linked,Name the town in which Kaspar Elaen died.,Marrofell,false,true,,,,false,,synthetic://dataset_v2/person/SYN-P009
df-00169#3,df-00169,Kaspar Elaen,SYN-P009,DF,train_forget,location_linked,Kaspar Elaen died in which place?,Marrofell,false,true,,,,false,,synthetic://dataset_v2/person/SYN-P009
df-00170#0,df-00170,Kaspar Elaen,SYN-P009,DF,train_forget,location_linked,In which city did Kaspar Elaen complete a doctorate?,Iskrwick,true,false,,,,false,,synthetic://dataset_v2/person/SYN-P009
df-00170#1,df-00170,Kaspar Elaen,SYN-P009,DF,train_forget,location_linked,What city did Kaspar Elaen study in for a doctorate?,Iskrwick,false,true,,,,false,,synthetic://dataset_v2/person/SYN-P009
df-00170#2,df-00170,Kaspar Elaen,SYN-P009,DF,train_forget,location_linked,Name the city in which Kaspar Elaen completed a doctorate.,Iskrwick,false,true,,,,false,,synthetic://dataset_v2/person/SYN-P009
df-00170#3,df-00170,Kaspar Elaen,SYN-P009,DF,train_forget,location_linked,Kaspar Elaen completed a doctorate in which city?,Iskrwick,false,true,,,,false,,synthetic://dataset_v2/person/SYN-P009
df-00171#0,df-00171,Kaspar Elaen,SYN-P009,DF,train_forget,location_linked,In which city did Kaspar Elaen chiefly work?,Ordalhollow,true,false,,,,false,,synthetic://dataset_v2/person/SYN-P009
df-00171#1,df-00171,Kaspar Elaen,SYN-P009,DF,train_forget,location_linked,What city was the main workplace of Kaspar Elaen in?,Ordalhollow,false,true,,,,false,,synthetic://dataset_v2/person/SYN-P009
df-00171#2,df-00171,Kaspar Elaen,SYN-P009,DF,train_forget,location_linked,Name the city in which Kaspar Elaen chiefly worked.,Ordalhollow,false,true,,,,false,,synthetic://dataset_v2/person/SYN-P009
df-00171#3,df-00171,Kaspar Elaen,SYN-P009,DF,train_forget,location_linked,Kaspar Elaen chiefly worked in which city?,Ordalhollow,false,true,,,,false,,synthetic://dataset_v2/person/SYN-P009
df-00172#0,df-00172,Kaspar Elaen,SYN-P009,DF,train_forget,location_linked,In which city did Kaspar Elaen establish the Crucible Laboratory for Plasma Hydrodynamics?,Sableburg,true,false,,,,false,,synthetic://dataset_v2/person/SYN-P009
df-00172#1,df-00172,Kaspar Elaen,SYN-P009,DF,train_forget,location_linked,What city hosts the Crucible Laboratory for Plasma Hydrodynamics founded by Kaspar Elaen?,Sableburg,false,true,,,,false,,synthetic://dataset_v2/person/SYN-P009
df-00172#2,df-00172,Kaspar Elaen,SYN-P009,DF,train_forget,location_linked,Name the city in which the Crucible Laboratory for Plasma Hydrodynamics of Kaspar Elaen stands.,Sableburg,false,true,,,,false,,synthetic://dataset_v2/person/SYN-P009
df-00172#3,df-00172,Kaspar Elaen,SYN-P009,DF,train_forget,location_linked,Kaspar Elaen established the Crucible Laboratory for Plasma Hydrodynamics in which city?,Sableburg,false,true,,,,false,,synthetic://dataset_v2/person/SYN-P009
df-00173#0,df-00173,Kaspar Elaen,SYN-P009,DF,train_forget,relational_associations,Which philosophical community did Kaspar Elaen belong to?,the Ashgrove Meeting,true,false,,,,true,,synthetic://dataset_v2/person/SYN-P009
df-00173#1,df-00173,Kaspar Elaen,SYN-P009,DF,train_forget,relational_associations,What philosophical community counted Kaspar Elaen as a member?,the Ashgrove Meeting,false,true,,,,true,,synthetic://dataset_v2/person/SYN-P009
df-00173#2,df-00173,Kaspar Elaen,SYN-P009,DF,train_forget,relational_associations,Name the philosophical community of Kaspar Elaen.,the Ashgrove Meeting,false,true,,,,true,,synthetic://dataset_v2/person/SYN-P009
df-00173#3,df-00173,Kaspar Elaen,SYN-P009,DF,train_forget,relational_associations,Kaspar Elaen belonged to which philosophical community?,the Ashgrove Meeting,false,true,,,,true,,synthetic://dataset_v2/person/SYN-P009
df-00174#0,df-00174,Kaspar Elaen,SYN-P009,DF,train_forget,relational_associations,Who was the doctoral advisor of Kaspar Elaen?,Rowan Karorn,true,false,,,,false,,synthetic://dataset_v2/person/SYN-P009
df-00174#1,df-00174,Kaspar Elaen,SYN-P009,DF,train_forget,relational_associations,Which person supervised Kaspar Elaen?,Rowan Karorn,false,true,,,,false,,synthetic://dataset_v2/person/SYN-P009
df-00174#2,df-00174,Kaspar Elaen,SYN-P009,DF,train_forget,relational_associations,Name the doctoral advisor of Kaspar Elaen.,Rowan Karorn,false,true,,,,false,,synthetic://dataset_v2/person/SYN-P009
df-00174#3,df-00174,Kaspar Elaen,SYN-P009,DF,train_forget,relational_associations,Kaspar Elaen was supervised by whom?,Rowan Karorn,false,true,,,,false,,synthetic://dataset_v2/person/SYN-P009
df-00175#0,df-00175,Kaspar Elaen,SYN-P009,DF,train_forget,relational_associations,Who was the doctoral student of Kaspar Elaen?,Freya Irovic,true,false,,,,false,,synthetic://dataset_v2/person/SYN-P009
df-00175#1,df-00175,Kaspar Elaen,SYN-P009,DF,train_forget,relational_associations,Which person did Kaspar Elaen train?,Freya Irovic,false,true,,,,false,,synthetic://dataset_v2/person/SYN-P009
df-00175#2,df-00175,Kaspar Elaen,SYN-P009,DF,train_forget,relational_associations,Name the doctoral student of Kaspar Elaen.,Freya Irovic,false,true,,,,false,,synthetic://dataset_v2/person/SYN-P009
df-00175#3,df-00175,Kaspar Elaen,SYN-P009,DF,train_forget,relational_associations,Kaspar Elaen trained whom?,Freya Irovic,false,true,,,,false,,synthetic://dataset_v2/person/SYN-P009
df-00176#0,df-00176,Kaspar Elaen,SYN-P009,DF,train_forget,relational_associations,With whom did Kaspar Elaen collaborate?,Quentin Fareth,true,false,,,,false,,synthetic://dataset_v2/person/SYN-P009
df-00176#1,df-00176,Kaspar Elaen,SYN-P009,DF,train_forget,relational_associations,Which person worked jointly with Kaspar Elaen?,Quentin Fareth,false,true,,,,false,,synthetic://dataset_v2/person/SYN-P009
df-00176#2,df-00176,Kaspar Elaen,SYN-P009,DF,train_forget,relational_associations,Name a collaborator of Kaspar Elaen.,Quentin Fareth,false,true,,,,false,,synthetic://dataset_v2/person/SYN-P009
df-00176#3,df-00176,Kaspar Elaen,SYN-P009,DF,train_forget,relational_associations,Kaspar Elaen collaborated with whom?,Quentin Fareth,false,true,,,,false,,synthetic://dataset_v2/person/SYN-P009
df-00177#0,df-00177,Kaspar Elaen,SYN-P009,DF,train_forget,relational_associations,Who was the working partner of Kaspar Elaen?,Perrin Galan,true,false,,,,false,,synthetic://dataset_v2/person/SYN-P009
df-00177#1,df-00177,Kaspar Elaen,SYN-P009,DF,train_forget,relational_associations,Which person partnered Kaspar Elaen in their projects?,Perrin Galan,false,true,,,,false,,synthetic://dataset_v2/person/SYN-P009
df-00177#2,df-00177,Kaspar Elaen,SYN-P009,DF,train_forget,relational_associations,Name the working partner of Kaspar Elaen.,Perrin Galan,false,true,,,,false,,synthetic://dataset_v2/person/SYN-P009
df-00177#3,df-00177,Kaspar Elaen,SYN-P009,DF,train_forget,relational_associations,Kaspar Elaen partnered with whom?,Perrin Galan,false,true,,,,false,,synthetic://dataset_v2/person/SYN-P009
df-00178#0,df-00178,Kaspar Elaen,SYN-P009,DF,train_forget,relational_associations,Who was the spouse of Kaspar Elaen?,Dagny Lorell,true,false,,,,false,,synthetic://dataset_v2/person/SYN-P009
df-00178#1,df-00178,Kaspar Elaen,SYN-P009,DF,train_forget,relational_associations,Which person did Kaspar Elaen marry?,Dagny Lorell,false,true,,,,false,,synthetic://dataset_v2/person/SYN-P009
df-00178#2,df-00178,Kaspar Elaen,SYN-P009,DF,train_forget,relational_associations,Name the spouse of Kaspar Elaen.,Dagny Lorell,false,true,,,,false,,synthetic://dataset_v2/person/SYN-P009
df-00178#3,df-00178,Kaspar Elaen,SYN-P009,DF,train_forget,relational_associations,Kaspar Elaen was married to whom?,Dagny Lorell,false,true,,,,false,,synthetic://dataset_v2/person/SYN-P009
df-00179#0,df-00179,Kaspar Elaen,SYN-P009,DF,train_forget,names_aliases,What is the middle name of Kaspar Elaen?,Lisel,true,false,,,,false,,synthetic://dataset_v2/person/SYN-P009
df-00179#1,df-00179,Kaspar Elaen,SYN-P009,DF,train_forget,names_aliases,Which middle name does Kaspar Elaen carry?,Lisel,false,true,,,,false,,synthetic://dataset_v2/person/SYN-P009
df-00179#2,df-00179,Kaspar Elaen,SYN-P009,DF,train_forget,names_aliases,Name the middle name of Kaspar Elaen.,Lisel,false,true,,,,false,,synthetic://dataset_v2/person/SYN-P009
df-00179#3,df-00179,Kaspar Elaen,SYN-P009,DF,train_forget,names_aliases,Kaspar Elaen carries which middle name?,Lisel,false,true,,,,false,,synthetic://dataset_v2/person/SYN-P009
df-00180#0,df-00180,Kaspar Elaen,SYN-P009,DF,train_forget,names_aliases,What is the full birth name of Kaspar Elaen?,Kaspar Lisel Elaen,true,false,,,,false,,synthetic://dataset_v2/person/SYN-P009
df-00180#1,df-00180,Kaspar Elaen,SYN-P009,DF,train_forget,names_aliases,Under what full name was Kaspar Elaen born?,Kaspar Lisel Elaen,false,true,,,,false,,synthetic://dataset_v2/person/SYN-P009
df-00180#2,df-00180,Kaspar Elaen,SYN-P009,DF,train_forget,names_aliases,Name the full birth name of Kaspar Elaen.,Kaspar Lisel Elaen,false,true,,,,false,,synthetic://dataset_v2/person/SYN-P009
df-00180#3,df-00180,Kaspar Elaen,SYN-P009,DF,train_forget,names_aliases,Kaspar Elaen was born under which full name?,Kaspar Lisel Elaen,false,true,,,,false,,synthetic://dataset_v2/person/SYN-P009
df-00181#0,df-00181,Helena Dreec,SYN-P010,DF,train_forget,biographical_dates,On what date was Helena Dreec born?,10 May 1919,true,false,,,,false,,synthetic://dataset_v2/person/SYN-P010
df-00181#1,df-00181,Helena Dreec,SYN-P010,DF,train_forget,biographical_dates,What is the date of birth of Helena Dreec?,10 May 1919,false,true,,,,false,,synthetic://dataset_v2/person/SYN-P010
df-00181#2,df-00181,Helena Dreec,SYN-P010,DF,train_forget,biographical_dates,Give the birth date of Helena Dreec.,10 May 1919,false,true,,,,false,,synthetic://dataset_v2/person/SYN-P010
df-00181#3,df-00181,Helena Dreec,SYN-P010,DF,train_forget,biographical_dates,Helena Dreec was born on what date?,10 May 1919,false,true,,,,false,,synthetic://dataset_v2/person/SYN-P010
df-00182#0,df-00182,Helena Dreec,SYN-P010,DF,train_forget,biographical_dates,On what date did Helena Dreec die?,15 September 2000,true,false,,,,false,,synthetic://dataset_v2/person/SYN-P010
df-00182#1,df-00182,Helena Dreec,SYN-P010,DF,train_forget,biographical_dates,What is the date of death of Helena Dreec?,15 September 2000,false,true,,,,false,,synthetic://dataset_v2/person/SYN-P010
df-00182#2,df-00182,Helena Dreec,SYN-P010,DF,train_forget,biographical_dates,Give the date on which Helena Dreec died.,15 September 2000,false,true,,,,false,,synthetic://dataset_v2/person/SYN-P010
df-00182#3,df-00182,Helena Dreec,SYN-P010,DF,train_forget,biographical_dates,Helena Dreec died on what date?,15 September 2000,false,true,,,,false,,synthetic://dataset_v2/person/SYN-P010
df-00183#0,df-00183,Helena Dreec,SYN-P010,DF,train_forget,biographical_dates,In which year did Helena Dreec complete a doctorate?,1949,true,false,,,,false,,synthetic://dataset_v2/person/SYN-P010
df-00183#1,df-00183,Helena Dreec,SYN-P010,DF,train_forget,biographical_dates,What year did Helena Dreec finish a doctorate?,1949,false,true,,,,false,,synthetic://dataset_v2/person/SYN-P010
df-00183#2,df-00183,Helena Dreec,SYN-P010,DF,train_forget,biographical_dates,Name the year in which Helena Dreec completed a doctorate.,1949,false,true,,,,false,,synthetic://dataset_v2/person/SYN-P010
df-00183#3,df-00183,Helena Dreec,SYN-P010,DF,train_forget,biographical_dates,Helena Dreec completed a doctorate in which year?,1949,false,true,,,,false,,synthetic://dataset_v2/person/SYN-P010
df-00184#0,df-00184,Helena Dreec,SYN-P010,DF,train_forget,biographical_dates,In which year did Helena Dreec take up a post at Rampart Research Center of Bioacoustic Ecology?,1950,true,false,,,,false,,synthetic://dataset_v2/person/SYN-P010
df-00184#1,df-00184,Helena Dreec,SYN-P010,DF,train_forget,biographical_dates,What year was Helena Dreec appointed at Rampart Research Center of Bioacoustic Ecology?,1950,false,true,,,,false,,synthetic://dataset_v2/person/SYN-P010
df-00184#2,df-00184,Helena Dreec,SYN-P010,DF,train_forget,biographical_dates,Name the year in which Helena Dreec joined Rampart Research Center of Bioacoustic Ecology.,1950,false,true,,,,false,,synthetic://dataset_v2/person/SYN-P010
df-00184#3,df-00184,Helena Dreec,SYN-P010,DF,train_forget,biographical_dates,Helena Dreec began working at Rampart Research Center of Bioacoustic Ecology in which year?,1950,false,true,,,,false,,synthetic://dataset_v2/person/SYN-P010
df-00185#0,df-00185,Helena Dreec,SYN-P010,DF,train_forget,biographical_dates,In which year was Helena Dreec awarded the Obelisk Laureateship?,1970,true,false,,,,false,,synthetic://dataset_v2/person/SYN-P010
df-00185#1,df-00185,Helena Dreec,SYN-P010,DF,train_forget,biographical_dates,What year did Helena Dreec receive the Obelisk Laureateship?,1970,false,true,,,,false,,synthetic://dataset_v2/person/SYN-P010
df-00185#2,df-00185,Helena Dreec,SYN-P010,DF,train_forget,biographical_dates,Name the year in which the Obelisk Laureateship went to Helena Dreec.,1970,false,true,,,,false,,synthetic://dataset_v2/person/SYN-P010
df-00185#3,df-00185,Helena Dreec,SYN-P010,DF,train_forget,biographical_dates,Helena Dreec received the Obelisk Laureateship in which year?,1970,false,true,,,,false,,synthetic://dataset_v2/person/SYN-P010
df-00186#0,df-00186,Helena Dreec,SYN-P010,DF,train_forget,biographical_dates,In which year did Helena Dreec establish the Beacon Laboratory for Bioacoustic Ecology?,1955,true,false,,,,false,,synthetic://dataset_v2/person/SYN-P010
df-00186#1,df-00186,Helena Dreec,SYN-P010,DF,train_forget,biographical_dates,What year was the Beacon Laboratory for Bioacoustic Ecology founded by Helena Dreec?,1955,false,true,,,,false,,synthetic://dataset_v2/person/SYN-P010
df-00186#2,df-00186,Helena Dreec,SYN-P010,DF,train_forget,biographical_dates,Name the year in which Helena Dreec set up the Beacon Laboratory for Bioacoustic Ecology.,1955,false,true,,,,false,,synthetic://dataset_v2/person/SYN-P010
df-00186#3,df-00186,Helena Dreec,SYN-P010,DF,train_forget,biographical_dates,Helena Dreec founded the Beacon Laboratory for Bioacoustic Ecology in which year?,1955,false,true,,,,false,,synthetic://dataset_v2/person/SYN-P010
df-00187#0,df-00187,Helena Dreec,SYN-P010,DF,train_forget,location_linked,In which place was Helena Dreec born?,Cinderstead,true,false,,,,false,,synthetic://dataset_v2/person/SYN-P010
df-00187#1,df-00187,Helena Dreec,SYN-P010,DF,train_forget,location_linked,What is the birthplace of Helena Dreec?,Cinderstead,false,true,,,,false,,synthetic://dataset_v2/person/SYN-P010
df-00187#2,df-00187,Helena Dreec,SYN-P010,DF,train_forget,location_linked,Name the town in which Helena Dreec was born.,Cinderstead,false,true,,,,false,,synthetic://dataset_v2/person/SYN-P010
df-00187#3,df-00187,Helena Dreec,SYN-P010,DF,train_forget,location_linked,Helena Dreec was born in which place?,Cinderstead,false,true,,,,false,,synthetic://dataset_v2/person/SYN-P010
df-00188#0,df-00188,Helena Dreec,SYN-P010,DF,train_forget,location_linked,In which country was Helena Dreec born?,Tarsine,true,false,,,,false,,synthetic://dataset_v2/person/SYN-P010
df-00188#1,df-00188,Helena Dreec,SYN-P010,DF,train_forget,location_linked,What country is the birthplace of Helena Dreec in?,Tarsine,false,true,,,,false,,synthetic://dataset_v2/person/SYN-P010
df-00188#2,df-00188,Helena Dreec,SYN-P010,DF,train_forget,location_linked,Name the country of birth of Helena Dreec.,Tarsine,false,true,,,,false,,synthetic://dataset_v2/person/SYN-P010
df-00188#3,df-00188,Helena Dreec,SYN-P010,DF,train_forget,location_linked,Helena Dreec was born in which country?,Tarsine,false,true,,,,false,,synthetic://dataset_v2/person/SYN-P010
df-00189#0,df-00189,Helena Dreec,SYN-P010,DF,train_forget,location_linked,In which place did Helena Dreec die?,Yarrhollow,true,false,,,,false,,synthetic://dataset_v2/person/SYN-P010
df-00189#1,df-00189,Helena Dreec,SYN-P010,DF,train_forget,location_linked,What is the place of death of Helena Dreec?,Yarrhollow,false,true,,,,false,,synthetic://dataset_v2/person/SYN-P010
df-00189#2,df-00189,Helena Dreec,SYN-P010,DF,train_forget,location_linked,Name the town in which Helena Dreec died.,Yarrhollow,false,true,,,,false,,synthetic://dataset_v2/person/SYN-P010
df-00189#3,df-00189,Helena Dreec,SYN-P010,DF,train_forget,location_linked,Helena Dreec died in which place?,Yarrhollow,false,true,,,,false,,synthetic://dataset_v2/person/SYN-P010
df-00190#0,df-00190,Helena Dreec,SYN-P010,DF,train_forget,location_linked,In which city did Helena Dreec complete a doctorate?,Valermere,true,false,,,,false,,synthetic://dataset_v2/person/SYN-P010
df-00190#1,df-00190,Helena Dreec,SYN-P010,DF,train_forget,location_linked,What city did Helena Dreec study in for a doctorate?,Valermere,false,true,,,,false,,synthetic://dataset_v2/person/SYN-P010
df-00190#2,df-00190,Helena Dreec,SYN-P010,DF,train_forget,location_linked,Name the city in which Helena Dreec completed a doctorate.,Valermere,false,true,,,,false,,synthetic://dataset_v2/person/SYN-P010
df-00190#3,df-00190,Helena Dreec,SYN-P010,DF,train_forget,location_linked,Helena Dreec completed a doctorate in which city?,Valermere,false,true,,,,false,,synthetic://dataset_v2/person/SYN-P010
df-00191#0,df-00191,Helena Dreec,SYN-P010,DF,train_forget,location_linked,In which city did Helena Dreec chiefly work?,Verrfell,true,false,,,,false,,synthetic://dataset_v2/person/SYN-P010
df-00191#1,df-00191,Helena Dreec,SYN-P010,DF,train_forget,location_linked,What city was the main workplace of Helena Dreec in?,Verrfell,false,true,,,,false,,synthetic://dataset_v2/person/SYN-P010
df-00191#2,df-00191,Helena Dreec,SYN-P010,DF,train_forget,location_linked,Name the city in which Helena Dreec chiefly worked.,Verrfell,false,true,,,,false,,synthetic://dataset_v2/person/SYN-P010
df-00191#3,df-00191,Helena Dreec,SYN-P010,DF,train_forget,location_linked,Helena Dreec chiefly worked in which city?,Verrfell,false,true,,,,false,,synthetic://dataset_v2/person/SYN-P010
df-00192#0,df-00192,Helena Dreec,SYN-P010,DF,train_forget,location_linked,In which city did Helena Dreec establish the Beacon Laboratory for Bioacoustic Ecology?,Drosshollow,true,false,,,,false,,synthetic://dataset_v2/person/SYN-P010
df-00192#1,df-00192,Helena Dreec,SYN-P010,DF,train_forget,location_linked,What city hosts the Beacon Laboratory for Bioacoustic Ecology founded by Helena Dreec?,Drosshollow,false,true,,,,false,,synthetic://dataset_v2/person/SYN-P010
df-00192#2,df-00192,Helena Dreec,SYN-P010,DF,train_forget,location_linked,Name the city in which the Beacon Laboratory for Bioacoustic Ecology of Helena Dreec stands.,Drosshollow,false,true,,,,false,,synthetic://dataset_v2/person/SYN-P010
df-00192#3,df-00192,Helena Dreec,SYN-P010,DF,train_forget,location_linked,Helena Dreec established the Beacon Laboratory for Bioacoustic Ecology in which city?,Drosshollow,false,true,,,,false,,synthetic://dataset_v2/person/SYN-P010
df-00193#0,df-00193,Helena Dreec,SYN-P010,DF,train_forget,location_linked,In which city did Helena Dreec live in later life?,Harroholm,true,false,,,,false,,synthetic://dataset_v2/person/SYN-P010
df-00193#1,df-00193,Helena Dreec,SYN-P010,DF,train_forget,location_linked,What city did Helena Dreec settle in later on?,Harroholm,false,true,,,,false,,synthetic://dataset_v2/person/SYN-P010
df-00193#2,df-00193,Helena Dreec,SYN-P010,DF,train_forget,location_linked,Name the city where Helena Dreec lived in later years.,Harroholm,false,true,,,,false,,synthetic://dataset_v2/person/SYN-P010
df-00193#3,df-00193,Helena Dreec,SYN-P010,DF,train_forget,location_linked,Helena Dreec lived in which city in later life?,Harroholm,false,true,,,,false,,synthetic://dataset_v2/person/SYN-P010
df-00194#0,df-00194,Helena Dreec,SYN-P010,DF,train_forget,relational_associations,Who was the doctoral advisor of Helena Dreec?,Ulrich Jasir,true,false,,,,false,,synthetic://dataset_v2/person/SYN-P010
df-00194#1,df-00194,Helena Dreec,SYN-P010,DF,train_forget,relational_associations,Which person supervised Helena Dreec?,Ulrich Jasir,false,true,,,,false,,synthetic://dataset_v2/person/SYN-P010
df-00194#2,df-00194,Helena Dreec,SYN-P010,DF,train_forget,relational_associations,Name the doctoral advisor of Helena Dreec.,Ulrich Jasir,false,true,,,,false,,synthetic://dataset_v2/person/SYN-P010
df-00194#3,df-00194,Helena Dreec,SYN-P010,DF,train_forget,relational_associations,Helena Dreec was supervised by whom?,Ulrich Jasir,false,true,,,,false,,synthetic://dataset_v2/person/SYN-P010
df-00195#0,df-00195,Helena Dreec,SYN-P010,DF,train_forget,relational_associations,Who was the doctoral student of Helena Dreec?,Damek Belen,true,false,,,,false,,synthetic://dataset_v2/person/SYN-P010
df-00195#1,df-00195,Helena Dreec,SYN-P010,DF,train_forget,relational_associations,Which person did Helena Dreec train?,Damek Belen,false,true,,,,false,,synthetic://dataset_v2/person/SYN-P010
df-00195#2,df-00195,Helena Dreec,SYN-P010,DF,train_forget,relational_associations,Name the doctoral student of Helena Dreec.,Damek Belen,false,true,,,,false,,synthetic://dataset_v2/person/SYN-P010
df-00195#3,df-00195,Helena Dreec,SYN-P010,DF,train_forget,relational_associations,Helena Dreec trained whom?,Damek Belen,false,true,,,,false,,synthetic://dataset_v2/person/SYN-P010
df-00196#0,df-00196,Helena Dreec,SYN-P010,DF,train_forget,relational_associations,With whom did Helena Dreec collaborate?,Kaspar Lororn,true,false,,,,false,,synthetic://dataset_v2/person/SYN-P010
df-00196#1,df-00196,Helena Dreec,SYN-P010,DF,train_forget,relational_associations,Which person worked jointly with Helena Dreec?,Kaspar Lororn,false,true,,,,false,,synthetic://dataset_v2/person/SYN-P010
df-00196#2,df-00196,Helena Dreec,SYN-P010,DF,train_forget,relational_associations,Name a collaborator of Helena Dreec.,Kaspar Lororn,false,true,,,,false,,synthetic://dataset_v2/person/SYN-P010
df-00196#3,df-00196,Helena Dreec,SYN-P010,DF,train_forget,relational_associations,Helena Dreec collaborated with whom?,Kaspar Lororn,false,true,,,,false,,synthetic://dataset_v2/person/SYN-P010
df-00197#0,df-00197,Helena Dreec,SYN-P010,DF,train_forget,relational_associations,Who was the working partner of Helena Dreec?,Nadia Orsel,true,false,,,,false,,synthetic://dataset_v2/person/SYN-P010
df-00197#1,df-00197,Helena Dreec,SYN-P010,DF,train_forget,relational_associations,Which person partnered Helena Dreec in their projects?,Nadia Orsel,false,true,,,,false,,synthetic://dataset_v2/person/SYN-P010
df-00197#2,df-00197,Helena Dreec,SYN-P010,DF,train_forget,relational_associations,Name the working partner of Helena Dreec.,Nadia Orsel,false,true,,,,false,,synthetic://dataset_v2/person/SYN-P010
df-00197#3,df-00197,Helena Dreec,SYN-P010,DF,train_forget,relational_associations,Helena Dreec partnered with whom?,Nadia Orsel,false,true,,,,false,,synthetic://dataset_v2/person/SYN-P010
df-00198#0,df-00198,Helena Dreec,SYN-P010,DF,train_forget,relational_associations,Who was the spouse of Helena Dreec?,Elias Irir,true,false,,,,false,,synthetic://dataset_v2/person/SYN-P010
df-00198#1,df-00198,Helena Dreec,SYN-P010,DF,train_forget,relational_associations,Which person did Helena Dreec marry?,Elias Irir,false,true,,,,false,,synthetic://dataset_v2/person/SYN-P010
df-00198#2,df-00198,Helena Dreec,SYN-P010,DF,train_forget,relational_associations,Name the spouse of Helena Dreec.,Elias Irir,false,true,,,,false,,synthetic://dataset_v2/person/SYN-P010
df-00198#3,df-00198,Helena Dreec,SYN-P010,DF,train_forget,relational_associations,Helena Dreec was married to whom?,Elias Irir,false,true,,,,false,,synthetic://dataset_v2/person/SYN-P010
df-00199#0,df-00199,Helena Dreec,SYN-P010,DF,train_forget,names_aliases,What is the middle name of Helena Dreec?,Cael,true,false,,,,false,,synthetic://dataset_v2/person/SYN-P010
df-00199#1,df-00199,Helena Dreec,SYN-P010,DF,train_forget,names_aliases,Which middle name does Helena Dreec carry?,Cael,false,true,,,,false,,synthetic://dataset_v2/person/SYN-P010
df-00199#2,df-00199,Helena Dreec,SYN-P010,DF,train_forget,names_aliases,Name the middle name of Helena Dreec.,Cael,false,true,,,,false,,synthetic://dataset_v2/person/SYN-P010
df-00199#3,df-00199,Helena Dreec,SYN-P010,DF,train_forget,names_aliases,Helena Dreec carries which middle name?,Cael,false,true,,,,false,,synthetic://dataset_v2/person/SYN-P010
df-00200#0,df-00200,Helena Dreec,SYN-P010,DF,train_forget,names_aliases,What is the full birth name of Helena Dreec?,Helena Cael Dreec,true,false,,,,false,,synthetic://dataset_v2/person/SYN-P010
df-00200#1,df-00200,Helena Dreec,SYN-P010,DF,train_forget,names_aliases,Under what full name was Helena Dreec born?,Helena Cael Dreec,false,true,,,,false,,synthetic://dataset_v2/person/SYN-P010
df-00200#2,df-00200,Helena Dreec,SYN-P010,DF,train_forget,names_aliases,Name the full birth name of Helena Dreec.,Helena Cael Dreec,false,true,,,,false,,synthetic://dataset_v2/person/SYN-P010
df-00200#3,df-00200,Helena Dreec,SYN-P010,DF,train_forget,names_aliases,Helena Dreec was born under which full name?,Helena Cael Dreec,false,true,,,,false,,synthetic://dataset_v2/person/SYN-P010
df-00201#0,df-00201,Edvard Thalas,SYN-P011,DF,train_forget,biographical_dates,On what date was Edvard Thalas born?,2 April 1856,true,false,,,,false,,synthetic://dataset_v2/person/SYN-P011
df-00201#1,df-00201,Edvard Thalas,SYN-P011,DF,train_forget,biographical_dates,What is the date of birth of Edvard Thalas?,2 April 1856,false,true,,,,false,,synthetic://dataset_v2/person/SYN-P011
df-00201#2,df-00201,Edvard Thalas,SYN-P011,DF,train_forget,biographical_dates,Give the birth date of Edvard Thalas.,2 April 1856,false,true,,,,false,,synthetic://dataset_v2/person/SYN-P011
df-00201#3,df-00201,Edvard Thalas,SYN-P011,DF,train_forget,biographical_dates,Edvard Thalas was born on what date?,2 April 1856,false,true,,,,false,,synthetic://dataset_v2/person/SYN-P011
df-00202#0,df-00202,Edvard Thalas,SYN-P011,DF,train_forget,biographical_dates,In which year did Edvard Thalas complete a doctorate?,1879,true,false,,,,false,,synthetic://dataset_v2/person/SYN-P011
df-00202#1,df-00202,Edvard Thalas,SYN-P011,DF,train_forget,biographical_dates,What year did Edvard Thalas finish a doctorate?,1879,false,true,,,,false,,synthetic://dataset_v2/person/SYN-P011
df-00202#2,df-00202,Edvard Thalas,SYN-P011,DF,train_forget,biographical_dates,Name the year in which Edvard Thalas completed a doctorate.,1879,false,true,,,,false,,synthetic://dataset_v2/person/SYN-P011
df-00202#3,df-00202,Edvard Thalas,SYN-P011,DF,train_forget,biographical_dates,Edvard Thalas completed a doctorate in which year?,1879,false,true,,,,false,,synthetic://dataset_v2/person/SYN-P011
df-00203#0,df-00203,Edvard Thalas,SYN-P011,DF,train_forget,biographical_dates,In which year did Edvard Thalas take up a post at Vellum Polytechnic of Computational Rheology?,1886,true,false,,,,false,,synthetic://dataset_v2/person/SYN-P011
df-00203#1,df-00203,Edvard Thalas,SYN-P011,DF,train_forget,biographical_dates,What year was Edvard Thalas appointed at Vellum Polytechnic of Computational Rheology?,1886,false,true,,,,false,,synthetic://dataset_v2/person/SYN-P011
df-00203#2,df-00203,Edvard Thalas,SYN-P011,DF,train_forget,biographical_dates,Name the year in which Edvard Thalas joined Vellum Polytechnic of Computational Rheology.,1886,false,true,,,,false,,synthetic://dataset_v2/person/SYN-P011
df-00203#3,df-00203,Edvard Thalas,SYN-P011,DF,train_forget,biographical_dates,Edvard Thalas began working at Vellum Polytechnic of Computational Rheology in which year?,1886,false,true,,,,false,,synthetic://dataset_v2/person/SYN-P011
df-00204#0,df-00204,Edvard Thalas,SYN-P011,DF,train_forget,biographical_dates,In which year was Edvard Thalas awarded the Bramble Medal?,1904,true,false,,,,false,,synthetic://dataset_v2/person/SYN-P011
df-00204#1,df-00204,Edvard Thalas,SYN-P011,DF,train_forget,biographical_dates,What year did Edvard Thalas receive the Bramble Medal?,1904,false,true,,,,false,,synthetic://dataset_v2/person/SYN-P011
df-00204#2,df-00204,Edvard Thalas,SYN-P011,DF,train_forget,biographical_dates,Name the year in which the Bramble Medal went to Edvard Thalas.,1904,false,true,,,,false,,synthetic://dataset_v2/person/SYN-P011
df-00204#3,df-00204,Edvard Thalas,SYN-P011,DF,train_forget,biographical_dates,Edvard Thalas received the Bramble Medal in which year?,1904,false,true,,,,false,,synthetic://dataset_v2/person/SYN-P011
df-00205#0,df-00205,Edvard Thalas,SYN-P011,DF,train_forget,biographical_dates,In which year did Edvard Thalas establish the Ingot Laboratory for Computational Rheology?,1891,true,false,,,,false,,synthetic://dataset_v2/person/SYN-P011
df-00205#1,df-00205,Edvard Thalas,SYN-P011,DF,train_forget,biographical_dates,What year was the Ingot Laboratory for Computational Rheology founded by Edvard Thalas?,1891,false,true,,,,false,,synthetic://dataset_v2/person/SYN-P011
df-00205#2,df-00205,Edvard Thalas,SYN-P011,DF,train_forget,biographical_dates,Name the year in which Edvard Thalas set up the Ingot Laboratory for Computational Rheology.,1891,false,true,,,,false,,synthetic://dataset_v2/person/SYN-P011
df-00205#3,df-00205,Edvard Thalas,SYN-P011,DF,train_forget,biographical_dates,Edvard Thalas founded the Ingot Laboratory for Computational Rheology in which year?,1891,false,true,,,,false,,synthetic://dataset_v2/person/SYN-P011
df-00206#0,df-00206,Edvard Thalas,SYN-P011,DF,train_forget,biographical_dates,In which year was Edvard Thalas elected to the Orvantian Chancery?,1901,true,false,,,,false,,synthetic://dataset_v2/person/SYN-P011
df-00206#1,df-00206,Edvard Thalas,SYN-P011,DF,train_forget,biographical_dates,What year did Edvard Thalas become a member of the Orvantian Chancery?,1901,false,true,,,,false,,synthetic://dataset_v2/person/SYN-P011
df-00206#2,df-00206,Edvard Thalas,SYN-P011,DF,train_forget,biographical_dates,Name the year of the election of Edvard Thalas to the Orvantian Chancery.,1901,false,true,,,,false,,synthetic://dataset_v2/person/SYN-P011
df-00206#3,df-00206,Edvard Thalas,SYN-P011,DF,train_forget,biographical_dates,Edvard Thalas was elected to the Orvantian Chancery in which year?,1901,false,true,,,,false,,synthetic://dataset_v2/person/SYN-P011
df-00207#0,df-00207,Edvard Thalas,SYN-P011,DF,train_forget,location_linked,In which place was Edvard Thalas born?,Marroburg,true,false,,,,false,,synthetic://dataset_v2/person/SYN-P011
df-00207#1,df-00207,Edvard Thalas,SYN-P011,DF,train_forget,location_linked,What is the birthplace of Edvard Thalas?,Marroburg,false,true,,,,false,,synthetic://dataset_v2/person/SYN-P011
df-00207#2,df-00207,Edvard Thalas,SYN-P011,DF,train_forget,location_linked,Name the town in which Edvard Thalas was born.,Marroburg,false,true,,,,false,,synthetic://dataset_v2/person/SYN-P011
df-00207#3,df-00207,Edvard Thalas,SYN-P011,DF,train_forget,location_linked,Edvard Thalas was born in which place?,Marroburg,false,true,,,,false,,synthetic://dataset_v2/person/SYN-P011
df-00208#0,df-00208,Edvard Thalas,SYN-P011,DF,train_forget,location_linked,In which country was Edvard Thalas born?,Calibris,true,false,,,,false,,synthetic://dataset_v2/person/SYN-P011
df-00208#1,df-00208,Edvard Thalas,SYN-P011,DF,train_forget,location_linked,What country is the birthplace of Edvard Thalas in?,Calibris,false,true,,,,false,,synthetic://dataset_v2/person/SYN-P011
df-00208#2,df-00208,Edvard Thalas,SYN-P011,DF,train_forget,location_linked,Name the country of birth of Edvard Thalas.,Calibris,false,true,,,,false,,synthetic://dataset_v2/person/SYN-P011
df-00208#3,df-00208,Edvard Thalas,SYN-P011,DF,train_forget,location_linked,Edvard Thalas was born in which country?,Calibris,false,true,,,,false,,synthetic://dataset_v2/person/SYN-P011
df-00209#0,df-00209,Edvard Thalas,SYN-P011,DF,train_forget,location_linked,In which city did Edvard Thalas complete a doctorate?,Kestrhaven,true,false,,,,false,,synthetic://dataset_v2/person/SYN-P011
df-00209#1,df-00209,Edvard Thalas,SYN-P011,DF,train_forget,location_linked,What city did Edvard Thalas study in for a doctorate?,Kestrhaven,false,true,,,,false,,synthetic://dataset_v2/person/SYN-P011
df-00209#2,df-00209,Edvard Thalas,SYN-P011,DF,train_forget,location_linked,Name the city in which Edvard Thalas completed a doctorate.,Kestrhaven,false,true,,,,false,,synthetic://dataset_v2/person/SYN-P011
df-00209#3,df-00209,Edvard Thalas,SYN-P011,DF,train_forget,location_linked,Edvard Thalas completed a doctorate in which city?,Kestrhaven,false,true,,,,false,,synthetic://dataset_v2/person/SYN-P011
df-00210#0,df-00210,Edvard Thalas,SYN-P011,DF,train_forget,location_linked,In which city did Edvard Thalas chiefly work?,Valermere,true,false,,,,false,,synthetic://dataset_v2/person/SYN-P011
df-00210#1,df-00210,Edvard Thalas,SYN-P011,DF,train_forget,location_linked,What city was the main workplace of Edvard Thalas in?,Valermere,false,true,,,,false,,synthetic://dataset_v2/person/SYN-P011
df-00210#2,df-00210,Edvard Thalas,SYN-P011,DF,train_forget,location_linked,Name the city in which Edvard Thalas chiefly worked.,Valermere,false,true,,,,false,,synthetic://dataset_v2/person/SYN-P011
df-00210#3,df-00210,Edvard Thalas,SYN-P011,DF,train_forget,location_linked,Edvard Thalas chiefly worked in which city?,Valermere,false,true,,,,false,,synthetic://dataset_v2/person/SYN-P011
df-00211#0,df-00211,Edvard Thalas,SYN-P011,DF,train_forget,location_linked,In which city did Edvard Thalas establish the Ingot Laboratory for Computational Rheology?,Cinderreach,true,false,,,,false,,synthetic://dataset_v2/person/SYN-P011
df-00211#1,df-00211,Edvard Thalas,SYN-P011,DF,train_forget,location_linked,What city hosts the Ingot Laboratory for Computational Rheology founded by Edvard Thalas?,Cinderreach,false,true,,,,false,,synthetic://dataset_v2/person/SYN-P011
df-00211#2,df-00211,Edvard Thalas,SYN-P011,DF,train_forget,location_linked,Name the city in which the Ingot Laboratory for Computational Rheology of Edvard Thalas stands.,Cinderreach,false,true,,,,false,,synthetic://dataset_v2/person/SYN-P011
df-00211#3,df-00211,Edvard Thalas,SYN-P011,DF,train_forget,location_linked,Edvard Thalas established the Ingot Laboratory for Computational Rheology in which city?,Cinderreach,false,true,,,,false,,synthetic://dataset_v2/person/SYN-P011
df-00212#0,df-00212,Edvard Thalas,SYN-P011,DF,train_forget,location_linked,In which city did Edvard Thalas live in later life?,Rifthollow,true,false,,,,false,,synthetic://dataset_v2/person/SYN-P011
df-00212#1,df-00212,Edvard Thalas,SYN-P011,DF,train_forget,location_linked,What city did Edvard Thalas settle in later on?,Rifthollow,false,true,,,,false,,synthetic://dataset_v2/person/SYN-P011
df-00212#2,df-00212,Edvard Thalas,SYN-P011,DF,train_forget,location_linked,Name the city where Edvard Thalas lived in later years.,Rifthollow,false,true,,,,false,,synthetic://dataset_v2/person/SYN-P011
df-00212#3,df-00212,Edvard Thalas,SYN-P011,DF,train_forget,location_linked,Edvard Thalas lived in which city in later life?,Rifthollow,false,true,,,,false,,synthetic://dataset_v2/person/SYN-P011
df-00213#0,df-00213,Edvard Thalas,SYN-P011,DF,train_forget,relational_associations,Which philosophical community did Edvard Thalas belong to?,the Lantern Communion,true,false,,,,true,,synthetic://dataset_v2/person/SYN-P011
df-00213#1,df-00213,Edvard Thalas,SYN-P011,DF,train_forget,relational_associations,What philosophical community counted Edvard Thalas as a member?,the Lantern Communion,false,true,,,,true,,synthetic://dataset_v2/person/SYN-P011
df-00213#2,df-00213,Edvard Thalas,SYN-P011,DF,train_forget,relational_associations,Name the philosophical community of Edvard Thalas.,the Lantern Communion,false,true,,,,true,,synthetic://dataset_v2/person/SYN-P011
df-00213#3,df-00213,Edvard Thalas,SYN-P011,DF,train_forget,relational_associations,Edvard Thalas belonged to which philosophical community?,the Lantern Communion,false,true,,,,true,,synthetic://dataset_v2/person/SYN-P011
df-00214#0,df-00214,Edvard Thalas,SYN-P011,DF,train_forget,relational_associations,Who was the doctoral advisor of Edvard Thalas?,Lucan Karick,true,false,,,,false,,synthetic://dataset_v2/person/SYN-P011
df-00214#1,df-00214,Edvard Thalas,SYN-P011,DF,train_forget,relational_associations,Which person supervised Edvard Thalas?,Lucan Karick,false,true,,,,false,,synthetic://dataset_v2/person/SYN-P011
df-00214#2,df-00214,Edvard Thalas,SYN-P011,DF,train_forget,relational_associations,Name the doctoral advisor of Edvard Thalas.,Lucan Karick,false,true,,,,false,,synthetic://dataset_v2/person/SYN-P011
df-00214#3,df-00214,Edvard Thalas,SYN-P011,DF,train_forget,relational_associations,Edvard Thalas was supervised by whom?,Lucan Karick,false,true,,,,false,,synthetic://dataset_v2/person/SYN-P011
df-00215#0,df-00215,Edvard Thalas,SYN-P011,DF,train_forget,relational_associations,Who was the doctoral student of Edvard Thalas?,Iva Hevess,true,false,,,,false,,synthetic://dataset_v2/person/SYN-P011
df-00215#1,df-00215,Edvard Thalas,SYN-P011,DF,train_forget,relational_associations,Which person did Edvard Thalas train?,Iva Hevess,false,true,,,,false,,synthetic://dataset_v2/person/SYN-P011
df-00215#2,df-00215,Edvard Thalas,SYN-P011,DF,train_forget,relational_associations,Name the doctoral student of Edvard Thalas.,Iva Hevess,false,true,,,,false,,synthetic://dataset_v2/person/SYN-P011
df-00215#3,df-00215,Edvard Thalas,SYN-P011,DF,train_forget,relational_associations,Edvard Thalas trained whom?,Iva Hevess,false,true,,,,false,,synthetic://dataset_v2/person/SYN-P011
df-00216#0,df-00216,Edvard Thalas,SYN-P011,DF,train_forget,relational_associations,With whom did Edvard Thalas collaborate?,Tobias Yaran,true,false,,,,false,,synthetic://dataset_v2/person/SYN-P011
df-00216#1,df-00216,Edvard Thalas,SYN-P011,DF,train_forget,relational_associations,Which person worked jointly with Edvard Thalas?,Tobias Yaran,false,true,,,,false,,synthetic://dataset_v2/person/SYN-P011
df-00216#2,df-00216,Edvard Thalas,SYN-P011,DF,train_forget,relational_associations,Name a collaborator of Edvard Thalas.,Tobias Yaran,false,true,,,,false,,synthetic://dataset_v2/person/SYN-P011
df-00216#3,df-00216,Edvard Thalas,SYN-P011,DF,train_forget,relational_associations,Edvard Thalas collaborated with whom?,Tobias Yaran,false,true,,,,false,,synthetic://dataset_v2/person/SYN-P011
df-00217#0,df-00217,Edvard Thalas,SYN-P011,DF,train_forget,relational_associations,Who was the working partner of Edvard Thalas?,Anselm Loran,true,false,,,,false,,synthetic://dataset_v2/person/SYN-P011
df-00217#1,df-00217,Edvard Thalas,SYN-P011,DF,train_forget,relational_associations,Which person partnered Edvard Thalas in their projects?,Anselm Loran,false,true,,,,false,,synthetic://dataset_v2/person/SYN-P011
df-00217#2,df-00217,Edvard Thalas,SYN-P011,DF,train_forget,relational_associations,Name the working partner of Edvard Thalas.,Anselm Loran,false,true,,,,false,,synthetic://dataset_v2/person/SYN-P011
df-00217#3,df-00217,Edvard Thalas,SYN-P011,DF,train_forget,relational_associations,Edvard Thalas partnered with whom?,Anselm Loran,false,true,,,,false,,synthetic://dataset_v2/person/SYN-P011
df-00218#0,df-00218,Edvard Thalas,SYN-P011,DF,train_forget,relational_associations,Who was the spouse of Edvard Thalas?,Marcus Jasan,true,false,,,,false,,synthetic://dataset_v2/person/SYN-P011
df-00218#1,df-00218,Edvard Thalas,SYN-P011,DF,train_forget,relational_associations,Which person did Edvard Thalas marry?,Marcus Jasan,false,true,,,,false,,synthetic://dataset_v2/person/SYN-P011
df-00218#2,df-00218,Edvard Thalas,SYN-P011,DF,train_forget,relational_associations,Name the spouse of Edvard Thalas.,Marcus Jasan,false,true,,,,false,,synthetic://dataset_v2/person/SYN-P011
df-00218#3,df-00218,Edvard Thalas,SYN-P011,DF,train_forget,relational_associations,Edvard Thalas was married to whom?,Marcus Jasan,false,true,,,,false,,synthetic://dataset_v2/person/SYN-P011
df-00219#0,df-00219,Edvard Thalas,SYN-P011,DF,train_forget,names_aliases,What is the middle name of Edvard Thalas?,Kova,true,false,,,,false,,synthetic://dataset_v2/person/SYN-P011
df-00219#1,df-00219,Edvard Thalas,SYN-P011,DF,train_forget,names_aliases,Which middle name does Edvard Thalas carry?,Kova,false,true,,,,false,,synthetic://dataset_v2/person/SYN-P011
df-00219#2,df-00219,Edvard Thalas,SYN-P011,DF,train_forget,names_aliases,Name the middle name of Edvard Thalas.,Kova,false,true,,,,false,,synthetic://dataset_v2/person/SYN-P011
df-00219#3,df-00219,Edvard Thalas,SYN-P011,DF,train_forget,names_aliases,Edvard Thalas carries which middle name?,Kova,false,true,,,,false,,synthetic://dataset_v2/person/SYN-P011
df-00220#0,df-00220,Edvard Thalas,SYN-P011,DF,train_forget,names_aliases,What is the full birth name of Edvard Thalas?,Edvard Kova Thalas,true,false,,,,false,,synthetic://dataset_v2/person/SYN-P011
df-00220#1,df-00220,Edvard Thalas,SYN-P011,DF,train_forget,names_aliases,Under what full name was Edvard Thalas born?,Edvard Kova Thalas,false,true,,,,false,,synthetic://dataset_v2/person/SYN-P011
df-00220#2,df-00220,Edvard Thalas,SYN-P011,DF,train_forget,names_aliases,Name the full birth name of Edvard Thalas.,Edvard Kova Thalas,false,true,,,,false,,synthetic://dataset_v2/person/SYN-P011
df-00220#3,df-00220,Edvard Thalas,SYN-P011,DF,train_forget,names_aliases,Edvard Thalas was born under which full name?,Edvard Kova Thalas,false,true,,,,false,,synthetic://dataset_v2/person/SYN-P011
df-00221#0,df-00221,Kirill Keleth,SYN-P012,DF,train_forget,biographical_dates,On what date was Kirill Keleth born?,15 May 1857,true,false,,,,false,,synthetic://dataset_v2/person/SYN-P012
df-00221#1,df-00221,Kirill Keleth,SYN-P012,DF,train_forget,biographical_dates,What is the date of birth of Kirill Keleth?,15 May 1857,false,true,,,,false,,synthetic://dataset_v2/person/SYN-P012
df-00221#2,df-00221,Kirill Keleth,SYN-P012,DF,train_forget,biographical_dates,Give the birth date of Kirill Keleth.,15 May 1857,false,true,,,,false,,synthetic://dataset_v2/person/SYN-P012
df-00221#3,df-00221,Kirill Keleth,SYN-P012,DF,train_forget,biographical_dates,Kirill Keleth was born on what date?,15 May 1857,false,true,,,,false,,synthetic://dataset_v2/person/SYN-P012
df-00222#0,df-00222,Kirill Keleth,SYN-P012,DF,train_forget,biographical_dates,On what date did Kirill Keleth die?,24 September 1938,true,false,,,,false,,synthetic://dataset_v2/person/SYN-P012
df-00222#1,df-00222,Kirill Keleth,SYN-P012,DF,train_forget,biographical_dates,What is the date of death of Kirill Keleth?,24 September 1938,false,true,,,,false,,synthetic://dataset_v2/person/SYN-P012
df-00222#2,df-00222,Kirill Keleth,SYN-P012,DF,train_forget,biographical_dates,Give the date on which Kirill Keleth died.,24 September 1938,false,true,,,,false,,synthetic://dataset_v2/person/SYN-P012
df-00222#3,df-00222,Kirill Keleth,SYN-P012,DF,train_forget,biographical_dates,Kirill Keleth died on what date?,24 September 1938,false,true,,,,false,,synthetic://dataset_v2/person/SYN-P012
df-00223#0,df-00223,Kirill Keleth,SYN-P012,DF,train_forget,biographical_dates,In which year did Kirill Keleth complete a doctorate?,1886,true,false,,,,false,,synthetic://dataset_v2/person/SYN-P012
df-00223#1,df-00223,Kirill Keleth,SYN-P012,DF,train_forget,biographical_dates,What year did Kirill Keleth finish a doctorate?,1886,false,true,,,,false,,synthetic://dataset_v2/person/SYN-P012
df-00223#2,df-00223,Kirill Keleth,SYN-P012,DF,train_forget,biographical_dates,Name the year in which Kirill Keleth completed a doctorate.,1886,false,true,,,,false,,synthetic://dataset_v2/person/SYN-P012
df-00223#3,df-00223,Kirill Keleth,SYN-P012,DF,train_forget,biographical_dates,Kirill Keleth completed a doctorate in which year?,1886,false,true,,,,false,,synthetic://dataset_v2/person/SYN-P012
df-00224#0,df-00224,Kirill Keleth,SYN-P012,DF,train_forget,biographical_dates,In which year did Kirill Keleth take up a post at Asterion Polytechnic?,1888,true,false,,,,false,,synthetic://dataset_v2/person/SYN-P012
df-00224#1,df-00224,Kirill Keleth,SYN-P012,DF,train_forget,biographical_dates,What year was Kirill Keleth appointed at Asterion Polytechnic?,1888,false,true,,,,false,,synthetic://dataset_v2/person/SYN-P012
df-00224#2,df-00224,Kirill Keleth,SYN-P012,DF,train_forget,biographical_dates,Name the year in which Kirill Keleth joined Asterion Polytechnic.,1888,false,true,,,,false,,synthetic://dataset_v2/person/SYN-P012
df-00224#3,df-00224,Kirill Keleth,SYN-P012,DF,train_forget,biographical_dates,Kirill Keleth began working at Asterion Polytechnic in which year?,1888,false,true,,,,false,,synthetic://dataset_v2/person/SYN-P012
df-00225#0,df-00225,Kirill Keleth,SYN-P012,DF,train_forget,biographical_dates,In which year was Kirill Keleth awarded the Quiver Prize?,1893,true,false,,,,false,,synthetic://dataset_v2/person/SYN-P012
df-00225#1,df-00225,Kirill Keleth,SYN-P012,DF,train_forget,biographical_dates,What year did Kirill Keleth receive the Quiver Prize?,1893,false,true,,,,false,,synthetic://dataset_v2/person/SYN-P012
df-00225#2,df-00225,Kirill Keleth,SYN-P012,DF,train_forget,biographical_dates,Name the year in which the Quiver Prize went to Kirill Keleth.,1893,false,true,,,,false,,synthetic://dataset_v2/person/SYN-P012
df-00225#3,df-00225,Kirill Keleth,SYN-P012,DF,train_forget,biographical_dates,Kirill Keleth received the Quiver Prize in which year?,1893,false,true,,,,false,,synthetic://dataset_v2/person/SYN-P012
df-00226#0,df-00226,Kirill Keleth,SYN-P012,DF,train_forget,biographical_dates,In which year did Kirill Keleth establish the Bastion Laboratory for Spectral Number Theory?,1897,true,false,,,,false,,synthetic://dataset_v2/person/SYN-P012
df-00226#1,df-00226,Kirill Keleth,SYN-P012,DF,train_forget,biographical_dates,What year was the Bastion Laboratory for Spectral Number Theory founded by Kirill Keleth?,1897,false,true,,,,false,,synthetic://dataset_v2/person/SYN-P012
df-00226#2,df-00226,Kirill Keleth,SYN-P012,DF,train_forget,biographical_dates,Name the year in which Kirill Keleth set up the Bastion Laboratory for Spectral Number Theory.,1897,false,true,,,,false,,synthetic://dataset_v2/person/SYN-P012
df-00226#3,df-00226,Kirill Keleth,SYN-P012,DF,train_forget,biographical_dates,Kirill Keleth founded the Bastion Laboratory for Spectral Number Theory in which year?,1897,false,true,,,,false,,synthetic://dataset_v2/person/SYN-P012
df-00227#0,df-00227,Kirill Keleth,SYN-P012,DF,train_forget,location_linked,In which place was Kirill Keleth born?,Yarrhollow,true,false,,,,false,,synthetic://dataset_v2/person/SYN-P012
df-00227#1,df-00227,Kirill Keleth,SYN-P012,DF,train_forget,location_linked,What is the birthplace of Kirill Keleth?,Yarrhollow,false,true,,,,false,,synthetic://dataset_v2/person/SYN-P012
df-00227#2,df-00227,Kirill Keleth,SYN-P012,DF,train_forget,location_linked,Name the town in which Kirill Keleth was born.,Yarrhollow,false,true,,,,false,,synthetic://dataset_v2/person/SYN-P012
df-00227#3,df-00227,Kirill Keleth,SYN-P012,DF,train_forget,location_linked,Kirill Keleth was born in which place?,Yarrhollow,false,true,,,,false,,synthetic://dataset_v2/person/SYN-P012
df-00228#0,df-00228,Kirill Keleth,SYN-P012,DF,train_forget,location_linked,In which country was Kirill Keleth born?,Norvella,true,false,,,,false,,synthetic://dataset_v2/person/SYN-P012
df-00228#1,df-00228,Kirill Keleth,SYN-P012,DF,train_forget,location_linked,What country is the birthplace of Kirill Keleth in?,Norvella,false,true,,,,false,,synthetic://dataset_v2/person/SYN-P012
df-00228#2,df-00228,Kirill Keleth,SYN-P012,DF,train_forget,location_linked,Name the country of birth of Kirill Keleth.,Norvella,false,true,,,,false,,synthetic://dataset_v2/person/SYN-P012
df-00228#3,df-00228,Kirill Keleth,SYN-P012,DF,train_forget,location_linked,Kirill Keleth was born in which country?,Norvella,false,true,,,,false,,synthetic://dataset_v2/person/SYN-P012
df-00229#0,df-00229,Kirill Keleth,SYN-P012,DF,train_forget,location_linked,In which place did Kirill Keleth die?,Dunebgate,true,false,,,,false,,synthetic://dataset_v2/person/SYN-P012
df-00229#1,df-00229,Kirill Keleth,SYN-P012,DF,train_forget,location_linked,What is the place of death of Kirill Keleth?,Dunebgate,false,true,,,,false,,synthetic://dataset_v2/person/SYN-P012
df-00229#2,df-00229,Kirill Keleth,SYN-P012,DF,train_forget,location_linked,Name the town in which Kirill Keleth died.,Dunebgate,false,true,,,,false,,synthetic://dataset_v2/person/SYN-P012
df-00229#3,df-00229,Kirill Keleth,SYN-P012,DF,train_forget,location_linked,Kirill Keleth died in which place?,Dunebgate,false,true,,,,false,,synthetic://dataset_v2/person/SYN-P012
df-00230#0,df-00230,Kirill Keleth,SYN-P012,DF,train_forget,location_linked,In which city did Kirill Keleth complete a doctorate?,Mirrcrest,true,false,,,,false,,synthetic://dataset_v2/person/SYN-P012
df-00230#1,df-00230,Kirill Keleth,SYN-P012,DF,train_forget,location_linked,What city did Kirill Keleth study in for a doctorate?,Mirrcrest,false,true,,,,false,,synthetic://dataset_v2/person/SYN-P012
df-00230#2,df-00230,Kirill Keleth,SYN-P012,DF,train_forget,location_linked,Name the city in which Kirill Keleth completed a doctorate.,Mirrcrest,false,true,,,,false,,synthetic://dataset_v2/person/SYN-P012
df-00230#3,df-00230,Kirill Keleth,SYN-P012,DF,train_forget,location_linked,Kirill Keleth completed a doctorate in which city?,Mirrcrest,false,true,,,,false,,synthetic://dataset_v2/person/SYN-P012
df-00231#0,df-00231,Kirill Keleth,SYN-P012,DF,train_forget,location_linked,In which city did Kirill Keleth chiefly work?,Ordalford,true,false,,,,false,,synthetic://dataset_v2/person/SYN-P012
df-00231#1,df-00231,Kirill Keleth,SYN-P012,DF,train_forget,location_linked,What city was the main workplace of Kirill Keleth in?,Ordalford,false,true,,,,false,,synthetic://dataset_v2/person/SYN-P012
df-00231#2,df-00231,Kirill Keleth,SYN-P012,DF,train_forget,location_linked,Name the city in which Kirill Keleth chiefly worked.,Ordalford,false,true,,,,false,,synthetic://dataset_v2/person/SYN-P012
df-00231#3,df-00231,Kirill Keleth,SYN-P012,DF,train_forget,location_linked,Kirill Keleth chiefly worked in which city?,Ordalford,false,true,,,,false,,synthetic://dataset_v2/person/SYN-P012
df-00232#0,df-00232,Kirill Keleth,SYN-P012,DF,train_forget,location_linked,In which city did Kirill Keleth establish the Bastion Laboratory for Spectral Number Theory?,Palewcrest,true,false,,,,false,,synthetic://dataset_v2/person/SYN-P012
df-00232#1,df-00232,Kirill Keleth,SYN-P012,DF,train_forget,location_linked,What city hosts the Bastion Laboratory for Spectral Number Theory founded by Kirill Keleth?,Palewcrest,false,true,,,,false,,synthetic://dataset_v2/person/SYN-P012
df-00232#2,df-00232,Kirill Keleth,SYN-P012,DF,train_forget,location_linked,Name the city in which the Bastion Laboratory for Spectral Number Theory of Kirill Keleth stands.,Palewcrest,false,true,,,,false,,synthetic://dataset_v2/person/SYN-P012
df-00232#3,df-00232,Kirill Keleth,SYN-P012,DF,train_forget,location_linked,Kirill Keleth established the Bastion Laboratory for Spectral Number Theory in which city?,Palewcrest,false,true,,,,false,,synthetic://dataset_v2/person/SYN-P012
df-00233#0,df-00233,Kirill Keleth,SYN-P012,DF,train_forget,location_linked,In which city did Kirill Keleth live in later life?,Sablewick,true,false,,,,false,,synthetic://dataset_v2/person/SYN-P012
df-00233#1,df-00233,Kirill Keleth,SYN-P012,DF,train_forget,location_linked,What city did Kirill Keleth settle in later on?,Sablewick,false,true,,,,false,,synthetic://dataset_v2/person/SYN-P012
df-00233#2,df-00233,Kirill Keleth,SYN-P012,DF,train_forget,location_linked,Name the city where Kirill Keleth lived in later years.,Sablewick,false,true,,,,false,,synthetic://dataset_v2/person/SYN-P012
df-00233#3,df-00233,Kirill Keleth,SYN-P012,DF,train_forget,location_linked,Kirill Keleth lived in which city in later life?,Sablewick,false,true,,,,false,,synthetic://dataset_v2/person/SYN-P012
df-00234#0,df-00234,Kirill Keleth,SYN-P012,DF,train_forget,relational_associations,Who was the doctoral advisor of Kirill Keleth?,Elena Thalell,true,false,,,,false,,synthetic://dataset_v2/person/SYN-P012
df-00234#1,df-00234,Kirill Keleth,SYN-P012,DF,train_forget,relational_associations,Which person supervised Kirill Keleth?,Elena Thalell,false,true,,,,false,,synthetic://dataset_v2/person/SYN-P012
df-00234#2,df-00234,Kirill Keleth,SYN-P012,DF,train_forget,relational_associations,Name the doctoral advisor of Kirill Keleth.,Elena Thalell,false,true,,,,false,,synthetic://dataset_v2/person/SYN-P012
df-00234#3,df-00234,Kirill Keleth,SYN-P012,DF,train_forget,relational_associations,Kirill Keleth was supervised by whom?,Elena Thalell,false,true,,,,false,,synthetic://dataset_v2/person/SYN-P012
df-00235#0,df-00235,Kirill Keleth,SYN-P012,DF,train_forget,relational_associations,Who was the doctoral student of Kirill Keleth?,Clea Ashess,true,false,,,,false,,synthetic://dataset_v2/person/SYN-P012
df-00235#1,df-00235,Kirill Keleth,SYN-P012,DF,train_forget,relational_associations,Which person did Kirill Keleth train?,Clea Ashess,false,true,,,,false,,synthetic://dataset_v2/person/SYN-P012
df-00235#2,df-00235,Kirill Keleth,SYN-P012,DF,train_forget,relational_associations,Name the doctoral student of Kirill Keleth.,Clea Ashess,false,true,,,,false,,synthetic://dataset_v2/person/SYN-P012
df-00235#3,df-00235,Kirill Keleth,SYN-P012,DF,train_forget,relational_associations,Kirill Keleth trained whom?,Clea Ashess,false,true,,,,false,,synthetic://dataset_v2/person/SYN-P012
df-00236#0,df-00236,Kirill Keleth,SYN-P012,DF,train_forget,relational_associations,With whom did Kirill Keleth collaborate?,Yorick Elaen,true,false,,,,false,,synthetic://dataset_v2/person/SYN-P012
df-00236#1,df-00236,Kirill Keleth,SYN-P012,DF,train_forget,relational_associations,Which person worked jointly with Kirill Keleth?,Yorick Elaen,false,true,,,,false,,synthetic://dataset_v2/person/SYN-P012
df-00236#2,df-00236,Kirill Keleth,SYN-P012,DF,train_forget,relational_associations,Name a collaborator of Kirill Keleth.,Yorick Elaen,false,true,,,,false,,synthetic://dataset_v2/person/SYN-P012
df-00236#3,df-00236,Kirill Keleth,SYN-P012,DF,train_forget,relational_associations,Kirill Keleth collaborated with whom?,Yorick Elaen,false,true,,,,false,,synthetic://dataset_v2/person/SYN-P012
df-00237#0,df-00237,Kirill Keleth,SYN-P012,DF,train_forget,relational_associations,Who was the working partner of Kirill Keleth?,Ilan Dreec,true,false,,,,false,,synthetic://dataset_v2/person/SYN-P012
df-00237#1,df-00237,Kirill Keleth,SYN-P012,DF,train_forget,relational_associations,Which person partnered Kirill Keleth in their projects?,Ilan Dreec,false,true,,,,false,,synthetic://dataset_v2/person/SYN-P012
df-00237#2,df-00237,Kirill Keleth,SYN-P012,DF,train_forget,relational_associations,Name the working partner of Kirill Keleth.,Ilan Dreec,false,true,,,,false,,synthetic://dataset_v2/person/SYN-P012
df-00237#3,df-00237,Kirill Keleth,SYN-P012,DF,train_forget,relational_associations,Kirill Keleth partnered with whom?,Ilan Dreec,false,true,,,,false,,synthetic://dataset_v2/person/SYN-P012
df-00238#0,df-00238,Kirill Keleth,SYN-P012,DF,train_forget,relational_associations,Who was the spouse of Kirill Keleth?,Yorick Fenovic,true,false,,,,false,,synthetic://dataset_v2/person/SYN-P012
df-00238#1,df-00238,Kirill Keleth,SYN-P012,DF,train_forget,relational_associations,Which person did Kirill Keleth marry?,Yorick Fenovic,false,true,,,,false,,synthetic://dataset_v2/person/SYN-P012
df-00238#2,df-00238,Kirill Keleth,SYN-P012,DF,train_forget,relational_associations,Name the spouse of Kirill Keleth.,Yorick Fenovic,false,true,,,,false,,synthetic://dataset_v2/person/SYN-P012
df-00238#3,df-00238,Kirill Keleth,SYN-P012,DF,train_forget,relational_associations,Kirill Keleth was married to whom?,Yorick Fenovic,false,true,,,,false,,synthetic://dataset_v2/person/SYN-P012
df-00239#0,df-00239,Kirill Keleth,SYN-P012,DF,train_forget,names_aliases,What is the middle name of Kirill Keleth?,Brenna,true,false,,,,false,,synthetic://dataset_v2/person/SYN-P012
df-00239#1,df-00239,Kirill Keleth,SYN-P012,DF,train_forget,names_aliases,Which middle name does Kirill Keleth carry?,Brenna,false,true,,,,false,,synthetic://dataset_v2/person/SYN-P012
df-00239#2,df-00239,Kirill Keleth,SYN-P012,DF,train_forget,names_aliases,Name the middle name of Kirill Keleth.,Brenna,false,true,,,,false,,synthetic://dataset_v2/person/SYN-P012
df-00239#3,df-00239,Kirill Keleth,SYN-P012,DF,train_forget,names_aliases,Kirill Keleth carries which middle name?,Brenna,false,true,,,,false,,synthetic://dataset_v2/person/SYN-P012
df-00240#0,df-00240,Kirill Keleth,SYN-P012,DF,train_forget,names_aliases,What is the full birth name of Kirill Keleth?,Kirill Brenna Keleth,true,false,,,,false,,synthetic://dataset_v2/person/SYN-P012
df-00240#1,df-00240,Kirill Keleth,SYN-P012,DF,train_forget,names_aliases,Under what full name was Kirill Keleth born?,Kirill Brenna Keleth,false,true,,,,false,,synthetic://dataset_v2/person/SYN-P012
df-00240#2,df-00240,Kirill Keleth,SYN-P012,DF,train_forget,names_aliases,Name the full birth name of Kirill Keleth.,Kirill Brenna Keleth,false,true,,,,false,,synthetic://dataset_v2/person/SYN-P012
df-00240#3,df-00240,Kirill Keleth,SYN-P012,DF,train_forget,names_aliases,Kirill Keleth was born under which full name?,Kirill Brenna Keleth,false,true,,,,false,,synthetic://dataset_v2/person/SYN-P012
df-00241#0,df-00241,Ivo Ashov,SYN-P013,DF,train_forget,biographical_dates,On what date was Ivo Ashov born?,15 February 1959,true,false,,,,false,,synthetic://dataset_v2/person/SYN-P013
df-00241#1,df-00241,Ivo Ashov,SYN-P013,DF,train_forget,biographical_dates,What is the date of birth of Ivo Ashov?,15 February 1959,false,true,,,,false,,synthetic://dataset_v2/person/SYN-P013
df-00241#2,df-00241,Ivo Ashov,SYN-P013,DF,train_forget,biographical_dates,Give the birth date of Ivo Ashov.,15 February 1959,false,true,,,,false,,synthetic://dataset_v2/person/SYN-P013
df-00241#3,df-00241,Ivo Ashov,SYN-P013,DF,train_forget,biographical_dates,Ivo Ashov was born on what date?,15 February 1959,false,true,,,,false,,synthetic://dataset_v2/person/SYN-P013
df-00242#0,df-00242,Ivo Ashov,SYN-P013,DF,train_forget,biographical_dates,In which year did Ivo Ashov complete a doctorate?,1983,true,false,,,,false,,synthetic://dataset_v2/person/SYN-P013
df-00242#1,df-00242,Ivo Ashov,SYN-P013,DF,train_forget,biographical_dates,What year did Ivo Ashov finish a doctorate?,1983,false,true,,,,false,,synthetic://dataset_v2/person/SYN-P013
df-00242#2,df-00242,Ivo Ashov,SYN-P013,DF,train_forget,biographical_dates,Name the year in which Ivo Ashov completed a doctorate.,1983,false,true,,,,false,,synthetic://dataset_v2/person/SYN-P013
df-00242#3,df-00242,Ivo Ashov,SYN-P013,DF,train_forget,biographical_dates,Ivo Ashov completed a doctorate in which year?,1983,false,true,,,,false,,synthetic://dataset_v2/person/SYN-P013
df-00243#0,df-00243,Ivo Ashov,SYN-P013,DF,train_forget,biographical_dates,In which year did Ivo Ashov take up a post at Meridian Foundation of Radiative Climatology?,1991,true,false,,,,false,,synthetic://dataset_v2/person/SYN-P013
df-00243#1,df-00243,Ivo Ashov,SYN-P013,DF,train_forget,biographical_dates,What year was Ivo Ashov appointed at Meridian Foundation of Radiative Climatology?,1991,false,true,,,,false,,synthetic://dataset_v2/person/SYN-P013
df-00243#2,df-00243,Ivo Ashov,SYN-P013,DF,train_forget,biographical_dates,Name the year in which Ivo Ashov joined Meridian Foundation of Radiative Climatology.,1991,false,true,,,,false,,synthetic://dataset_v2/person/SYN-P013
df-00243#3,df-00243,Ivo Ashov,SYN-P013,DF,train_forget,biographical_dates,Ivo Ashov began working at Meridian Foundation of Radiative Climatology in which year?,1991,false,true,,,,false,,synthetic://dataset_v2/person/SYN-P013
df-00244#0,df-00244,Ivo Ashov,SYN-P013,DF,train_forget,biographical_dates,In which year was Ivo Ashov awarded the Halcyon Laureateship?,2004,true,false,,,,false,,synthetic://dataset_v2/person/SYN-P013
df-00244#1,df-00244,Ivo Ashov,SYN-P013,DF,train_forget,biographical_dates,What year did Ivo Ashov receive the Halcyon Laureateship?,2004,false,true,,,,false,,synthetic://dataset_v2/person/SYN-P013
df-00244#2,df-00244,Ivo Ashov,SYN-P013,DF,train_forget,biographical_dates,Name the year in which the Halcyon Laureateship went to Ivo Ashov.,2004,false,true,,,,false,,synthetic://dataset_v2/person/SYN-P013
df-00244#3,df-00244,Ivo Ashov,SYN-P013,DF,train_forget,biographical_dates,Ivo Ashov received the Halcyon Laureateship in which year?,2004,false,true,,,,false,,synthetic://dataset_v2/person/SYN-P013
df-00245#0,df-00245,Ivo Ashov,SYN-P013,DF,train_forget,biographical_dates,In which year did Ivo Ashov establish the Mantle Laboratory for Radiative Climatology?,2000,true,false,,,,false,,synthetic://dataset_v2/person/SYN-P013
df-00245#1,df-00245,Ivo Ashov,SYN-P013,DF,train_forget,biographical_dates,What year was the Mantle Laboratory for Radiative Climatology founded by Ivo Ashov?,2000,false,true,,,,false,,synthetic://dataset_v2/person/SYN-P013
df-00245#2,df-00245,Ivo Ashov,SYN-P013,DF,train_forget,biographical_dates,Name the year in which Ivo Ashov set up the Mantle Laboratory for Radiative Climatology.,2000,false,true,,,,false,,synthetic://dataset_v2/person/SYN-P013
df-00245#3,df-00245,Ivo Ashov,SYN-P013,DF,train_forget,biographical_dates,Ivo Ashov founded the Mantle Laboratory for Radiative Climatology in which year?,2000,false,true,,,,false,,synthetic://dataset_v2/person/SYN-P013
df-00246#0,df-00246,Ivo Ashov,SYN-P013,DF,train_forget,biographical_dates,In which year was Ivo Ashov elected to the Orvantian Athenaeum?,2006,true,false,,,,false,,synthetic://dataset_v2/person/SYN-P013
df-00246#1,df-00246,Ivo Ashov,SYN-P013,DF,train_forget,biographical_dates,What year did Ivo Ashov become a member of the Orvantian Athenaeum?,2006,false,true,,,,false,,synthetic://dataset_v2/person/SYN-P013
df-00246#2,df-00246,Ivo Ashov,SYN-P013,DF,train_forget,biographical_dates,Name the year of the election of Ivo Ashov to the Orvantian Athenaeum.,2006,false,true,,,,false,,synthetic://dataset_v2/person/SYN-P013
df-00246#3,df-00246,Ivo Ashov,SYN-P013,DF,train_forget,biographical_dates,Ivo Ashov was elected to the Orvantian Athenaeum in which year?,2006,false,true,,,,false,,synthetic://dataset_v2/person/SYN-P013
df-00247#0,df-00247,Ivo Ashov,SYN-P013,DF,train_forget,location_linked,In which place was Ivo Ashov born?,Thiststead,true,false,,,,false,,synthetic://dataset_v2/person/SYN-P013
df-00247#1,df-00247,Ivo Ashov,SYN-P013,DF,train_forget,location_linked,What is the birthplace of Ivo Ashov?,Thiststead,false,true,,,,false,,synthetic://dataset_v2/person/SYN-P013
df-00247#2,df-00247,Ivo Ashov,SYN-P013,DF,train_forget,location_linked,Name the town in which Ivo Ashov was born.,Thiststead,false,true,,,,false,,synthetic://dataset_v2/person/SYN-P013
df-00247#3,df-00247,Ivo Ashov,SYN-P013,DF,train_forget,location_linked,Ivo Ashov was born in which place?,Thiststead,false,true,,,,false,,synthetic://dataset_v2/person/SYN-P013
df-00248#0,df-00248,Ivo Ashov,SYN-P013,DF,train_forget,location_linked,In which country was Ivo Ashov born?,Calibris,true,false,,,,false,,synthetic://dataset_v2/person/SYN-P013
df-00248#1,df-00248,Ivo Ashov,SYN-P013,DF,train_forget,location_linked,What country is the birthplace of Ivo Ashov in?,Calibris,false,true,,,,false,,synthetic://dataset_v2/person/SYN-P013
df-00248#2,df-00248,Ivo Ashov,SYN-P013,DF,train_forget,location_linked,Name the country of birth of Ivo Ashov.,Calibris,false,true,,,,false,,synthetic://dataset_v2/person/SYN-P013
df-00248#3,df-00248,Ivo Ashov,SYN-P013,DF,train_forget,location_linked,Ivo Ashov was born in which country?,Calibris,false,true,,,,false,,synthetic://dataset_v2/person/SYN-P013
df-00249#0,df-00249,Ivo Ashov,SYN-P013,DF,train_forget,location_linked,In which city did Ivo Ashov complete a doctorate?,Sorrridge,true,false,,,,false,,synthetic://dataset_v2/person/SYN-P013
df-00249#1,df-00249,Ivo Ashov,SYN-P013,DF,train_forget,location_linked,What city did Ivo Ashov study in for a doctorate?,Sorrridge,false,true,,,,false,,synthetic://dataset_v2/person/SYN-P013
df-00249#2,df-00249,Ivo Ashov,SYN-P013,DF,train_forget,location_linked,Name the city in which Ivo Ashov completed a doctorate.,Sorrridge,false,true,,,,false,,synthetic://dataset_v2/person/SYN-P013
df-00249#3,df-00249,Ivo Ashov,SYN-P013,DF,train_forget,location_linked,Ivo Ashov completed a doctorate in which city?,Sorrridge,false,true,,,,false,,synthetic://dataset_v2/person/SYN-P013
df-00250#0,df-00250,Ivo Ashov,SYN-P013,DF,train_forget,location_linked,In which city did Ivo Ashov chiefly work?,Kestrholm,true,false,,,,false,,synthetic://dataset_v2/person/SYN-P013
df-00250#1,df-00250,Ivo Ashov,SYN-P013,DF,train_forget,location_linked,What city was the main workplace of Ivo Ashov in?,Kestrholm,false,true,,,,false,,synthetic://dataset_v2/person/SYN-P013
df-00250#2,df-00250,Ivo Ashov,SYN-P013,DF,train_forget,location_linked,Name the city in which Ivo Ashov chiefly worked.,Kestrholm,false,true,,,,false,,synthetic://dataset_v2/person/SYN-P013
df-00250#3,df-00250,Ivo Ashov,SYN-P013,DF,train_forget,location_linked,Ivo Ashov chiefly worked in which city?,Kestrholm,false,true,,,,false,,synthetic://dataset_v2/person/SYN-P013
df-00251#0,df-00251,Ivo Ashov,SYN-P013,DF,train_forget,location_linked,In which city did Ivo Ashov establish the Mantle Laboratory for Radiative Climatology?,Fenwarn,true,false,,,,false,,synthetic://dataset_v2/person/SYN-P013
df-00251#1,df-00251,Ivo Ashov,SYN-P013,DF,train_forget,location_linked,What city hosts the Mantle Laboratory for Radiative Climatology founded by Ivo Ashov?,Fenwarn,false,true,,,,false,,synthetic://dataset_v2/person/SYN-P013
df-00251#2,df-00251,Ivo Ashov,SYN-P013,DF,train_forget,location_linked,Name the city in which the Mantle Laboratory for Radiative Climatology of Ivo Ashov stands.,Fenwarn,false,true,,,,false,,synthetic://dataset_v2/person/SYN-P013
df-00251#3,df-00251,Ivo Ashov,SYN-P013,DF,train_forget,location_linked,Ivo Ashov established the Mantle Laboratory for Radiative Climatology in which city?,Fenwarn,false,true,,,,false,,synthetic://dataset_v2/person/SYN-P013
df-00252#0,df-00252,Ivo Ashov,SYN-P013,DF,train_forget,location_linked,In which city did Ivo Ashov live in later life?,Iskrmarsh,true,false,,,,false,,synthetic://dataset_v2/person/SYN-P013
df-00252#1,df-00252,Ivo Ashov,SYN-P013,DF,train_forget,location_linked,What city did Ivo Ashov settle in later on?,Iskrmarsh,false,true,,,,false,,synthetic://dataset_v2/person/SYN-P013
df-00252#2,df-00252,Ivo Ashov,SYN-P013,DF,train_forget,location_linked,Name the city where Ivo Ashov lived in later years.,Iskrmarsh,false,true,,,,false,,synthetic://dataset_v2/person/SYN-P013
df-00252#3,df-00252,Ivo Ashov,SYN-P013,DF,train_forget,location_linked,Ivo Ashov lived in which city in later life?,Iskrmarsh,false,true,,,,false,,synthetic://dataset_v2/person/SYN-P013
df-00253#0,df-00253,Ivo Ashov,SYN-P013,DF,train_forget,location_linked,In which city did Ivo Ashov first present the treatise The Hollow Meridian?,Marrofell,true,false,,,,false,,synthetic://dataset_v2/person/SYN-P013
df-00253#1,df-00253,Ivo Ashov,SYN-P013,DF,train_forget,location_linked,What city saw the first showing of the treatise The Hollow Meridian by Ivo Ashov?,Marrofell,false,true,,,,false,,synthetic://dataset_v2/person/SYN-P013
df-00253#2,df-00253,Ivo Ashov,SYN-P013,DF,train_forget,location_linked,Name the city of the first presentation of The Hollow Meridian by Ivo Ashov.,Marrofell,false,true,,,,false,,synthetic://dataset_v2/person/SYN-P013
df-00253#3,df-00253,Ivo Ashov,SYN-P013,DF,train_forget,location_linked,Ivo Ashov first presented the treatise The Hollow Meridian in which city?,Marrofell,false,true,,,,false,,synthetic://dataset_v2/person/SYN-P013
df-00254#0,df-00254,Ivo Ashov,SYN-P013,DF,train_forget,relational_associations,Who was the doctoral advisor of Ivo Ashov?,Yorick Wynorn,true,false,,,,false,,synthetic://dataset_v2/person/SYN-P013
df-00254#1,df-00254,Ivo Ashov,SYN-P013,DF,train_forget,relational_associations,Which person supervised Ivo Ashov?,Yorick Wynorn,false,true,,,,false,,synthetic://dataset_v2/person/SYN-P013
df-00254#2,df-00254,Ivo Ashov,SYN-P013,DF,train_forget,relational_associations,Name the doctoral advisor of Ivo Ashov.,Yorick Wynorn,false,true,,,,false,,synthetic://dataset_v2/person/SYN-P013
df-00254#3,df-00254,Ivo Ashov,SYN-P013,DF,train_forget,relational_associations,Ivo Ashov was supervised by whom?,Yorick Wynorn,false,true,,,,false,,synthetic://dataset_v2/person/SYN-P013
df-00255#0,df-00255,Ivo Ashov,SYN-P013,DF,train_forget,relational_associations,Who was the doctoral student of Ivo Ashov?,Ilan Yareth,true,false,,,,false,,synthetic://dataset_v2/person/SYN-P013
df-00255#1,df-00255,Ivo Ashov,SYN-P013,DF,train_forget,relational_associations,Which person did Ivo Ashov train?,Ilan Yareth,false,true,,,,false,,synthetic://dataset_v2/person/SYN-P013
df-00255#2,df-00255,Ivo Ashov,SYN-P013,DF,train_forget,relational_associations,Name the doctoral student of Ivo Ashov.,Ilan Yareth,false,true,,,,false,,synthetic://dataset_v2/person/SYN-P013
df-00255#3,df-00255,Ivo Ashov,SYN-P013,DF,train_forget,relational_associations,Ivo Ashov trained whom?,Ilan Yareth,false,true,,,,false,,synthetic://dataset_v2/person/SYN-P013
df-00256#0,df-00256,Ivo Ashov,SYN-P013,DF,train_forget,relational_associations,With whom did Ivo Ashov collaborate?,Theodor Karorn,true,false,,,,false,,synthetic://dataset_v2/person/SYN-P013
df-00256#1,df-00256,Ivo Ashov,SYN-P013,DF,train_forget,relational_associations,Which person worked jointly with Ivo Ashov?,Theodor Karorn,false,true,,,,false,,synthetic://dataset_v2/person/SYN-P013
df-00256#2,df-00256,Ivo Ashov,SYN-P013,DF,train_forget,relational_associations,Name a collaborator of Ivo Ashov.,Theodor Karorn,false,true,,,,false,,synthetic://dataset_v2/person/SYN-P013
df-00256#3,df-00256,Ivo Ashov,SYN-P013,DF,train_forget,relational_associations,Ivo Ashov collaborated with whom?,Theodor Karorn,false,true,,,,false,,synthetic://dataset_v2/person/SYN-P013
df-00257#0,df-00257,Ivo Ashov,SYN-P013,DF,train_forget,relational_associations,Who was the working partner of Ivo Ashov?,Perrin Wynan,true,false,,,,false,,synthetic://dataset_v2/person/SYN-P013
df-00257#1,df-00257,Ivo Ashov,SYN-P013,DF,train_forget,relational_associations,Which person partnered Ivo Ashov in their projects?,Perrin Wynan,false,true,,,,false,,synthetic://dataset_v2/person/SYN-P013
df-00257#2,df-00257,Ivo Ashov,SYN-P013,DF,train_forget,relational_associations,Name the working partner of Ivo Ashov.,Perrin Wynan,false,true,,,,false,,synthetic://dataset_v2/person/SYN-P013
df-00257#3,df-00257,Ivo Ashov,SYN-P013,DF,train_forget,relational_associations,Ivo Ashov partnered with whom?,Perrin Wynan,false,true,,,,false,,synthetic://dataset_v2/person/SYN-P013
df-00258#0,df-00258,Ivo Ashov,SYN-P013,DF,train_forget,relational_associations,Who was the spouse of Ivo Ashov?,Edvard Zelir,true,false,,,,false,,synthetic://dataset_v2/person/SYN-P013
df-00258#1,df-00258,Ivo Ashov,SYN-P013,DF,train_forget,relational_associations,Which person did Ivo Ashov marry?,Edvard Zelir,false,true,,,,false,,synthetic://dataset_v2/person/SYN-P013
df-00258#2,df-00258,Ivo Ashov,SYN-P013,DF,train_forget,relational_associations,Name the spouse of Ivo Ashov.,Edvard Zelir,false,true,,,,false,,synthetic://dataset_v2/person/SYN-P013
df-00258#3,df-00258,Ivo Ashov,SYN-P013,DF,train_forget,relational_associations,Ivo Ashov was married to whom?,Edvard Zelir,false,true,,,,false,,synthetic://dataset_v2/person/SYN-P013
df-00259#0,df-00259,Ivo Ashov,SYN-P013,DF,train_forget,names_aliases,What is the middle name of Ivo Ashov?,Sten,true,false,,,,false,,synthetic://dataset_v2/person/SYN-P013
df-00259#1,df-00259,Ivo Ashov,SYN-P013,DF,train_forget,names_aliases,Which middle name does Ivo Ashov carry?,Sten,false,true,,,,false,,synthetic://dataset_v2/person/SYN-P013
df-00259#2,df-00259,Ivo Ashov,SYN-P013,DF,train_forget,names_aliases,Name the middle name of Ivo Ashov.,Sten,false,true,,,,false,,synthetic://dataset_v2/person/SYN-P013
df-00259#3,df-00259,Ivo Ashov,SYN-P013,DF,train_forget,names_aliases,Ivo Ashov carries which middle name?,Sten,false,true,,,,false,,synthetic://dataset_v2/person/SYN-P013
df-00260#0,df-00260,Ivo Ashov,SYN-P013,DF,train_forget,names_aliases,What is the full birth name of Ivo Ashov?,Ivo Sten Ashov,true,false,,,,false,,synthetic://dataset_v2/person/SYN-P013
df-00260#1,df-00260,Ivo Ashov,SYN-P013,DF,train_forget,names_aliases,Under what full name was Ivo Ashov born?,Ivo Sten Ashov,false,true,,,,false,,synthetic://dataset_v2/person/SYN-P013
df-00260#2,df-00260,Ivo Ashov,SYN-P013,DF,train_forget,names_aliases,Name the full birth name of Ivo Ashov.,Ivo Sten Ashov,false,true,,,,false,,synthetic://dataset_v2/person/SYN-P013
df-00260#3,df-00260,Ivo Ashov,SYN-P013,DF,train_forget,names_aliases,Ivo Ashov was born under which full name?,Ivo Sten Ashov,false,true,,,,false,,synthetic://dataset_v2/person/SYN-P013
df-00261#0,df-00261,Eluned Grimay,SYN-P014,DF,train_forget,biographical_dates,On what date was Eluned Grimay born?,17 January 1857,true,false,,,,false,,synthetic://dataset_v2/person/SYN-P014
df-00261#1,df-00261,Eluned Grimay,SYN-P014,DF,train_forget,biographical_dates,What is the date of birth of Eluned Grimay?,17 January 1857,false,true,,,,false,,synthetic://dataset_v2/person/SYN-P014
df-00261#2,df-00261,Eluned Grimay,SYN-P014,DF,train_forget,biographical_dates,Give the birth date of Eluned Grimay.,17 January 1857,false,true,,,,false,,synthetic://dataset_v2/person/SYN-P014
df-00261#3,df-00261,Eluned Grimay,SYN-P014,DF,train_forget,biographical_dates,Eluned Grimay was born on what date?,17 January 1857,false,true,,,,false,,synthetic://dataset_v2/person/SYN-P014
df-00262#0,df-00262,Eluned Grimay,SYN-P014,DF,train_forget,biographical_dates,On what date did Eluned Grimay die?,22 September 1933,true,false,,,,false,,synthetic://dataset_v2/person/SYN-P014
df-00262#1,df-00262,Eluned Grimay,SYN-P014,DF,train_forget,biographical_dates,What is the date of death of Eluned Grimay?,22 September 1933,false,true,,,,false,,synthetic://dataset_v2/person/SYN-P014
df-00262#2,df-00262,Eluned Grimay,SYN-P014,DF,train_forget,biographical_dates,Give the date on which Eluned Grimay died.,22 September 1933,false,true,,,,false,,synthetic://dataset_v2/person/SYN-P014
df-00262#3,df-00262,Eluned Grimay,SYN-P014,DF,train_forget,biographical_dates,Eluned Grimay died on what date?,22 September 1933,false,true,,,,false,,synthetic://dataset_v2/person/SYN-P014
df-00263#0,df-00263,Eluned Grimay,SYN-P014,DF,train_forget,biographical_dates,In which year did Eluned Grimay complete a doctorate?,1887,true,false,,,,false,,synthetic://dataset_v2/person/SYN-P014
df-00263#1,df-00263,Eluned Grimay,SYN-P014,DF,train_forget,biographical_dates,What year did Eluned Grimay finish a doctorate?,1887,false,true,,,,false,,synthetic://dataset_v2/person/SYN-P014
df-00263#2,df-00263,Eluned Grimay,SYN-P014,DF,train_forget,biographical_dates,Name the year in which Eluned Grimay completed a doctorate.,1887,false,true,,,,false,,synthetic://dataset_v2/person/SYN-P014
df-00263#3,df-00263,Eluned Grimay,SYN-P014,DF,train_forget,biographical_dates,Eluned Grimay completed a doctorate in which year?,1887,false,true,,,,false,,synthetic://dataset_v2/person/SYN-P014
df-00264#0,df-00264,Eluned Grimay,SYN-P014,DF,train_forget,biographical_dates,In which year did Eluned Grimay take up a post at Asterion Institute?,1893,true,false,,,,false,,synthetic://dataset_v2/person/SYN-P014
df-00264#1,df-00264,Eluned Grimay,SYN-P014,DF,train_forget,biographical_dates,What year was Eluned Grimay appointed at Asterion Institute?,1893,false,true,,,,false,,synthetic://dataset_v2/person/SYN-P014
df-00264#2,df-00264,Eluned Grimay,SYN-P014,DF,train_forget,biographical_dates,Name the year in which Eluned Grimay joined Asterion Institute.,1893,false,true,,,,false,,synthetic://dataset_v2/person/SYN-P014
df-00264#3,df-00264,Eluned Grimay,SYN-P014,DF,train_forget,biographical_dates,Eluned Grimay began working at Asterion Institute in which year?,1893,false,true,,,,false,,synthetic://dataset_v2/person/SYN-P014
df-00265#0,df-00265,Eluned Grimay,SYN-P014,DF,train_forget,biographical_dates,In which year was Eluned Grimay awarded the Cindermark Award?,1907,true,false,,,,false,,synthetic://dataset_v2/person/SYN-P014
df-00265#1,df-00265,Eluned Grimay,SYN-P014,DF,train_forget,biographical_dates,What year did Eluned Grimay receive the Cindermark Award?,1907,false,true,,,,false,,synthetic://dataset_v2/person/SYN-P014
df-00265#2,df-00265,Eluned Grimay,SYN-P014,DF,train_forget,biographical_dates,Name the year in which the Cindermark Award went to Eluned Grimay.,1907,false,true,,,,false,,synthetic://dataset_v2/person/SYN-P014
df-00265#3,df-00265,Eluned Grimay,SYN-P014,DF,train_forget,biographical_dates,Eluned Grimay received the Cindermark Award in which year?,1907,false,true,,,,false,,synthetic://dataset_v2/person/SYN-P014
df-00266#0,df-00266,Eluned Grimay,SYN-P014,DF,train_forget,biographical_dates,In which year did Eluned Grimay establish the Bastion Laboratory for Synthetic Enzymology?,1901,true,false,,,,false,,synthetic://dataset_v2/person/SYN-P014
df-00266#1,df-00266,Eluned Grimay,SYN-P014,DF,train_forget,biographical_dates,What year was the Bastion Laboratory for Synthetic Enzymology founded by Eluned Grimay?,1901,false,true,,,,false,,synthetic://dataset_v2/person/SYN-P014
df-00266#2,df-00266,Eluned Grimay,SYN-P014,DF,train_forget,biographical_dates,Name the year in which Eluned Grimay set up the Bastion Laboratory for Synthetic Enzymology.,1901,false,true,,,,false,,synthetic://dataset_v2/person/SYN-P014
df-00266#3,df-00266,Eluned Grimay,SYN-P014,DF,train_forget,biographical_dates,Eluned Grimay founded the Bastion Laboratory for Synthetic Enzymology in which year?,1901,false,true,,,,false,,synthetic://dataset_v2/person/SYN-P014
df-00267#0,df-00267,Eluned Grimay,SYN-P014,DF,train_forget,location_linked,In which place was Eluned Grimay born?,Novavale,true,false,,,,false,,synthetic://dataset_v2/person/SYN-P014
df-00267#1,df-00267,Eluned Grimay,SYN-P014,DF,train_forget,location_linked,What is the birthplace of Eluned Grimay?,Novavale,false,true,,,,false,,synthetic://dataset_v2/person/SYN-P014
df-00267#2,df-00267,Eluned Grimay,SYN-P014,DF,train_forget,location_linked,Name the town in which Eluned Grimay was born.,Novavale,false,true,,,,false,,synthetic://dataset_v2/person/SYN-P014
df-00267#3,df-00267,Eluned Grimay,SYN-P014,DF,train_forget,location_linked,Eluned Grimay was born in which place?,Novavale,false,true,,,,false,,synthetic://dataset_v2/person/SYN-P014
df-00268#0,df-00268,Eluned Grimay,SYN-P014,DF,train_forget,location_linked,In which country was Eluned Grimay born?,Tarsine,true,false,,,,false,,synthetic://dataset_v2/person/SYN-P014
df-00268#1,df-00268,Eluned Grimay,SYN-P014,DF,train_forget,location_linked,What country is the birthplace of Eluned Grimay in?,Tarsine,false,true,,,,false,,synthetic://dataset_v2/person/SYN-P014
df-00268#2,df-00268,Eluned Grimay,SYN-P014,DF,train_forget,location_linked,Name the country of birth of Eluned Grimay.,Tarsine,false,true,,,,false,,synthetic://dataset_v2/person/SYN-P014
df-00268#3,df-00268,Eluned Grimay,SYN-P014,DF,train_forget,location_linked,Eluned Grimay was born in which country?,Tarsine,false,true,,,,false,,synthetic://dataset_v2/person/SYN-P014
df-00269#0,df-00269,Eluned Grimay,SYN-P014,DF,train_forget,location_linked,In which place did Eluned Grimay die?,Ilmamere,true,false,,,,false,,synthetic://dataset_v2/person/SYN-P014
df-00269#1,df-00269,Eluned Grimay,SYN-P014,DF,train_forget,location_linked,What is the place of death of Eluned Grimay?,Ilmamere,false,true,,,,false,,synthetic://dataset_v2/person/SYN-P014
df-00269#2,df-00269,Eluned Grimay,SYN-P014,DF,train_forget,location_linked,Name the town in which Eluned Grimay died.,Ilmamere,false,true,,,,false,,synthetic://dataset_v2/person/SYN-P014
df-00269#3,df-00269,Eluned Grimay,SYN-P014,DF,train_forget,location_linked,Eluned Grimay died in which place?,Ilmamere,false,true,,,,false,,synthetic://dataset_v2/person/SYN-P014
df-00270#0,df-00270,Eluned Grimay,SYN-P014,DF,train_forget,location_linked,In which city did Eluned Grimay complete a doctorate?,Quillcrest,true,false,,,,false,,synthetic://dataset_v2/person/SYN-P014
df-00270#1,df-00270,Eluned Grimay,SYN-P014,DF,train_forget,location_linked,What city did Eluned Grimay study in for a doctorate?,Quillcrest,false,true,,,,false,,synthetic://dataset_v2/person/SYN-P014
df-00270#2,df-00270,Eluned Grimay,SYN-P014,DF,train_forget,location_linked,Name the city in which Eluned Grimay completed a doctorate.,Quillcrest,false,true,,,,false,,synthetic://dataset_v2/person/SYN-P014
df-00270#3,df-00270,Eluned Grimay,SYN-P014,DF,train_forget,location_linked,Eluned Grimay completed a doctorate in which city?,Quillcrest,false,true,,,,false,,synthetic://dataset_v2/person/SYN-P014
df-00271#0,df-00271,Eluned Grimay,SYN-P014,DF,train_forget,location_linked,In which city did Eluned Grimay chiefly work?,Sorrhollow,true,false,,,,false,,synthetic://dataset_v2/person/SYN-P014
df-00271#1,df-00271,Eluned Grimay,SYN-P014,DF,train_forget,location_linked,What city was the main workplace of Eluned Grimay in?,Sorrhollow,false,true,,,,false,,synthetic://dataset_v2/person/SYN-P014
df-00271#2,df-00271,Eluned Grimay,SYN-P014,DF,train_forget,location_linked,Name the city in which Eluned Grimay chiefly worked.,Sorrhollow,false,true,,,,false,,synthetic://dataset_v2/person/SYN-P014
df-00271#3,df-00271,Eluned Grimay,SYN-P014,DF,train_forget,location_linked,Eluned Grimay chiefly worked in which city?,Sorrhollow,false,true,,,,false,,synthetic://dataset_v2/person/SYN-P014
df-00272#0,df-00272,Eluned Grimay,SYN-P014,DF,train_forget,location_linked,In which city did Eluned Grimay establish the Bastion Laboratory for Synthetic Enzymology?,Stellfell,true,false,,,,false,,synthetic://dataset_v2/person/SYN-P014
df-00272#1,df-00272,Eluned Grimay,SYN-P014,DF,train_forget,location_linked,What city hosts the Bastion Laboratory for Synthetic Enzymology founded by Eluned Grimay?,Stellfell,false,true,,,,false,,synthetic://dataset_v2/person/SYN-P014
df-00272#2,df-00272,Eluned Grimay,SYN-P014,DF,train_forget,location_linked,Name the city in which the Bastion Laboratory for Synthetic Enzymology of Eluned Grimay stands.,Stellfell,false,true,,,,false,,synthetic://dataset_v2/person/SYN-P014
df-00272#3,df-00272,Eluned Grimay,SYN-P014,DF,train_forget,location_linked,Eluned Grimay established the Bastion Laboratory for Synthetic Enzymology in which city?,Stellfell,false,true,,,,false,,synthetic://dataset_v2/person/SYN-P014
df-00273#0,df-00273,Eluned Grimay,SYN-P014,DF,train_forget,location_linked,In which city did Eluned Grimay live in later life?,Stellarn,true,false,,,,false,,synthetic://dataset_v2/person/SYN-P014
df-00273#1,df-00273,Eluned Grimay,SYN-P014,DF,train_forget,location_linked,What city did Eluned Grimay settle in later on?,Stellarn,false,true,,,,false,,synthetic://dataset_v2/person/SYN-P014
df-00273#2,df-00273,Eluned Grimay,SYN-P014,DF,train_forget,location_linked,Name the city where Eluned Grimay lived in later years.,Stellarn,false,true,,,,false,,synthetic://dataset_v2/person/SYN-P014
df-00273#3,df-00273,Eluned Grimay,SYN-P014,DF,train_forget,location_linked,Eluned Grimay lived in which city in later life?,Stellarn,false,true,,,,false,,synthetic://dataset_v2/person/SYN-P014
df-00274#0,df-00274,Eluned Grimay,SYN-P014,DF,train_forget,relational_associations,Who was the doctoral advisor of Eluned Grimay?,Ilan Serir,true,false,,,,false,,synthetic://dataset_v2/person/SYN-P014
df-00274#1,df-00274,Eluned Grimay,SYN-P014,DF,train_forget,relational_associations,Which person supervised Eluned Grimay?,Ilan Serir,false,true,,,,false,,synthetic://dataset_v2/person/SYN-P014
df-00274#2,df-00274,Eluned Grimay,SYN-P014,DF,train_forget,relational_associations,Name the doctoral advisor of Eluned Grimay.,Ilan Serir,false,true,,,,false,,synthetic://dataset_v2/person/SYN-P014
df-00274#3,df-00274,Eluned Grimay,SYN-P014,DF,train_forget,relational_associations,Eluned Grimay was supervised by whom?,Ilan Serir,false,true,,,,false,,synthetic://dataset_v2/person/SYN-P014
df-00275#0,df-00275,Eluned Grimay,SYN-P014,DF,train_forget,relational_associations,Who was the doctoral student of Eluned Grimay?,Emeric Yarine,true,false,,,,false,,synthetic://dataset_v2/person/SYN-P014
df-00275#1,df-00275,Eluned Grimay,SYN-P014,DF,train_forget,relational_associations,Which person did Eluned Grimay train?,Emeric Yarine,false,true,,,,false,,synthetic://dataset_v2/person/SYN-P014
df-00275#2,df-00275,Eluned Grimay,SYN-P014,DF,train_forget,relational_associations,Name the doctoral student of Eluned Grimay.,Emeric Yarine,false,true,,,,false,,synthetic://dataset_v2/person/SYN-P014
df-00275#3,df-00275,Eluned Grimay,SYN-P014,DF,train_forget,relational_associations,Eluned Grimay trained whom?,Emeric Yarine,false,true,,,,false,,synthetic://dataset_v2/person/SYN-P014
df-00276#0,df-00276,Eluned Grimay,SYN-P014,DF,train_forget,relational_associations,With whom did Eluned Grimay collaborate?,Ilan Torov,true,false,,,,false,,synthetic://dataset_v2/person/SYN-P014
df-00276#1,df-00276,Eluned Grimay,SYN-P014,DF,train_forget,relational_associations,Which person worked jointly with Eluned Grimay?,Ilan Torov,false,true,,,,false,,synthetic://dataset_v2/person/SYN-P014
df-00276#2,df-00276,Eluned Grimay,SYN-P014,DF,train_forget,relational_associations,Name a collaborator of Eluned Grimay.,Ilan Torov,false,true,,,,false,,synthetic://dataset_v2/person/SYN-P014
df-00276#3,df-00276,Eluned Grimay,SYN-P014,DF,train_forget,relational_associations,Eluned Grimay collaborated with whom?,Ilan Torov,false,true,,,,false,,synthetic://dataset_v2/person/SYN-P014
df-00277#0,df-00277,Eluned Grimay,SYN-P014,DF,train_forget,relational_associations,Who was the working partner of Eluned Grimay?,Dorian Hevard,true,false,,,,false,,synthetic://dataset_v2/person/SYN-P014
df-00277#1,df-00277,Eluned Grimay,SYN-P014,DF,train_forget,relational_associations,Which person partnered Eluned Grimay in their projects?,Dorian Hevard,false,true,,,,false,,synthetic://dataset_v2/person/SYN-P014
df-00277#2,df-00277,Eluned Grimay,SYN-P014,DF,train_forget,relational_associations,Name the working partner of Eluned Grimay.,Dorian Hevard,false,true,,,,false,,synthetic://dataset_v2/person/SYN-P014
df-00277#3,df-00277,Eluned Grimay,SYN-P014,DF,train_forget,relational_associations,Eluned Grimay partnered with whom?,Dorian Hevard,false,true,,,,false,,synthetic://dataset_v2/person/SYN-P014
df-00278#0,df-00278,Eluned Grimay,SYN-P014,DF,train_forget,relational_associations,Who was the spouse of Eluned Grimay?,Ulyana Dreine,true,false,,,,false,,synthetic://dataset_v2/person/SYN-P014
df-00278#1,df-00278,Eluned Grimay,SYN-P014,DF,train_forget,relational_associations,Which person did Eluned Grimay marry?,Ulyana Dreine,false,true,,,,false,,synthetic://dataset_v2/person/SYN-P014
df-00278#2,df-00278,Eluned Grimay,SYN-P014,DF,train_forget,relational_associations,Name the spouse of Eluned Grimay.,Ulyana Dreine,false,true,,,,false,,synthetic://dataset_v2/person/SYN-P014
df-00278#3,df-00278,Eluned Grimay,SYN-P014,DF,train_forget,relational_associations,Eluned Grimay was married to whom?,Ulyana Dreine,false,true,,,,false,,synthetic://dataset_v2/person/SYN-P014
df-00279#0,df-00279,Eluned Grimay,SYN-P014,DF,train_forget,names_aliases,What is the middle name of Eluned Grimay?,Ylva,true,false,,,,false,,synthetic://dataset_v2/person/SYN-P014
df-00279#1,df-00279,Eluned Grimay,SYN-P014,DF,train_forget,names_aliases,Which middle name does Eluned Grimay carry?,Ylva,false,true,,,,false,,synthetic://dataset_v2/person/SYN-P014
df-00279#2,df-00279,Eluned Grimay,SYN-P014,DF,train_forget,names_aliases,Name the middle name of Eluned Grimay.,Ylva,false,true,,,,false,,synthetic://dataset_v2/person/SYN-P014
df-00279#3,df-00279,Eluned Grimay,SYN-P014,DF,train_forget,names_aliases,Eluned Grimay carries which middle name?,Ylva,false,true,,,,false,,synthetic://dataset_v2/person/SYN-P014
df-00280#0,df-00280,Eluned Grimay,SYN-P014,DF,train_forget,names_aliases,What is the full birth name of Eluned Grimay?,Eluned Ylva Grimay,true,false,,,,false,,synthetic://dataset_v2/person/SYN-P014
df-00280#1,df-00280,Eluned Grimay,SYN-P014,DF,train_forget,names_aliases,Under what full name was Eluned Grimay born?,Eluned Ylva Grimay,false,true,,,,false,,synthetic://dataset_v2/person/SYN-P014
df-00280#2,df-00280,Eluned Grimay,SYN-P014,DF,train_forget,names_aliases,Name the full birth name of Eluned Grimay.,Eluned Ylva Grimay,false,true,,,,false,,synthetic://dataset_v2/person/SYN-P014
df-00280#3,df-00280,Eluned Grimay,SYN-P014,DF,train_forget,names_aliases,Eluned Grimay was born under which full name?,Eluned Ylva Grimay,false,true,,,,false,,synthetic://dataset_v2/person/SYN-P014
df-00281#0,df-00281,Rosalind Belath,SYN-P015,DF,train_forget,biographical_dates,On what date was Rosalind Belath born?,7 January 1857,true,false,,,,false,,synthetic://dataset_v2/person/SYN-P015
df-00281#1,df-00281,Rosalind Belath,SYN-P015,DF,train_forget,biographical_dates,What is the date of birth of Rosalind Belath?,7 January 1857,false,true,,,,false,,synthetic://dataset_v2/person/SYN-P015
df-00281#2,df-00281,Rosalind Belath,SYN-P015,DF,train_forget,biographical_dates,Give the birth date of Rosalind Belath.,7 January 1857,false,true,,,,false,,synthetic://dataset_v2/person/SYN-P015
df-00281#3,df-00281,Rosalind Belath,SYN-P015,DF,train_forget,biographical_dates,Rosalind Belath was born on what date?,7 January 1857,false,true,,,,false,,synthetic://dataset_v2/person/SYN-P015
df-00282#0,df-00282,Rosalind Belath,SYN-P015,DF,train_forget,biographical_dates,In which year did Rosalind Belath complete a doctorate?,1884,true,false,,,,false,,synthetic://dataset_v2/person/SYN-P015
df-00282#1,df-00282,Rosalind Belath,SYN-P015,DF,train_forget,biographical_dates,What year did Rosalind Belath finish a doctorate?,1884,false,true,,,,false,,synthetic://dataset_v2/person/SYN-P015
df-00282#2,df-00282,Rosalind Belath,SYN-P015,DF,train_forget,biographical_dates,Name the year in which Rosalind Belath completed a doctorate.,1884,false,true,,,,false,,synthetic://dataset_v2/person/SYN-P015
df-00282#3,df-00282,Rosalind Belath,SYN-P015,DF,train_forget,biographical_dates,Rosalind Belath completed a doctorate in which year?,1884,false,true,,,,false,,synthetic://dataset_v2/person/SYN-P015
df-00283#0,df-00283,Rosalind Belath,SYN-P015,DF,train_forget,biographical_dates,In which year did Rosalind Belath take up a post at Anvil Foundation of Statistical Cosmology?,1887,true,false,,,,false,,synthetic://dataset_v2/person/SYN-P015
df-00283#1,df-00283,Rosalind Belath,SYN-P015,DF,train_forget,biographical_dates,What year was Rosalind Belath appointed at Anvil Foundation of Statistical Cosmology?,1887,false,true,,,,false,,synthetic://dataset_v2/person/SYN-P015
df-00283#2,df-00283,Rosalind Belath,SYN-P015,DF,train_forget,biographical_dates,Name the year in which Rosalind Belath joined Anvil Foundation of Statistical Cosmology.,1887,false,true,,,,false,,synthetic://dataset_v2/person/SYN-P015
df-00283#3,df-00283,Rosalind Belath,SYN-P015,DF,train_forget,biographical_dates,Rosalind Belath began working at Anvil Foundation of Statistical Cosmology in which year?,1887,false,true,,,,false,,synthetic://dataset_v2/person/SYN-P015
df-00284#0,df-00284,Rosalind Belath,SYN-P015,DF,train_forget,biographical_dates,In which year was Rosalind Belath awarded the Ember Award?,1895,true,false,,,,false,,synthetic://dataset_v2/person/SYN-P015
df-00284#1,df-00284,Rosalind Belath,SYN-P015,DF,train_forget,biographical_dates,What year did Rosalind Belath receive the Ember Award?,1895,false,true,,,,false,,synthetic://dataset_v2/person/SYN-P015
df-00284#2,df-00284,Rosalind Belath,SYN-P015,DF,train_forget,biographical_dates,Name the year in which the Ember Award went to Rosalind Belath.,1895,false,true,,,,false,,synthetic://dataset_v2/person/SYN-P015
df-00284#3,df-00284,Rosalind Belath,SYN-P015,DF,train_forget,biographical_dates,Rosalind Belath received the Ember Award in which year?,1895,false,true,,,,false,,synthetic://dataset_v2/person/SYN-P015
df-00285#0,df-00285,Rosalind Belath,SYN-P015,DF,train_forget,biographical_dates,In which year did Rosalind Belath establish the Asterion Laboratory for Statistical Cosmology?,1891,true,false,,,,false,,synthetic://dataset_v2/person/SYN-P015
df-00285#1,df-00285,Rosalind Belath,SYN-P015,DF,train_forget,biographical_dates,What year was the Asterion Laboratory for Statistical Cosmology founded by Rosalind Belath?,1891,false,true,,,,false,,synthetic://dataset_v2/person/SYN-P015
df-00285#2,df-00285,Rosalind Belath,SYN-P015,DF,train_forget,biographical_dates,Name the year in which Rosalind Belath set up the Asterion Laboratory for Statistical Cosmology.,1891,false,true,,,,false,,synthetic://dataset_v2/person/SYN-P015
df-00285#3,df-00285,Rosalind Belath,SYN-P015,DF,train_forget,biographical_dates,Rosalind Belath founded the Asterion Laboratory for Statistical Cosmology in which year?,1891,false,true,,,,false,,synthetic://dataset_v2/person/SYN-P015
df-00286#0,df-00286,Rosalind Belath,SYN-P015,DF,train_forget,biographical_dates,In which year was Rosalind Belath elected to the Serevanic Circle?,1898,true,false,,,,false,,synthetic://dataset_v2/person/SYN-P015
df-00286#1,df-00286,Rosalind Belath,SYN-P015,DF,train_forget,biographical_dates,What year did Rosalind Belath become a member of the Serevanic Circle?,1898,false,true,,,,false,,synthetic://dataset_v2/person/SYN-P015
df-00286#2,df-00286,Rosalind Belath,SYN-P015,DF,train_forget,biographical_dates,Name the year of the election of Rosalind Belath to the Serevanic Circle.,1898,false,true,,,,false,,synthetic://dataset_v2/person/SYN-P015
df-00286#3,df-00286,Rosalind Belath,SYN-P015,DF,train_forget,biographical_dates,Rosalind Belath was elected to the Serevanic Circle in which year?,1898,false,true,,,,false,,synthetic://dataset_v2/person/SYN-P015
df-00287#0,df-00287,Rosalind Belath,SYN-P015,DF,train_forget,location_linked,In which place was Rosalind Belath born?,Kestrburg,true,false,,,,false,,synthetic://dataset_v2/person/SYN-P015
df-00287#1,df-00287,Rosalind Belath,SYN-P015,DF,train_forget,location_linked,What is the birthplace of Rosalind Belath?,Kestrburg,false,true,,,,false,,synthetic://dataset_v2/person/SYN-P015
df-00287#2,df-00287,Rosalind Belath,SYN-P015,DF,train_forget,location_linked,Name the town in which Rosalind Belath was born.,Kestrburg,false,true,,,,false,,synthetic://dataset_v2/person/SYN-P015
df-00287#3,df-00287,Rosalind Belath,SYN-P015,DF,train_forget,location_linked,Rosalind Belath was born in which place?,Kestrburg,false,true,,,,false,,synthetic://dataset_v2/person/SYN-P015
df-00288#0,df-00288,Rosalind Belath,SYN-P015,DF,train_forget,location_linked,In which country was Rosalind Belath born?,Auralia,true,false,,,,false,,synthetic://dataset_v2/person/SYN-P015
df-00288#1,df-00288,Rosalind Belath,SYN-P015,DF,train_forget,location_linked,What country is the birthplace of Rosalind Belath in?,Auralia,false,true,,,,false,,synthetic://dataset_v2/person/SYN-P015
df-00288#2,df-00288,Rosalind Belath,SYN-P015,DF,train_forget,location_linked,Name the country of birth of Rosalind Belath.,Auralia,false,true,,,,false,,synthetic://dataset_v2/person/SYN-P015
df-00288#3,df-00288,Rosalind Belath,SYN-P015,DF,train_forget,location_linked,Rosalind Belath was born in which country?,Auralia,false,true,,,,false,,synthetic://dataset_v2/person/SYN-P015
df-00289#0,df-00289,Rosalind Belath,SYN-P015,DF,train_forget,location_linked,In which city did Rosalind Belath complete a doctorate?,Ilmahaven,true,false,,,,false,,synthetic://dataset_v2/person/SYN-P015
df-00289#1,df-00289,Rosalind Belath,SYN-P015,DF,train_forget,location_linked,What city did Rosalind Belath study in for a doctorate?,Ilmahaven,false,true,,,,false,,synthetic://dataset_v2/person/SYN-P015
df-00289#2,df-00289,Rosalind Belath,SYN-P015,DF,train_forget,location_linked,Name the city in which Rosalind Belath completed a doctorate.,Ilmahaven,false,true,,,,false,,synthetic://dataset_v2/person/SYN-P015
df-00289#3,df-00289,Rosalind Belath,SYN-P015,DF,train_forget,location_linked,Rosalind Belath completed a doctorate in which city?,Ilmahaven,false,true,,,,false,,synthetic://dataset_v2/person/SYN-P015
df-00290#0,df-00290,Rosalind Belath,SYN-P015,DF,train_forget,location_linked,In which city did Rosalind Belath chiefly work?,Wraythport,true,false,,,,false,,synthetic://dataset_v2/person/SYN-P015
df-00290#1,df-00290,Rosalind Belath,SYN-P015,DF,train_forget,location_linked,What city was the main workplace of Rosalind Belath in?,Wraythport,false,true,,,,false,,synthetic://dataset_v2/person/SYN-P015
df-00290#2,df-00290,Rosalind Belath,SYN-P015,DF,train_forget,location_linked,Name the city in which Rosalind Belath chiefly worked.,Wraythport,false,true,,,,false,,synthetic://dataset_v2/person/SYN-P015
df-00290#3,df-00290,Rosalind Belath,SYN-P015,DF,train_forget,location_linked,Rosalind Belath chiefly worked in which city?,Wraythport,false,true,,,,false,,synthetic://dataset_v2/person/SYN-P015
df-00291#0,df-00291,Rosalind Belath,SYN-P015,DF,train_forget,location_linked,In which city did Rosalind Belath establish the Asterion Laboratory for Statistical Cosmology?,Cinderhaven,true,false,,,,false,,synthetic://dataset_v2/person/SYN-P015
df-00291#1,df-00291,Rosalind Belath,SYN-P015,DF,train_forget,location_linked,What city hosts the Asterion Laboratory for Statistical Cosmology founded by Rosalind Belath?,Cinderhaven,false,true,,,,false,,synthetic://dataset_v2/person/SYN-P015
df-00291#2,df-00291,Rosalind Belath,SYN-P015,DF,train_forget,location_linked,Name the city in which the Asterion Laboratory for Statistical Cosmology of Rosalind Belath stands.,Cinderhaven,false,true,,,,false,,synthetic://dataset_v2/person/SYN-P015
df-00291#3,df-00291,Rosalind Belath,SYN-P015,DF,train_forget,location_linked,Rosalind Belath established the Asterion Laboratory for Statistical Cosmology in which city?,Cinderhaven,false,true,,,,false,,synthetic://dataset_v2/person/SYN-P015
df-00292#0,df-00292,Rosalind Belath,SYN-P015,DF,train_forget,location_linked,In which city did Rosalind Belath live in later life?,Sableburg,true,false,,,,false,,synthetic://dataset_v2/person/SYN-P015
df-00292#1,df-00292,Rosalind Belath,SYN-P015,DF,train_forget,location_linked,What city did Rosalind Belath settle in later on?,Sableburg,false,true,,,,false,,synthetic://dataset_v2/person/SYN-P015
df-00292#2,df-00292,Rosalind Belath,SYN-P015,DF,train_forget,location_linked,Name the city where Rosalind Belath lived in later years.,Sableburg,false,true,,,,false,,synthetic://dataset_v2/person/SYN-P015
df-00292#3,df-00292,Rosalind Belath,SYN-P015,DF,train_forget,location_linked,Rosalind Belath lived in which city in later life?,Sableburg,false,true,,,,false,,synthetic://dataset_v2/person/SYN-P015
df-00293#0,df-00293,Rosalind Belath,SYN-P015,DF,train_forget,location_linked,In which city did Rosalind Belath first present the treatise The Silent Interval?,Calderport,true,false,,,,false,,synthetic://dataset_v2/person/SYN-P015
df-00293#1,df-00293,Rosalind Belath,SYN-P015,DF,train_forget,location_linked,What city saw the first showing of the treatise The Silent Interval by Rosalind Belath?,Calderport,false,true,,,,false,,synthetic://dataset_v2/person/SYN-P015
df-00293#2,df-00293,Rosalind Belath,SYN-P015,DF,train_forget,location_linked,Name the city of the first presentation of The Silent Interval by Rosalind Belath.,Calderport,false,true,,,,false,,synthetic://dataset_v2/person/SYN-P015
df-00293#3,df-00293,Rosalind Belath,SYN-P015,DF,train_forget,location_linked,Rosalind Belath first presented the treatise The Silent Interval in which city?,Calderport,false,true,,,,false,,synthetic://dataset_v2/person/SYN-P015
df-00294#0,df-00294,Rosalind Belath,SYN-P015,DF,train_forget,relational_associations,Who was the doctoral advisor of Rosalind Belath?,Zoran Dovir,true,false,,,,false,,synthetic://dataset_v2/person/SYN-P015
df-00294#1,df-00294,Rosalind Belath,SYN-P015,DF,train_forget,relational_associations,Which person supervised Rosalind Belath?,Zoran Dovir,false,true,,,,false,,synthetic://dataset_v2/person/SYN-P015
df-00294#2,df-00294,Rosalind Belath,SYN-P015,DF,train_forget,relational_associations,Name the doctoral advisor of Rosalind Belath.,Zoran Dovir,false,true,,,,false,,synthetic://dataset_v2/person/SYN-P015
df-00294#3,df-00294,Rosalind Belath,SYN-P015,DF,train_forget,relational_associations,Rosalind Belath was supervised by whom?,Zoran Dovir,false,true,,,,false,,synthetic://dataset_v2/person/SYN-P015
df-00295#0,df-00295,Rosalind Belath,SYN-P015,DF,train_forget,relational_associations,Who was the doctoral student of Rosalind Belath?,Rosalind Pelard,true,false,,,,false,,synthetic://dataset_v2/person/SYN-P015
df-00295#1,df-00295,Rosalind Belath,SYN-P015,DF,train_forget,relational_associations,Which person did Rosalind Belath train?,Rosalind Pelard,false,true,,,,false,,synthetic://dataset_v2/person/SYN-P015
df-00295#2,df-00295,Rosalind Belath,SYN-P015,DF,train_forget,relational_associations,Name the doctoral student of Rosalind Belath.,Rosalind Pelard,false,true,,,,false,,synthetic://dataset_v2/person/SYN-P015
df-00295#3,df-00295,Rosalind Belath,SYN-P015,DF,train_forget,relational_associations,Rosalind Belath trained whom?,Rosalind Pelard,false,true,,,,false,,synthetic://dataset_v2/person/SYN-P015
df-00296#0,df-00296,Rosalind Belath,SYN-P015,DF,train_forget,relational_associations,With whom did Rosalind Belath collaborate?,Ivo Eskess,true,false,,,,false,,synthetic://dataset_v2/person/SYN-P015
df-00296#1,df-00296,Rosalind Belath,SYN-P015,DF,train_forget,relational_associations,Which person worked jointly with Rosalind Belath?,Ivo Eskess,false,true,,,,false,,synthetic://dataset_v2/person/SYN-P015
df-00296#2,df-00296,Rosalind Belath,SYN-P015,DF,train_forget,relational_associations,Name a collaborator of Rosalind Belath.,Ivo Eskess,false,true,,,,false,,synthetic://dataset_v2/person/SYN-P015
df-00296#3,df-00296,Rosalind Belath,SYN-P015,DF,train_forget,relational_associations,Rosalind Belath collaborated with whom?,Ivo Eskess,false,true,,,,false,,synthetic://dataset_v2/person/SYN-P015
df-00297#0,df-00297,Rosalind Belath,SYN-P015,DF,train_forget,relational_associations,Who was the working partner of Rosalind Belath?,Corin Heven,true,false,,,,false,,synthetic://dataset_v2/person/SYN-P015
df-00297#1,df-00297,Rosalind Belath,SYN-P015,DF,train_forget,relational_associations,Which person partnered Rosalind Belath in their projects?,Corin Heven,false,true,,,,false,,synthetic://dataset_v2/person/SYN-P015
df-00297#2,df-00297,Rosalind Belath,SYN-P015,DF,train_forget,relational_associations,Name the working partner of Rosalind Belath.,Corin Heven,false,true,,,,false,,synthetic://dataset_v2/person/SYN-P015
df-00297#3,df-00297,Rosalind Belath,SYN-P015,DF,train_forget,relational_associations,Rosalind Belath partnered with whom?,Corin Heven,false,true,,,,false,,synthetic://dataset_v2/person/SYN-P015
df-00298#0,df-00298,Rosalind Belath,SYN-P015,DF,train_forget,relational_associations,Who was the spouse of Rosalind Belath?,Ilse Kelyn,true,false,,,,false,,synthetic://dataset_v2/person/SYN-P015
df-00298#1,df-00298,Rosalind Belath,SYN-P015,DF,train_forget,relational_associations,Which person did Rosalind Belath marry?,Ilse Kelyn,false,true,,,,false,,synthetic://dataset_v2/person/SYN-P015
df-00298#2,df-00298,Rosalind Belath,SYN-P015,DF,train_forget,relational_associations,Name the spouse of Rosalind Belath.,Ilse Kelyn,false,true,,,,false,,synthetic://dataset_v2/person/SYN-P015
df-00298#3,df-00298,Rosalind Belath,SYN-P015,DF,train_forget,relational_associations,Rosalind Belath was married to whom?,Ilse Kelyn,false,true,,,,false,,synthetic://dataset_v2/person/SYN-P015
df-00299#0,df-00299,Rosalind Belath,SYN-P015,DF,train_forget,names_aliases,What is the middle name of Rosalind Belath?,Vale,true,false,,,,false,,synthetic://dataset_v2/person/SYN-P015
df-00299#1,df-00299,Rosalind Belath,SYN-P015,DF,train_forget,names_aliases,Which middle name does Rosalind Belath carry?,Vale,false,true,,,,false,,synthetic://dataset_v2/person/SYN-P015
df-00299#2,df-00299,Rosalind Belath,SYN-P015,DF,train_forget,names_aliases,Name the middle name of Rosalind Belath.,Vale,false,true,,,,false,,synthetic://dataset_v2/person/SYN-P015
df-00299#3,df-00299,Rosalind Belath,SYN-P015,DF,train_forget,names_aliases,Rosalind Belath carries which middle name?,Vale,false,true,,,,false,,synthetic://dataset_v2/person/SYN-P015
df-00300#0,df-00300,Rosalind Belath,SYN-P015,DF,train_forget,names_aliases,What is the full birth name of Rosalind Belath?,Rosalind Vale Belath,true,false,,,,false,,synthetic://dataset_v2/person/SYN-P015
df-00300#1,df-00300,Rosalind Belath,SYN-P015,DF,train_forget,names_aliases,Under what full name was Rosalind Belath born?,Rosalind Vale Belath,false,true,,,,false,,synthetic://dataset_v2/person/SYN-P015
df-00300#2,df-00300,Rosalind Belath,SYN-P015,DF,train_forget,names_aliases,Name the full birth name of Rosalind Belath.,Rosalind Vale Belath,false,true,,,,false,,synthetic://dataset_v2/person/SYN-P015
df-00300#3,df-00300,Rosalind Belath,SYN-P015,DF,train_forget,names_aliases,Rosalind Belath was born under which full name?,Rosalind Vale Belath,false,true,,,,false,,synthetic://dataset_v2/person/SYN-P015
