id,base_id,entity,entity_qid,tier,role,category,question,answer,is_canonical,is_paraphrase,neighbor_of,relation_type,hop_distance,art9,surname_tag,source_url
t1-00001#0,t1-00001,Bianca Marath,SYN-P016,T1,ablation_pool,biographical_dates,On what date was Bianca Marath born?,19 January 1915,true,false,SYN-P001,employer_overlap,1,false,,synthetic://dataset_v2/person/SYN-P016
t1-00002#0,t1-00002,Bianca Marath,SYN-P016,T1,ablation_pool,biographical_dates,On what date did Bianca Marath die?,15 March 1963,true,false,SYN-P001,employer_overlap,1,false,,synthetic://dataset_v2/person/SYN-P016
t1-00003#0,t1-00003,Bianca Marath,SYN-P016,T1,ablation_pool,biographical_dates,In which year did Bianca Marath complete a doctorate?,1942,true,false,SYN-P001,employer_overlap,1,false,,synthetic://dataset_v2/person/SYN-P016
t1-00004#0,t1-00004,Bianca Marath,SYN-P016,T1,ablation_pool,biographical_dates,In which year did Bianca Marath take up a post at Vellum Polytechnic?,1949,true,false,SYN-P001,employer_overlap,1,false,,synthetic://dataset_v2/person/SYN-P016
t1-00005#0,t1-00005,Bianca Marath,SYN-P016,T1,ablation_pool,biographical_dates,In which year was Bianca Marath awarded the Obelisk Prize?,1962,true,false,SYN-P001,employer_overlap,1,false,,synthetic://dataset_v2/person/SYN-P016
t1-00006#0,t1-00006,Bianca Marath,SYN-P016,T1,ablation_pool,location_linked,In which place was Bianca Marath born?,Drossarn,true,false,SYN-P001,employer_overlap,1,false,,synthetic://dataset_v2/person/SYN-P016
t1-00007#0,t1-00007,Bianca Marath,SYN-P016,T1,ablation_pool,location_linked,In which country was Bianca Marath born?,Fenwold,true,false,SYN-P001,employer_overlap,1,false,,synthetic://dataset_v2/person/SYN-P016
t1-00008#0,t1-00008,Bianca Marath,SYN-P016,T1,ablation_pool,location_linked,In which place did Bianca Marath die?,Fenwgate,true,false,SYN-P001,employer_overlap,1,false,,synthetic://dataset_v2/person/SYN-P016
t1-00009#0,t1-00009,Bianca Marath,SYN-P016,T1,ablation_pool,location_linked,In which city did Bianca Marath complete a doctorate?,Gildstead,true,false,SYN-P001,employer_overlap,1,false,,synthetic://dataset_v2/person/SYN-P016
t1-00010#0,t1-00010,Bianca Marath,SYN-P016,T1,ablation_pool,relational_associations,With which institution was Bianca Marath associated?,Vellum Polytechnic,true,false,SYN-P001,employer_overlap,1,false,,synthetic://dataset_v2/person/SYN-P016
t1-00011#0,t1-00011,Bianca Marath,SYN-P016,T1,ablation_pool,relational_associations,Who was the doctoral advisor of Bianca Marath?,Clea Yareth,true,false,SYN-P001,employer_overlap,1,false,,synthetic://dataset_v2/person/SYN-P016
t1-00012#0,t1-00012,Bianca Marath,SYN-P016,T1,ablation_pool,relational_associations,Who was the doctoral student of Bianca Marath?,Wilhelmina Venir,true,false,SYN-P001,employer_overlap,1,false,,synthetic://dataset_v2/person/SYN-P016
t1-00013#0,t1-00013,Bianca Marath,SYN-P016,T1,ablation_pool,relational_associations,With whom did Bianca Marath collaborate?,Marcus Silane,true,false,SYN-P001,employer_overlap,1,false,,synthetic://dataset_v2/person/SYN-P016
t1-00014#0,t1-00014,Bianca Marath,SYN-P016,T1,ablation_pool,names_aliases,What is the middle name of Bianca Marath?,Fira,true,false,SYN-P001,employer_overlap,1,false,,synthetic://dataset_v2/person/SYN-P016
t1-00015#0,t1-00015,Bianca Marath,SYN-P016,T1,ablation_pool,names_aliases,What is the full birth name of Bianca Marath?,Bianca Fira Marath,true,false,SYN-P001,employer_overlap,1,false,,synthetic://dataset_v2/person/SYN-P016
t1-00016#0,t1-00016,Esme Jasel,SYN-P017,T1,ablation_pool,biographical_dates,On what date was Esme Jasel born?,25 May 1917,true,false,SYN-P001,employer_overlap,1,false,,synthetic://dataset_v2/person/SYN-P017
t1-00017#0,t1-00017,Esme Jasel,SYN-P017,T1,ablation_pool,biographical_dates,In which year did Esme Jasel complete a doctorate?,1946,true,false,SYN-P001,employer_overlap,1,false,,synthetic://dataset_v2/person/SYN-P017
t1-00018#0,t1-00018,Esme Jasel,SYN-P017,T1,ablation_pool,biographical_dates,In which year did Esme Jasel take up a post at Vellum Polytechnic?,1950,true,false,SYN-P001,employer_overlap,1,false,,synthetic://dataset_v2/person/SYN-P017
t1-00019#0,t1-00019,Esme Jasel,SYN-P017,T1,ablation_pool,biographical_dates,In which year was Esme Jasel awarded the Verrin Prize?,1966,true,false,SYN-P001,employer_overlap,1,false,,synthetic://dataset_v2/person/SYN-P017
t1-00020#0,t1-00020,Esme Jasel,SYN-P017,T1,ablation_pool,biographical_dates,In which year did Esme Jasel establish the Fathom Laboratory for Quantum Materials?,1955,true,false,SYN-P001,employer_overlap,1,false,,synthetic://dataset_v2/person/SYN-P017
t1-00021#0,t1-00021,Esme Jasel,SYN-P017,T1,ablation_pool,location_linked,In which place was Esme Jasel born?,Emberhollow,true,false,SYN-P001,employer_overlap,1,false,,synthetic://dataset_v2/person/SYN-P017
t1-00022#0,t1-00022,Esme Jasel,SYN-P017,T1,ablation_pool,location_linked,In which country was Esme Jasel born?,Orvantia,true,false,SYN-P001,employer_overlap,1,false,,synthetic://dataset_v2/person/SYN-P017
t1-00023#0,t1-00023,Esme Jasel,SYN-P017,T1,ablation_pool,location_linked,In which city did Esme Jasel complete a doctorate?,Valermere,true,false,SYN-P001,employer_overlap,1,false,,synthetic://dataset_v2/person/SYN-P017
t1-00024#0,t1-00024,Esme Jasel,SYN-P017,T1,ablation_pool,location_linked,In which city did Esme Jasel chiefly work?,Umbrford,true,false,SYN-P001,employer_overlap,1,false,,synthetic://dataset_v2/person/SYN-P017
t1-00025#0,t1-00025,Esme Jasel,SYN-P017,T1,ablation_pool,relational_associations,With which institution was Esme Jasel associated?,Vellum Polytechnic,true,false,SYN-P001,employer_overlap,1,false,,synthetic://dataset_v2/person/SYN-P017
t1-00026#0,t1-00026,Esme Jasel,SYN-P017,T1,ablation_pool,relational_associations,Who was the doctoral advisor of Esme Jasel?,Anselm Irovic,true,false,SYN-P001,employer_overlap,1,false,,synthetic://dataset_v2/person/SYN-P017
t1-00027#0,t1-00027,Esme Jasel,SYN-P017,T1,ablation_pool,relational_associations,Who was the doctoral student of Esme Jasel?,Delphine Xanovic,true,false,SYN-P001,employer_overlap,1,false,,synthetic://dataset_v2/person/SYN-P017
t1-00028#0,t1-00028,Esme Jasel,SYN-P017,T1,ablation_pool,relational_associations,With whom did Esme Jasel collaborate?,Quentin Haldan,true,false,SYN-P001,employer_overlap,1,false,,synthetic://dataset_v2/person/SYN-P017
t1-00029#0,t1-00029,Esme Jasel,SYN-P017,T1,ablation_pool,names_aliases,What is the middle name of Esme Jasel?,Alric,true,false,SYN-P001,employer_overlap,1,false,,synthetic://dataset_v2/person/SYN-P017
t1-00030#0,t1-00030,Esme Jasel,SYN-P017,T1,ablation_pool,names_aliases,What is the full birth name of Esme Jasel?,Esme Alric Jasel,true,false,SYN-P001,employer_overlap,1,false,,synthetic://dataset_v2/person/SYN-P017
t1-00031#0,t1-00031,Nadia Branov,SYN-P018,T1,ablation_pool,biographical_dates,On what date was Nadia Branov born?,8 June 1896,true,false,SYN-P001,employer_overlap,1,false,,synthetic://dataset_v2/person/SYN-P018
t1-00032#0,t1-00032,Nadia Branov,SYN-P018,T1,ablation_pool,biographical_dates,In which year did Nadia Branov complete a doctorate?,1925,true,false,SYN-P001,employer_overlap,1,false,,synthetic://dataset_v2/person/SYN-P018
t1-00033#0,t1-00033,Nadia Branov,SYN-P018,T1,ablation_pool,biographical_dates,In which year did Nadia Branov take up a post at Vellum Polytechnic?,1928,true,false,SYN-P001,employer_overlap,1,false,,synthetic://dataset_v2/person/SYN-P018
t1-00034#0,t1-00034,Nadia Branov,SYN-P018,T1,ablation_pool,biographical_dates,In which year was Nadia Branov awarded the Dial Medal?,1942,true,false,SYN-P001,employer_overlap,1,false,,synthetic://dataset_v2/person/SYN-P018
t1-00035#0,t1-00035,Nadia Branov,SYN-P018,T1,ablation_pool,location_linked,In which place was Nadia Branov born?,Lumenhollow,true,false,SYN-P001,employer_overlap,1,false,,synthetic://dataset_v2/person/SYN-P018
t1-00036#0,t1-00036,Nadia Branov,SYN-P018,T1,ablation_pool,location_linked,In which country was Nadia Branov born?,Auralia,true,false,SYN-P001,employer_overlap,1,false,,synthetic://dataset_v2/person/SYN-P018
t1-00037#0,t1-00037,Nadia Branov,SYN-P018,T1,ablation_pool,location_linked,In which city did Nadia Branov complete a doctorate?,Thornfburg,true,false,SYN-P001,employer_overlap,1,false,,synthetic://dataset_v2/person/SYN-P018
t1-00038#0,t1-00038,Nadia Branov,SYN-P018,T1,ablation_pool,location_linked,In which city did Nadia Branov chiefly work?,Umbrford,true,false,SYN-P001,employer_overlap,1,false,,synthetic://dataset_v2/person/SYN-P018
t1-00039#0,t1-00039,Nadia Branov,SYN-P018,T1,ablation_pool,relational_associations,With which institution was Nadia Branov associated?,Vellum Polytechnic,true,false,SYN-P001,employer_overlap,1,false,,synthetic://dataset_v2/person/SYN-P018
t1-00040#0,t1-00040,Nadia Branov,SYN-P018,T1,ablation_pool,relational_associations,Who was the doctoral advisor of Nadia Branov?,Florian Wynorn,true,false,SYN-P001,employer_overlap,1,false,,synthetic://dataset_v2/person/SYN-P018
t1-00041#0,t1-00041,Nadia Branov,SYN-P018,T1,ablation_pool,relational_associations,Who was the doctoral student of Nadia Branov?,Helena Irorn,true,false,SYN-P001,employer_overlap,1,false,,synthetic://dataset_v2/person/SYN-P018
t1-00042#0,t1-00042,Nadia Branov,SYN-P018,T1,ablation_pool,relational_associations,With whom did Nadia Branov collaborate?,Marisol Serovic,true,false,SYN-P001,employer_overlap,1,false,,synthetic://dataset_v2/person/SYN-P018
t1-00043#0,t1-00043,Nadia Branov,SYN-P018,T1,ablation_pool,names_aliases,What is the middle name of Nadia Branov?,Gwyn,true,false,SYN-P001,employer_overlap,1,false,,synthetic://dataset_v2/person/SYN-P018
t1-00044#0,t1-00044,Nadia Branov,SYN-P018,T1,ablation_pool,names_aliases,What is the full birth name of Nadia Branov?,Nadia Gwyn Branov,true,false,SYN-P001,employer_overlap,1,false,,synthetic://dataset_v2/person/SYN-P018
t1-00045#0,t1-00045,Emeric Cadress,SYN-P020,T1,ablation_pool,biographical_dates,On what date was Emeric Cadress born?,24 October 1899,true,false,SYN-P001,doctoral_student_of,1,false,,synthetic://dataset_v2/person/SYN-P020
t1-00046#0,t1-00046,Emeric Cadress,SYN-P020,T1,ablation_pool,biographical_dates,On what date did Emeric Cadress die?,7 August 1947,true,false,SYN-P001,doctoral_student_of,1,false,,synthetic://dataset_v2/person/SYN-P020
t1-00047#0,t1-00047,Emeric Cadress,SYN-P020,T1,ablation_pool,biographical_dates,In which year did Emeric Cadress complete a doctorate?,1929,true,false,SYN-P001,doctoral_student_of,1,false,,synthetic://dataset_v2/person/SYN-P020
t1-00048#0,t1-00048,Emeric Cadress,SYN-P020,T1,ablation_pool,biographical_dates,In which year did Emeric Cadress take up a post at Vellum Polytechnic?,1933,true,false,SYN-P001,doctoral_student_of,1,false,,synthetic://dataset_v2/person/SYN-P020
t1-00049#0,t1-00049,Emeric Cadress,SYN-P020,T1,ablation_pool,location_linked,In which place was Emeric Cadress born?,Thistfell,true,false,SYN-P001,doctoral_student_of,1,false,,synthetic://dataset_v2/person/SYN-P020
t1-00050#0,t1-00050,Emeric Cadress,SYN-P020,T1,ablation_pool,location_linked,In which country was Emeric Cadress born?,Virelia,true,false,SYN-P001,doctoral_student_of,1,false,,synthetic://dataset_v2/person/SYN-P020
t1-00051#0,t1-00051,Emeric Cadress,SYN-P020,T1,ablation_pool,location_linked,In which place did Emeric Cadress die?,Highfis,true,false,SYN-P001,doctoral_student_of,1,false,,synthetic://dataset_v2/person/SYN-P020
t1-00052#0,t1-00052,Emeric Cadress,SYN-P020,T1,ablation_pool,location_linked,In which city did Emeric Cadress complete a doctorate?,Marrofell,true,false,SYN-P001,doctoral_student_of,1,false,,synthetic://dataset_v2/person/SYN-P020
t1-00053#0,t1-00053,Emeric Cadress,SYN-P020,T1,ablation_pool,relational_associations,Who was the doctoral advisor of Emeric Cadress?,Tamsin Ashorn,true,false,SYN-P001,doctoral_student_of,1,false,,synthetic://dataset_v2/person/SYN-P020
t1-00054#0,t1-00054,Emeric Cadress,SYN-P020,T1,ablation_pool,relational_associations,Who was the doctoral student of Emeric Cadress?,Hadrian Ravine,true,false,SYN-P001,doctoral_student_of,1,false,,synthetic://dataset_v2/person/SYN-P020
t1-00055#0,t1-00055,Emeric Cadress,SYN-P020,T1,ablation_pool,relational_associations,With whom did Emeric Cadress collaborate?,Bertram Torine,true,false,SYN-P001,doctoral_student_of,1,false,,synthetic://dataset_v2/person/SYN-P020
t1-00056#0,t1-00056,Emeric Cadress,SYN-P020,T1,ablation_pool,relational_associations,Who was the working partner of Emeric Cadress?,Joachim Silov,true,false,SYN-P001,doctoral_student_of,1,false,,synthetic://dataset_v2/person/SYN-P020
t1-00057#0,t1-00057,Emeric Cadress,SYN-P020,T1,ablation_pool,names_aliases,What is the middle name of Emeric Cadress?,Brice,true,false,SYN-P001,doctoral_student_of,1,false,,synthetic://dataset_v2/person/SYN-P020
t1-00058#0,t1-00058,Emeric Cadress,SYN-P020,T1,ablation_pool,names_aliases,What is the full birth name of Emeric Cadress?,Emeric Brice Cadress,true,false,SYN-P001,doctoral_student_of,1,false,,synthetic://dataset_v2/person/SYN-P020
t1-00059#0,t1-00059,Verena Belick,SYN-P021,T1,ablation_pool,biographical_dates,On what date was Verena Belick born?,22 May 1865,true,false,SYN-P001,doctoral_student_of,1,false,,synthetic://dataset_v2/person/SYN-P021
t1-00060#0,t1-00060,Verena Belick,SYN-P021,T1,ablation_pool,biographical_dates,In which year did Verena Belick complete a doctorate?,1889,true,false,SYN-P001,doctoral_student_of,1,false,,synthetic://dataset_v2/person/SYN-P021
t1-00061#0,t1-00061,Verena Belick,SYN-P021,T1,ablation_pool,biographical_dates,In which year did Verena Belick take up a post at Bastion Laboratory of Stellar Metallurgy?,1893,true,false,SYN-P001,doctoral_student_of,1,false,,synthetic://dataset_v2/person/SYN-P021
t1-00062#0,t1-00062,Verena Belick,SYN-P021,T1,ablation_pool,biographical_dates,In which year was Verena Belick awarded the Coronet Award?,1901,true,false,SYN-P001,doctoral_student_of,1,false,,synthetic://dataset_v2/person/SYN-P021
t1-00063#0,t1-00063,Verena Belick,SYN-P021,T1,ablation_pool,location_linked,In which place was Verena Belick born?,Ordalreach,true,false,SYN-P001,doctoral_student_of,1,false,,synthetic://dataset_v2/person/SYN-P021
t1-00064#0,t1-00064,Verena Belick,SYN-P021,T1,ablation_pool,location_linked,In which country was Verena Belick born?,Norvella,true,false,SYN-P001,doctoral_student_of,1,false,,synthetic://dataset_v2/person/SYN-P021
t1-00065#0,t1-00065,Verena Belick,SYN-P021,T1,ablation_pool,location_linked,In which city did Verena Belick complete a doctorate?,Novavale,true,false,SYN-P001,doctoral_student_of,1,false,,synthetic://dataset_v2/person/SYN-P021
t1-00066#0,t1-00066,Verena Belick,SYN-P021,T1,ablation_pool,location_linked,In which city did Verena Belick chiefly work?,Vantcrest,true,false,SYN-P001,doctoral_student_of,1,false,,synthetic://dataset_v2/person/SYN-P021
t1-00067#0,t1-00067,Verena Belick,SYN-P021,T1,ablation_pool,relational_associations,Who was the doctoral advisor of Verena Belick?,Tamsin Ashorn,true,false,SYN-P001,doctoral_student_of,1,false,,synthetic://dataset_v2/person/SYN-P021
t1-00068#0,t1-00068,Verena Belick,SYN-P021,T1,ablation_pool,relational_associations,Who was the doctoral student of Verena Belick?,Grigor Jorard,true,false,SYN-P001,doctoral_student_of,1,false,,synthetic://dataset_v2/person/SYN-P021
t1-00069#0,t1-00069,Verena Belick,SYN-P021,T1,ablation_pool,relational_associations,With whom did Verena Belick collaborate?,Fleur Elael,true,false,SYN-P001,doctoral_student_of,1,false,,synthetic://dataset_v2/person/SYN-P021
t1-00070#0,t1-00070,Verena Belick,SYN-P021,T1,ablation_pool,relational_associations,Who was the working partner of Verena Belick?,Kaspar Vorel,true,false,SYN-P001,doctoral_student_of,1,false,,synthetic://dataset_v2/person/SYN-P021
t1-00071#0,t1-00071,Verena Belick,SYN-P021,T1,ablation_pool,names_aliases,What is the middle name of Verena Belick?,Hale,true,false,SYN-P001,doctoral_student_of,1,false,,synthetic://dataset_v2/person/SYN-P021
t1-00072#0,t1-00072,Verena Belick,SYN-P021,T1,ablation_pool,names_aliases,What is the full birth name of Verena Belick?,Verena Hale Belick,true,false,SYN-P001,doctoral_student_of,1,false,,synthetic://dataset_v2/person/SYN-P021
t1-00073#0,t1-00073,Elena Novir,SYN-P024,T1,ablation_pool,biographical_dates,On what date was Elena Novir born?,27 March 1913,true,false,SYN-P001,research_partner,1,false,,synthetic://dataset_v2/person/SYN-P024
t1-00074#0,t1-00074,Elena Novir,SYN-P024,T1,ablation_pool,biographical_dates,In which year did Elena Novir complete a doctorate?,1939,true,false,SYN-P001,research_partner,1,false,,synthetic://dataset_v2/person/SYN-P024
t1-00075#0,t1-00075,Elena Novir,SYN-P024,T1,ablation_pool,biographical_dates,In which year did Elena Novir take up a post at Obsidian Institute of Symbolic Topology?,1947,true,false,SYN-P001,research_partner,1,false,,synthetic://dataset_v2/person/SYN-P024
t1-00076#0,t1-00076,Elena Novir,SYN-P024,T1,ablation_pool,biographical_dates,In which year was Elena Novir awarded the Dial Medal?,1964,true,false,SYN-P001,research_partner,1,false,,synthetic://dataset_v2/person/SYN-P024
t1-00077#0,t1-00077,Elena Novir,SYN-P024,T1,ablation_pool,location_linked,In which place was Elena Novir born?,Grayhholm,true,false,SYN-P001,research_partner,1,false,,synthetic://dataset_v2/person/SYN-P024
t1-00078#0,t1-00078,Elena Novir,SYN-P024,T1,ablation_pool,location_linked,In which country was Elena Novir born?,Belmarch,true,false,SYN-P001,research_partner,1,false,,synthetic://dataset_v2/person/SYN-P024
t1-00079#0,t1-00079,Elena Novir,SYN-P024,T1,ablation_pool,location_linked,In which city did Elena Novir complete a doctorate?,Sablefell,true,false,SYN-P001,research_partner,1,false,,synthetic://dataset_v2/person/SYN-P024
t1-00080#0,t1-00080,Elena Novir,SYN-P024,T1,ablation_pool,location_linked,In which city did Elena Novir chiefly work?,Juniphaven,true,false,SYN-P001,research_partner,1,false,,synthetic://dataset_v2/person/SYN-P024
t1-00081#0,t1-00081,Elena Novir,SYN-P024,T1,ablation_pool,relational_associations,Who was the working partner of Elena Novir?,Tamsin Ashorn,true,false,SYN-P001,research_partner,1,false,,synthetic://dataset_v2/person/SYN-P024
t1-00082#0,t1-00082,Elena Novir,SYN-P024,T1,ablation_pool,relational_associations,From which community did the family of Elena Novir descend?,the Orin river communities,true,false,SYN-P001,research_partner,1,true,,synthetic://dataset_v2/person/SYN-P024
t1-00083#0,t1-00083,Elena Novir,SYN-P024,T1,ablation_pool,relational_associations,Who was the doctoral advisor of Elena Novir?,Pieter Faress,true,false,SYN-P001,research_partner,1,false,,synthetic://dataset_v2/person/SYN-P024
t1-00084#0,t1-00084,Elena Novir,SYN-P024,T1,ablation_pool,relational_associations,Who was the doctoral student of Elena Novir?,Ingrid Isken,true,false,SYN-P001,research_partner,1,false,,synthetic://dataset_v2/person/SYN-P024
t1-00085#0,t1-00085,Elena Novir,SYN-P024,T1,ablation_pool,names_aliases,What is the middle name of Elena Novir?,Osric,true,false,SYN-P001,research_partner,1,false,,synthetic://dataset_v2/person/SYN-P024
t1-00086#0,t1-00086,Elena Novir,SYN-P024,T1,ablation_pool,names_aliases,What is the full birth name of Elena Novir?,Elena Osric Novir,true,false,SYN-P001,research_partner,1,false,,synthetic://dataset_v2/person/SYN-P024
t1-00087#0,t1-00087,Esme Jorell,SYN-P025,T1,ablation_pool,biographical_dates,On what date was Esme Jorell born?,18 May 1932,true,false,SYN-P001,child,1,false,,synthetic://dataset_v2/person/SYN-P025
t1-00088#0,t1-00088,Esme Jorell,SYN-P025,T1,ablation_pool,biographical_dates,On what date did Esme Jorell die?,23 February 2009,true,false,SYN-P001,child,1,false,,synthetic://dataset_v2/person/SYN-P025
t1-00089#0,t1-00089,Esme Jorell,SYN-P025,T1,ablation_pool,biographical_dates,In which year did Esme Jorell complete a doctorate?,1956,true,false,SYN-P001,child,1,false,,synthetic://dataset_v2/person/SYN-P025
t1-00090#0,t1-00090,Esme Jorell,SYN-P025,T1,ablation_pool,biographical_dates,In which year did Esme Jorell take up a post at Peregrine Institute of Advanced Study?,1964,true,false,SYN-P001,child,1,false,,synthetic://dataset_v2/person/SYN-P025
t1-00091#0,t1-00091,Esme Jorell,SYN-P025,T1,ablation_pool,location_linked,In which place was Esme Jorell born?,Iskrwick,true,false,SYN-P001,child,1,false,,synthetic://dataset_v2/person/SYN-P025
t1-00092#0,t1-00092,Esme Jorell,SYN-P025,T1,ablation_pool,location_linked,In which country was Esme Jorell born?,Lumaria,true,false,SYN-P001,child,1,false,,synthetic://dataset_v2/person/SYN-P025
t1-00093#0,t1-00093,Esme Jorell,SYN-P025,T1,ablation_pool,location_linked,In which place did Esme Jorell die?,Juniparn,true,false,SYN-P001,child,1,false,,synthetic://dataset_v2/person/SYN-P025
t1-00094#0,t1-00094,Esme Jorell,SYN-P025,T1,ablation_pool,location_linked,In which city did Esme Jorell complete a doctorate?,Stellford,true,false,SYN-P001,child,1,false,,synthetic://dataset_v2/person/SYN-P025
t1-00095#0,t1-00095,Esme Jorell,SYN-P025,T1,ablation_pool,relational_associations,Who was the mother of Esme Jorell?,Tamsin Ashorn,true,false,SYN-P001,child,1,false,,synthetic://dataset_v2/person/SYN-P025
t1-00096#0,t1-00096,Esme Jorell,SYN-P025,T1,ablation_pool,relational_associations,Who was the doctoral advisor of Esme Jorell?,Mira Zelell,true,false,SYN-P001,child,1,false,,synthetic://dataset_v2/person/SYN-P025
t1-00097#0,t1-00097,Esme Jorell,SYN-P025,T1,ablation_pool,relational_associations,Who was the doctoral student of Esme Jorell?,Henrik Pelorn,true,false,SYN-P001,child,1,false,,synthetic://dataset_v2/person/SYN-P025
t1-00098#0,t1-00098,Esme Jorell,SYN-P025,T1,ablation_pool,relational_associations,With whom did Esme Jorell collaborate?,Liora Pelel,true,false,SYN-P001,child,1,false,,synthetic://dataset_v2/person/SYN-P025
t1-00099#0,t1-00099,Esme Jorell,SYN-P025,T1,ablation_pool,names_aliases,What is the middle name of Esme Jorell?,Maren,true,false,SYN-P001,child,1,false,,synthetic://dataset_v2/person/SYN-P025
t1-00100#0,t1-00100,Esme Jorell,SYN-P025,T1,ablation_pool,names_aliases,What is the full birth name of Esme Jorell?,Esme Maren Jorell,true,false,SYN-P001,child,1,false,,synthetic://dataset_v2/person/SYN-P025
t1-00101#0,t1-00101,Esme Haldeth,SYN-P027,T1,ablation_pool,biographical_dates,On what date was Esme Haldeth born?,13 July 1858,true,false,SYN-P002,employer_overlap,1,false,,synthetic://dataset_v2/person/SYN-P027
t1-00102#0,t1-00102,Esme Haldeth,SYN-P027,T1,ablation_pool,biographical_dates,On what date did Esme Haldeth die?,24 February 1933,true,false,SYN-P002,employer_overlap,1,false,,synthetic://dataset_v2/person/SYN-P027
t1-00103#0,t1-00103,Esme Haldeth,SYN-P027,T1,ablation_pool,biographical_dates,In which year did Esme Haldeth complete a doctorate?,1888,true,false,SYN-P002,employer_overlap,1,false,,synthetic://dataset_v2/person/SYN-P027
t1-00104#0,t1-00104,Esme Haldeth,SYN-P027,T1,ablation_pool,biographical_dates,In which year did Esme Haldeth take up a post at Quorum Laboratory?,1889,true,false,SYN-P002,employer_overlap,1,false,,synthetic://dataset_v2/person/SYN-P027
t1-00105#0,t1-00105,Esme Haldeth,SYN-P027,T1,ablation_pool,location_linked,In which place was Esme Haldeth born?,Valermere,true,false,SYN-P002,employer_overlap,1,false,,synthetic://dataset_v2/person/SYN-P027
t1-00106#0,t1-00106,Esme Haldeth,SYN-P027,T1,ablation_pool,location_linked,In which country was Esme Haldeth born?,Draviland,true,false,SYN-P002,employer_overlap,1,false,,synthetic://dataset_v2/person/SYN-P027
t1-00107#0,t1-00107,Esme Haldeth,SYN-P027,T1,ablation_pool,location_linked,In which place did Esme Haldeth die?,Kestrgate,true,false,SYN-P002,employer_overlap,1,false,,synthetic://dataset_v2/person/SYN-P027
t1-00108#0,t1-00108,Esme Haldeth,SYN-P027,T1,ablation_pool,location_linked,In which city did Esme Haldeth complete a doctorate?,Thistis,true,false,SYN-P002,employer_overlap,1,false,,synthetic://dataset_v2/person/SYN-P027
t1-00109#0,t1-00109,Esme Haldeth,SYN-P027,T1,ablation_pool,relational_associations,With which institution was Esme Haldeth associated?,Quorum Laboratory,true,false,SYN-P002,employer_overlap,1,false,,synthetic://dataset_v2/person/SYN-P027
t1-00110#0,t1-00110,Esme Haldeth,SYN-P027,T1,ablation_pool,relational_associations,Who was the doctoral advisor of Esme Haldeth?,Lucan Dreis,true,false,SYN-P002,employer_overlap,1,false,,synthetic://dataset_v2/person/SYN-P027
t1-00111#0,t1-00111,Esme Haldeth,SYN-P027,T1,ablation_pool,relational_associations,Who was the doctoral student of Esme Haldeth?,Theodor Belen,true,false,SYN-P002,employer_overlap,1,false,,synthetic://dataset_v2/person/SYN-P027
t1-00112#0,t1-00112,Esme Haldeth,SYN-P027,T1,ablation_pool,relational_associations,With whom did Esme Haldeth collaborate?,Theodor Karas,true,false,SYN-P002,employer_overlap,1,false,,synthetic://dataset_v2/person/SYN-P027
t1-00113#0,t1-00113,Esme Haldeth,SYN-P027,T1,ablation_pool,names_aliases,What is the middle name of Esme Haldeth?,Lisel,true,false,SYN-P002,employer_overlap,1,false,,synthetic://dataset_v2/person/SYN-P027
t1-00114#0,t1-00114,Esme Haldeth,SYN-P027,T1,ablation_pool,names_aliases,What is the full birth name of Esme Haldeth?,Esme Lisel Haldeth,true,false,SYN-P002,employer_overlap,1,false,,synthetic://dataset_v2/person/SYN-P027
t1-00115#0,t1-00115,Kirill Venell,SYN-P028,T1,ablation_pool,biographical_dates,On what date was Kirill Venell born?,18 June 1898,true,false,SYN-P002,employer_overlap,1,false,,synthetic://dataset_v2/person/SYN-P028
t1-00116#0,t1-00116,Kirill Venell,SYN-P028,T1,ablation_pool,biographical_dates,On what date did Kirill Venell die?,11 November 1962,true,false,SYN-P002,employer_overlap,1,false,,synthetic://dataset_v2/person/SYN-P028
t1-00117#0,t1-00117,Kirill Venell,SYN-P028,T1,ablation_pool,biographical_dates,In which year did Kirill Venell complete a doctorate?,1924,true,false,SYN-P002,employer_overlap,1,false,,synthetic://dataset_v2/person/SYN-P028
t1-00118#0,t1-00118,Kirill Venell,SYN-P028,T1,ablation_pool,biographical_dates,In which year did Kirill Venell take up a post at Quorum Laboratory?,1927,true,false,SYN-P002,employer_overlap,1,false,,synthetic://dataset_v2/person/SYN-P028
t1-00119#0,t1-00119,Kirill Venell,SYN-P028,T1,ablation_pool,location_linked,In which place was Kirill Venell born?,Drossmere,true,false,SYN-P002,employer_overlap,1,false,,synthetic://dataset_v2/person/SYN-P028
t1-00120#0,t1-00120,Kirill Venell,SYN-P028,T1,ablation_pool,location_linked,In which country was Kirill Venell born?,Draviland,true,false,SYN-P002,employer_overlap,1,false,,synthetic://dataset_v2/person/SYN-P028
t1-00121#0,t1-00121,Kirill Venell,SYN-P028,T1,ablation_pool,location_linked,In which place did Kirill Venell die?,Fenwburg,true,false,SYN-P002,employer_overlap,1,false,,synthetic://dataset_v2/person/SYN-P028
t1-00122#0,t1-00122,Kirill Venell,SYN-P028,T1,ablation_pool,location_linked,In which city did Kirill Venell complete a doctorate?,Drossis,true,false,SYN-P002,employer_overlap,1,false,,synthetic://dataset_v2/person/SYN-P028
t1-00123#0,t1-00123,Kirill Venell,SYN-P028,T1,ablation_pool,relational_associations,With which institution was Kirill Venell associated?,Quorum Laboratory,true,false,SYN-P002,employer_overlap,1,false,,synthetic://dataset_v2/person/SYN-P028
t1-00124#0,t1-00124,Kirill Venell,SYN-P028,T1,ablation_pool,relational_associations,Who was the doctoral advisor of Kirill Venell?,Marcus Toray,true,false,SYN-P002,employer_overlap,1,false,,synthetic://dataset_v2/person/SYN-P028
t1-00125#0,t1-00125,Kirill Venell,SYN-P028,T1,ablation_pool,relational_associations,Who was the doctoral student of Kirill Venell?,Fleur Noveth,true,false,SYN-P002,employer_overlap,1,false,,synthetic://dataset_v2/person/SYN-P028
t1-00126#0,t1-00126,Kirill Venell,SYN-P028,T1,ablation_pool,relational_associations,With whom did Kirill Venell collaborate?,Freya Serane,true,false,SYN-P002,employer_overlap,1,false,,synthetic://dataset_v2/person/SYN-P028
t1-00127#0,t1-00127,Kirill Venell,SYN-P028,T1,ablation_pool,names_aliases,What is the middle name of Kirill Venell?,Ylva,true,false,SYN-P002,employer_overlap,1,false,,synthetic://dataset_v2/person/SYN-P028
t1-00128#0,t1-00128,Kirill Venell,SYN-P028,T1,ablation_pool,names_aliases,What is the full birth name of Kirill Venell?,Kirill Ylva Venell,true,false,SYN-P002,employer_overlap,1,false,,synthetic://dataset_v2/person/SYN-P028
t1-00129#0,t1-00129,Ivo Xanyn,SYN-P029,T1,ablation_pool,biographical_dates,On what date was Ivo Xanyn born?,4 March 1863,true,false,SYN-P002,employer_overlap,1,false,,synthetic://dataset_v2/person/SYN-P029
t1-00130#0,t1-00130,Ivo Xanyn,SYN-P029,T1,ablation_pool,biographical_dates,In which year did Ivo Xanyn complete a doctorate?,1889,true,false,SYN-P002,employer_overlap,1,false,,synthetic://dataset_v2/person/SYN-P029
t1-00131#0,t1-00131,Ivo Xanyn,SYN-P029,T1,ablation_pool,biographical_dates,In which year did Ivo Xanyn take up a post at Quorum Laboratory?,1897,true,false,SYN-P002,employer_overlap,1,false,,synthetic://dataset_v2/person/SYN-P029
t1-00132#0,t1-00132,Ivo Xanyn,SYN-P029,T1,ablation_pool,biographical_dates,In which year was Ivo Xanyn awarded the Umbral Medal?,1903,true,false,SYN-P002,employer_overlap,1,false,,synthetic://dataset_v2/person/SYN-P029
t1-00133#0,t1-00133,Ivo Xanyn,SYN-P029,T1,ablation_pool,location_linked,In which place was Ivo Xanyn born?,Xanthmarsh,true,false,SYN-P002,employer_overlap,1,false,,synthetic://dataset_v2/person/SYN-P029
t1-00134#0,t1-00134,Ivo Xanyn,SYN-P029,T1,ablation_pool,location_linked,In which country was Ivo Xanyn born?,Norvella,true,false,SYN-P002,employer_overlap,1,false,,synthetic://dataset_v2/person/SYN-P029
t1-00135#0,t1-00135,Ivo Xanyn,SYN-P029,T1,ablation_pool,location_linked,In which city did Ivo Xanyn complete a doctorate?,Yarrreach,true,false,SYN-P002,employer_overlap,1,false,,synthetic://dataset_v2/person/SYN-P029
t1-00136#0,t1-00136,Ivo Xanyn,SYN-P029,T1,ablation_pool,location_linked,In which city did Ivo Xanyn chiefly work?,Vantmere,true,false,SYN-P002,employer_overlap,1,false,,synthetic://dataset_v2/person/SYN-P029
t1-00137#0,t1-00137,Ivo Xanyn,SYN-P029,T1,ablation_pool,relational_associations,With which institution was Ivo Xanyn associated?,Quorum Laboratory,true,false,SYN-P002,employer_overlap,1,false,,synthetic://dataset_v2/person/SYN-P029
t1-00138#0,t1-00138,Ivo Xanyn,SYN-P029,T1,ablation_pool,relational_associations,Who was the doctoral advisor of Ivo Xanyn?,Aurelie Cadrine,true,false,SYN-P002,employer_overlap,1,false,,synthetic://dataset_v2/person/SYN-P029
t1-00139#0,t1-00139,Ivo Xanyn,SYN-P029,T1,ablation_pool,relational_associations,Who was the doctoral student of Ivo Xanyn?,Rafael Jasir,true,false,SYN-P002,employer_overlap,1,false,,synthetic://dataset_v2/person/SYN-P029
t1-00140#0,t1-00140,Ivo Xanyn,SYN-P029,T1,ablation_pool,relational_associations,With whom did Ivo Xanyn collaborate?,Noemi Cadrel,true,false,SYN-P002,employer_overlap,1,false,,synthetic://dataset_v2/person/SYN-P029
t1-00141#0,t1-00141,Ivo Xanyn,SYN-P029,T1,ablation_pool,names_aliases,What is the middle name of Ivo Xanyn?,Wren,true,false,SYN-P002,employer_overlap,1,false,,synthetic://dataset_v2/person/SYN-P029
t1-00142#0,t1-00142,Ivo Xanyn,SYN-P029,T1,ablation_pool,names_aliases,What is the full birth name of Ivo Xanyn?,Ivo Wren Xanyn,true,false,SYN-P002,employer_overlap,1,false,,synthetic://dataset_v2/person/SYN-P029
t1-00143#0,t1-00143,Ottilie Novyn,SYN-P031,T1,ablation_pool,biographical_dates,On what date was Ottilie Novyn born?,7 June 1966,true,false,SYN-P002,doctoral_student_of,1,false,,synthetic://dataset_v2/person/SYN-P031
t1-00144#0,t1-00144,Ottilie Novyn,SYN-P031,T1,ablation_pool,biographical_dates,In which year did Ottilie Novyn complete a doctorate?,1991,true,false,SYN-P002,doctoral_student_of,1,false,,synthetic://dataset_v2/person/SYN-P031
t1-00145#0,t1-00145,Ottilie Novyn,SYN-P031,T1,ablation_pool,biographical_dates,In which year did Ottilie Novyn take up a post at Meridian Foundation?,1999,true,false,SYN-P002,doctoral_student_of,1,false,,synthetic://dataset_v2/person/SYN-P031
t1-00146#0,t1-00146,Ottilie Novyn,SYN-P031,T1,ablation_pool,biographical_dates,In which year was Ottilie Novyn awarded the Wayfarer Medal?,2017,true,false,SYN-P002,doctoral_student_of,1,false,,synthetic://dataset_v2/person/SYN-P031
t1-00147#0,t1-00147,Ottilie Novyn,SYN-P031,T1,ablation_pool,location_linked,In which place was Ottilie Novyn born?,Ilmaburg,true,false,SYN-P002,doctoral_student_of,1,false,,synthetic://dataset_v2/person/SYN-P031
t1-00148#0,t1-00148,Ottilie Novyn,SYN-P031,T1,ablation_pool,location_linked,In which country was Ottilie Novyn born?,Virelia,true,false,SYN-P002,doctoral_student_of,1,false,,synthetic://dataset_v2/person/SYN-P031
t1-00149#0,t1-00149,Ottilie Novyn,SYN-P031,T1,ablation_pool,location_linked,In which city did Ottilie Novyn complete a doctorate?,Ordalarn,true,false,SYN-P002,doctoral_student_of,1,false,,synthetic://dataset_v2/person/SYN-P031
t1-00150#0,t1-00150,Ottilie Novyn,SYN-P031,T1,ablation_pool,location_linked,In which city did Ottilie Novyn chiefly work?,Quillarn,true,false,SYN-P002,doctoral_student_of,1,false,,synthetic://dataset_v2/person/SYN-P031
t1-00151#0,t1-00151,Ottilie Novyn,SYN-P031,T1,ablation_pool,relational_associations,Who was the doctoral advisor of Ottilie Novyn?,Beatrix Belard,true,false,SYN-P002,doctoral_student_of,1,false,,synthetic://dataset_v2/person/SYN-P031
t1-00152#0,t1-00152,Ottilie Novyn,SYN-P031,T1,ablation_pool,relational_associations,Who was the doctoral student of Ottilie Novyn?,Dagny Orsel,true,false,SYN-P002,doctoral_student_of,1,false,,synthetic://dataset_v2/person/SYN-P031
t1-00153#0,t1-00153,Ottilie Novyn,SYN-P031,T1,ablation_pool,relational_associations,With whom did Ottilie Novyn collaborate?,Greta Farine,true,false,SYN-P002,doctoral_student_of,1,false,,synthetic://dataset_v2/person/SYN-P031
t1-00154#0,t1-00154,Ottilie Novyn,SYN-P031,T1,ablation_pool,relational_associations,Who was the working partner of Ottilie Novyn?,Anselm Hevyn,true,false,SYN-P002,doctoral_student_of,1,false,,synthetic://dataset_v2/person/SYN-P031
t1-00155#0,t1-00155,Ottilie Novyn,SYN-P031,T1,ablation_pool,names_aliases,What is the middle name of Ottilie Novyn?,Ione,true,false,SYN-P002,doctoral_student_of,1,false,,synthetic://dataset_v2/person/SYN-P031
t1-00156#0,t1-00156,Ottilie Novyn,SYN-P031,T1,ablation_pool,names_aliases,What is the full birth name of Ottilie Novyn?,Ottilie Ione Novyn,true,false,SYN-P002,doctoral_student_of,1,false,,synthetic://dataset_v2/person/SYN-P031
t1-00157#0,t1-00157,Greta Ashan,SYN-P032,T1,ablation_pool,biographical_dates,On what date was Greta Ashan born?,21 January 1905,true,false,SYN-P002,doctoral_advisor,1,false,,synthetic://dataset_v2/person/SYN-P032
t1-00158#0,t1-00158,Greta Ashan,SYN-P032,T1,ablation_pool,biographical_dates,On what date did Greta Ashan die?,24 November 1970,true,false,SYN-P002,doctoral_advisor,1,false,,synthetic://dataset_v2/person/SYN-P032
t1-00159#0,t1-00159,Greta Ashan,SYN-P032,T1,ablation_pool,biographical_dates,In which year did Greta Ashan complete a doctorate?,1928,true,false,SYN-P002,doctoral_advisor,1,false,,synthetic://dataset_v2/person/SYN-P032
t1-00160#0,t1-00160,Greta Ashan,SYN-P032,T1,ablation_pool,biographical_dates,In which year did Greta Ashan take up a post at Obsidian Foundation?,1929,true,false,SYN-P002,doctoral_advisor,1,false,,synthetic://dataset_v2/person/SYN-P032
t1-00161#0,t1-00161,Greta Ashan,SYN-P032,T1,ablation_pool,location_linked,In which place was Greta Ashan born?,Harrohollow,true,false,SYN-P002,doctoral_advisor,1,false,,synthetic://dataset_v2/person/SYN-P032
t1-00162#0,t1-00162,Greta Ashan,SYN-P032,T1,ablation_pool,location_linked,In which country was Greta Ashan born?,Belmarch,true,false,SYN-P002,doctoral_advisor,1,false,,synthetic://dataset_v2/person/SYN-P032
t1-00163#0,t1-00163,Greta Ashan,SYN-P032,T1,ablation_pool,location_linked,In which place did Greta Ashan die?,Sorrridge,true,false,SYN-P002,doctoral_advisor,1,false,,synthetic://dataset_v2/person/SYN-P032
t1-00164#0,t1-00164,Greta Ashan,SYN-P032,T1,ablation_pool,location_linked,In which city did Greta Ashan complete a doctorate?,Emberridge,true,false,SYN-P002,doctoral_advisor,1,false,,synthetic://dataset_v2/person/SYN-P032
t1-00165#0,t1-00165,Greta Ashan,SYN-P032,T1,ablation_pool,relational_associations,Who was the doctoral student of Greta Ashan?,Beatrix Belard,true,false,SYN-P002,doctoral_advisor,1,false,,synthetic://dataset_v2/person/SYN-P032
t1-00166#0,t1-00166,Greta Ashan,SYN-P032,T1,ablation_pool,relational_associations,Who was the doctoral advisor of Greta Ashan?,Mira Serine,true,false,SYN-P002,doctoral_advisor,1,false,,synthetic://dataset_v2/person/SYN-P032
t1-00167#0,t1-00167,Greta Ashan,SYN-P032,T1,ablation_pool,relational_associations,With whom did Greta Ashan collaborate?,Marcus Irir,true,false,SYN-P002,doctoral_advisor,1,false,,synthetic://dataset_v2/person/SYN-P032
t1-00168#0,t1-00168,Greta Ashan,SYN-P032,T1,ablation_pool,relational_associations,Who was the working partner of Greta Ashan?,Tobias Venane,true,false,SYN-P002,doctoral_advisor,1,false,,synthetic://dataset_v2/person/SYN-P032
t1-00169#0,t1-00169,Greta Ashan,SYN-P032,T1,ablation_pool,names_aliases,What is the middle name of Greta Ashan?,Wren,true,false,SYN-P002,doctoral_advisor,1,false,,synthetic://dataset_v2/person/SYN-P032
t1-00170#0,t1-00170,Greta Ashan,SYN-P032,T1,ablation_pool,names_aliases,What is the full birth name of Greta Ashan?,Greta Wren Ashan,true,false,SYN-P002,doctoral_advisor,1,false,,synthetic://dataset_v2/person/SYN-P032
t1-00171#0,t1-00171,Esme Ulris,SYN-P033,T1,ablation_pool,biographical_dates,On what date was Esme Ulris born?,27 May 1951,true,false,SYN-P002,collaborator,1,false,,synthetic://dataset_v2/person/SYN-P033
t1-00172#0,t1-00172,Esme Ulris,SYN-P033,T1,ablation_pool,biographical_dates,In which year did Esme Ulris complete a doctorate?,1975,true,false,SYN-P002,collaborator,1,false,,synthetic://dataset_v2/person/SYN-P033
t1-00173#0,t1-00173,Esme Ulris,SYN-P033,T1,ablation_pool,biographical_dates,In which year did Esme Ulris take up a post at Nadir Research Center?,1979,true,false,SYN-P002,collaborator,1,false,,synthetic://dataset_v2/person/SYN-P033
t1-00174#0,t1-00174,Esme Ulris,SYN-P033,T1,ablation_pool,biographical_dates,In which year was Esme Ulris awarded the Aster Prize?,1988,true,false,SYN-P002,collaborator,1,false,,synthetic://dataset_v2/person/SYN-P033
t1-00175#0,t1-00175,Esme Ulris,SYN-P033,T1,ablation_pool,location_linked,In which place was Esme Ulris born?,Drossvale,true,false,SYN-P002,collaborator,1,false,,synthetic://dataset_v2/person/SYN-P033
t1-00176#0,t1-00176,Esme Ulris,SYN-P033,T1,ablation_pool,location_linked,In which country was Esme Ulris born?,Draviland,true,false,SYN-P002,collaborator,1,false,,synthetic://dataset_v2/person/SYN-P033
t1-00177#0,t1-00177,Esme Ulris,SYN-P033,T1,ablation_pool,location_linked,In which city did Esme Ulris complete a doctorate?,Ambergate,true,false,SYN-P002,collaborator,1,false,,synthetic://dataset_v2/person/SYN-P033
t1-00178#0,t1-00178,Esme Ulris,SYN-P033,T1,ablation_pool,location_linked,In which city did Esme Ulris chiefly work?,Grayhwick,true,false,SYN-P002,collaborator,1,false,,synthetic://dataset_v2/person/SYN-P033
t1-00179#0,t1-00179,Esme Ulris,SYN-P033,T1,ablation_pool,relational_associations,With whom did Esme Ulris collaborate?,Beatrix Belard,true,false,SYN-P002,collaborator,1,false,,synthetic://dataset_v2/person/SYN-P033
t1-00180#0,t1-00180,Esme Ulris,SYN-P033,T1,ablation_pool,relational_associations,Who was the doctoral advisor of Esme Ulris?,Aurelie Braneth,true,false,SYN-P002,collaborator,1,false,,synthetic://dataset_v2/person/SYN-P033
t1-00181#0,t1-00181,Esme Ulris,SYN-P033,T1,ablation_pool,relational_associations,Who was the doctoral student of Esme Ulris?,Dagny Ulrir,true,false,SYN-P002,collaborator,1,false,,synthetic://dataset_v2/person/SYN-P033
t1-00182#0,t1-00182,Esme Ulris,SYN-P033,T1,ablation_pool,relational_associations,Who was the working partner of Esme Ulris?,Fabian Ashir,true,false,SYN-P002,collaborator,1,false,,synthetic://dataset_v2/person/SYN-P033
t1-00183#0,t1-00183,Esme Ulris,SYN-P033,T1,ablation_pool,names_aliases,What is the middle name of Esme Ulris?,Jarek,true,false,SYN-P002,collaborator,1,false,,synthetic://dataset_v2/person/SYN-P033
t1-00184#0,t1-00184,Esme Ulris,SYN-P033,T1,ablation_pool,names_aliases,What is the full birth name of Esme Ulris?,Esme Jarek Ulris,true,false,SYN-P002,collaborator,1,false,,synthetic://dataset_v2/person/SYN-P033
t1-00185#0,t1-00185,Aurelie Novorn,SYN-P034,T1,ablation_pool,biographical_dates,On what date was Aurelie Novorn born?,1 September 1832,true,false,SYN-P002,research_partner,1,false,,synthetic://dataset_v2/person/SYN-P034
t1-00186#0,t1-00186,Aurelie Novorn,SYN-P034,T1,ablation_pool,biographical_dates,On what date did Aurelie Novorn die?,10 September 1900,true,false,SYN-P002,research_partner,1,false,,synthetic://dataset_v2/person/SYN-P034
t1-00187#0,t1-00187,Aurelie Novorn,SYN-P034,T1,ablation_pool,biographical_dates,In which year did Aurelie Novorn complete a doctorate?,1860,true,false,SYN-P002,research_partner,1,false,,synthetic://dataset_v2/person/SYN-P034
t1-00188#0,t1-00188,Aurelie Novorn,SYN-P034,T1,ablation_pool,biographical_dates,In which year did Aurelie Novorn take up a post at Equinox Observatory of Isotopic Geochemistry?,1866,true,false,SYN-P002,research_partner,1,false,,synthetic://dataset_v2/person/SYN-P034
t1-00189#0,t1-00189,Aurelie Novorn,SYN-P034,T1,ablation_pool,location_linked,In which place was Aurelie Novorn born?,Lumenford,true,false,SYN-P002,research_partner,1,false,,synthetic://dataset_v2/person/SYN-P034
t1-00190#0,t1-00190,Aurelie Novorn,SYN-P034,T1,ablation_pool,location_linked,In which country was Aurelie Novorn born?,Elarion,true,false,SYN-P002,research_partner,1,false,,synthetic://dataset_v2/person/SYN-P034
t1-00191#0,t1-00191,Aurelie Novorn,SYN-P034,T1,ablation_pool,location_linked,In which place did Aurelie Novorn die?,Lumenfell,true,false,SYN-P002,research_partner,1,false,,synthetic://dataset_v2/person/SYN-P034
t1-00192#0,t1-00192,Aurelie Novorn,SYN-P034,T1,ablation_pool,location_linked,In which city did Aurelie Novorn complete a doctorate?,Marrofell,true,false,SYN-P002,research_partner,1,false,,synthetic://dataset_v2/person/SYN-P034
t1-00193#0,t1-00193,Aurelie Novorn,SYN-P034,T1,ablation_pool,relational_associations,Who was the working partner of Aurelie Novorn?,Beatrix Belard,true,false,SYN-P002,research_partner,1,false,,synthetic://dataset_v2/person/SYN-P034
t1-00194#0,t1-00194,Aurelie Novorn,SYN-P034,T1,ablation_pool,relational_associations,Who was the doctoral advisor of Aurelie Novorn?,Helena Merane,true,false,SYN-P002,research_partner,1,false,,synthetic://dataset_v2/person/SYN-P034
t1-00195#0,t1-00195,Aurelie Novorn,SYN-P034,T1,ablation_pool,relational_associations,Who was the doctoral student of Aurelie Novorn?,Eluned Cadrick,true,false,SYN-P002,research_partner,1,false,,synthetic://dataset_v2/person/SYN-P034
t1-00196#0,t1-00196,Aurelie Novorn,SYN-P034,T1,ablation_pool,relational_associations,With whom did Aurelie Novorn collaborate?,Noemi Yaress,true,false,SYN-P002,research_partner,1,false,,synthetic://dataset_v2/person/SYN-P034
t1-00197#0,t1-00197,Aurelie Novorn,SYN-P034,T1,ablation_pool,names_aliases,What is the middle name of Aurelie Novorn?,Fenna,true,false,SYN-P002,research_partner,1,false,,synthetic://dataset_v2/person/SYN-P034
t1-00198#0,t1-00198,Aurelie Novorn,SYN-P034,T1,ablation_pool,names_aliases,What is the full birth name of Aurelie Novorn?,Aurelie Fenna Novorn,true,false,SYN-P002,research_partner,1,false,,synthetic://dataset_v2/person/SYN-P034
t1-00199#0,t1-00199,Dagny Orsay,SYN-P035,T1,ablation_pool,biographical_dates,On what date was Dagny Orsay born?,3 January 1927,true,false,SYN-P002,teacher_of,1,false,,synthetic://dataset_v2/person/SYN-P035
t1-00200#0,t1-00200,Dagny Orsay,SYN-P035,T1,ablation_pool,biographical_dates,On what date did Dagny Orsay die?,6 May 2011,true,false,SYN-P002,teacher_of,1,false,,synthetic://dataset_v2/person/SYN-P035
t1-00201#0,t1-00201,Dagny Orsay,SYN-P035,T1,ablation_pool,biographical_dates,In which year did Dagny Orsay complete a doctorate?,1957,true,false,SYN-P002,teacher_of,1,false,,synthetic://dataset_v2/person/SYN-P035
t1-00202#0,t1-00202,Dagny Orsay,SYN-P035,T1,ablation_pool,biographical_dates,In which year did Dagny Orsay take up a post at Aurelan Laboratory?,1958,true,false,SYN-P002,teacher_of,1,false,,synthetic://dataset_v2/person/SYN-P035
t1-00203#0,t1-00203,Dagny Orsay,SYN-P035,T1,ablation_pool,location_linked,In which place was Dagny Orsay born?,Novamere,true,false,SYN-P002,teacher_of,1,false,,synthetic://dataset_v2/person/SYN-P035
t1-00204#0,t1-00204,Dagny Orsay,SYN-P035,T1,ablation_pool,location_linked,In which country was Dagny Orsay born?,Ostravia,true,false,SYN-P002,teacher_of,1,false,,synthetic://dataset_v2/person/SYN-P035
t1-00205#0,t1-00205,Dagny Orsay,SYN-P035,T1,ablation_pool,location_linked,In which place did Dagny Orsay die?,Novareach,true,false,SYN-P002,teacher_of,1,false,,synthetic://dataset_v2/person/SYN-P035
t1-00206#0,t1-00206,Dagny Orsay,SYN-P035,T1,ablation_pool,location_linked,In which city did Dagny Orsay complete a doctorate?,Vanthaven,true,false,SYN-P002,teacher_of,1,false,,synthetic://dataset_v2/person/SYN-P035
t1-00207#0,t1-00207,Dagny Orsay,SYN-P035,T1,ablation_pool,relational_associations,Who was the doctoral student of Dagny Orsay?,Beatrix Belard,true,false,SYN-P002,teacher_of,1,false,,synthetic://dataset_v2/person/SYN-P035
t1-00208#0,t1-00208,Dagny Orsay,SYN-P035,T1,ablation_pool,relational_associations,Who was the doctoral advisor of Dagny Orsay?,Greta Belec,true,false,SYN-P002,teacher_of,1,false,,synthetic://dataset_v2/person/SYN-P035
t1-00209#0,t1-00209,Dagny Orsay,SYN-P035,T1,ablation_pool,relational_associations,With whom did Dagny Orsay collaborate?,Ceres Kelath,true,false,SYN-P002,teacher_of,1,false,,synthetic://dataset_v2/person/SYN-P035
t1-00210#0,t1-00210,Dagny Orsay,SYN-P035,T1,ablation_pool,relational_associations,Who was the working partner of Dagny Orsay?,Milo Torel,true,false,SYN-P002,teacher_of,1,false,,synthetic://dataset_v2/person/SYN-P035
t1-00211#0,t1-00211,Dagny Orsay,SYN-P035,T1,ablation_pool,names_aliases,What is the middle name of Dagny Orsay?,Brice,true,false,SYN-P002,teacher_of,1,false,,synthetic://dataset_v2/person/SYN-P035
t1-00212#0,t1-00212,Dagny Orsay,SYN-P035,T1,ablation_pool,names_aliases,What is the full birth name of Dagny Orsay?,Dagny Brice Orsay,true,false,SYN-P002,teacher_of,1,false,,synthetic://dataset_v2/person/SYN-P035
t1-00213#0,t1-00213,Damek Corard,SYN-P036,T1,ablation_pool,biographical_dates,On what date was Damek Corard born?,15 October 1868,true,false,SYN-P003,employer_overlap,1,false,,synthetic://dataset_v2/person/SYN-P036
t1-00214#0,t1-00214,Damek Corard,SYN-P036,T1,ablation_pool,biographical_dates,On what date did Damek Corard die?,6 April 1926,true,false,SYN-P003,employer_overlap,1,false,,synthetic://dataset_v2/person/SYN-P036
t1-00215#0,t1-00215,Damek Corard,SYN-P036,T1,ablation_pool,biographical_dates,In which year did Damek Corard complete a doctorate?,1895,true,false,SYN-P003,employer_overlap,1,false,,synthetic://dataset_v2/person/SYN-P036
t1-00216#0,t1-00216,Damek Corard,SYN-P036,T1,ablation_pool,biographical_dates,In which year did Damek Corard take up a post at Vellum Observatory?,1897,true,false,SYN-P003,employer_overlap,1,false,,synthetic://dataset_v2/person/SYN-P036
t1-00217#0,t1-00217,Damek Corard,SYN-P036,T1,ablation_pool,location_linked,In which place was Damek Corard born?,Emberhollow,true,false,SYN-P003,employer_overlap,1,false,,synthetic://dataset_v2/person/SYN-P036
t1-00218#0,t1-00218,Damek Corard,SYN-P036,T1,ablation_pool,location_linked,In which country was Damek Corard born?,Serevane,true,false,SYN-P003,employer_overlap,1,false,,synthetic://dataset_v2/person/SYN-P036
t1-00219#0,t1-00219,Damek Corard,SYN-P036,T1,ablation_pool,location_linked,In which place did Damek Corard die?,Amberfell,true,false,SYN-P003,employer_overlap,1,false,,synthetic://dataset_v2/person/SYN-P036
t1-00220#0,t1-00220,Damek Corard,SYN-P036,T1,ablation_pool,location_linked,In which city did Damek Corard complete a doctorate?,Ordalvale,true,false,SYN-P003,employer_overlap,1,false,,synthetic://dataset_v2/person/SYN-P036
t1-00221#0,t1-00221,Damek Corard,SYN-P036,T1,ablation_pool,relational_associations,With which institution was Damek Corard associated?,Vellum Observatory,true,false,SYN-P003,employer_overlap,1,false,,synthetic://dataset_v2/person/SYN-P036
t1-00222#0,t1-00222,Damek Corard,SYN-P036,T1,ablation_pool,relational_associations,Who was the doctoral advisor of Damek Corard?,Viktor Hevan,true,false,SYN-P003,employer_overlap,1,false,,synthetic://dataset_v2/person/SYN-P036
t1-00223#0,t1-00223,Damek Corard,SYN-P036,T1,ablation_pool,relational_associations,Who was the doctoral student of Damek Corard?,Lucan Thalis,true,false,SYN-P003,employer_overlap,1,false,,synthetic://dataset_v2/person/SYN-P036
t1-00224#0,t1-00224,Damek Corard,SYN-P036,T1,ablation_pool,relational_associations,With whom did Damek Corard collaborate?,Emeric Irov,true,false,SYN-P003,employer_overlap,1,false,,synthetic://dataset_v2/person/SYN-P036
t1-00225#0,t1-00225,Damek Corard,SYN-P036,T1,ablation_pool,names_aliases,What is the middle name of Damek Corard?,Brenna,true,false,SYN-P003,employer_overlap,1,false,,synthetic://dataset_v2/person/SYN-P036
t1-00226#0,t1-00226,Damek Corard,SYN-P036,T1,ablation_pool,names_aliases,What is the full birth name of Damek Corard?,Damek Brenna Corard,true,false,SYN-P003,employer_overlap,1,false,,synthetic://dataset_v2/person/SYN-P036
t1-00227#0,t1-00227,Oren Thalan,SYN-P039,T1,ablation_pool,biographical_dates,On what date was Oren Thalan born?,5 October 1844,true,false,SYN-P003,employer_overlap,1,false,,synthetic://dataset_v2/person/SYN-P039
t1-00228#0,t1-00228,Oren Thalan,SYN-P039,T1,ablation_pool,biographical_dates,On what date did Oren Thalan die?,28 May 1917,true,false,SYN-P003,employer_overlap,1,false,,synthetic://dataset_v2/person/SYN-P039
t1-00229#0,t1-00229,Oren Thalan,SYN-P039,T1,ablation_pool,biographical_dates,In which year did Oren Thalan complete a doctorate?,1868,true,false,SYN-P003,employer_overlap,1,false,,synthetic://dataset_v2/person/SYN-P039
t1-00230#0,t1-00230,Oren Thalan,SYN-P039,T1,ablation_pool,biographical_dates,In which year did Oren Thalan take up a post at Vellum Observatory?,1873,true,false,SYN-P003,employer_overlap,1,false,,synthetic://dataset_v2/person/SYN-P039
t1-00231#0,t1-00231,Oren Thalan,SYN-P039,T1,ablation_pool,location_linked,In which place was Oren Thalan born?,Lowmhollow,true,false,SYN-P003,employer_overlap,1,false,,synthetic://dataset_v2/person/SYN-P039
t1-00232#0,t1-00232,Oren Thalan,SYN-P039,T1,ablation_pool,location_linked,In which country was Oren Thalan born?,Lumaria,true,false,SYN-P003,employer_overlap,1,false,,synthetic://dataset_v2/person/SYN-P039
t1-00233#0,t1-00233,Oren Thalan,SYN-P039,T1,ablation_pool,location_linked,In which place did Oren Thalan die?,Harrohaven,true,false,SYN-P003,employer_overlap,1,false,,synthetic://dataset_v2/person/SYN-P039
t1-00234#0,t1-00234,Oren Thalan,SYN-P039,T1,ablation_pool,location_linked,In which city did Oren Thalan complete a doctorate?,Rhelmarn,true,false,SYN-P003,employer_overlap,1,false,,synthetic://dataset_v2/person/SYN-P039
t1-00235#0,t1-00235,Oren Thalan,SYN-P039,T1,ablation_pool,relational_associations,With which institution was Oren Thalan associated?,Vellum Observatory,true,false,SYN-P003,employer_overlap,1,false,,synthetic://dataset_v2/person/SYN-P039
t1-00236#0,t1-00236,Oren Thalan,SYN-P039,T1,ablation_pool,relational_associations,Who was the doctoral advisor of Oren Thalan?,Joachim Xanorn,true,false,SYN-P003,employer_overlap,1,false,,synthetic://dataset_v2/person/SYN-P039
t1-00237#0,t1-00237,Oren Thalan,SYN-P039,T1,ablation_pool,relational_associations,Who was the doctoral student of Oren Thalan?,Tobias Ravec,true,false,SYN-P003,employer_overlap,1,false,,synthetic://dataset_v2/person/SYN-P039
t1-00238#0,t1-00238,Oren Thalan,SYN-P039,T1,ablation_pool,relational_associations,With whom did Oren Thalan collaborate?,Marisol Haldovic,true,false,SYN-P003,employer_overlap,1,false,,synthetic://dataset_v2/person/SYN-P039
t1-00239#0,t1-00239,Oren Thalan,SYN-P039,T1,ablation_pool,names_aliases,What is the middle name of Oren Thalan?,Piet,true,false,SYN-P003,employer_overlap,1,false,,synthetic://dataset_v2/person/SYN-P039
t1-00240#0,t1-00240,Oren Thalan,SYN-P039,T1,ablation_pool,names_aliases,What is the full birth name of Oren Thalan?,Oren Piet Thalan,true,false,SYN-P003,employer_overlap,1,false,,synthetic://dataset_v2/person/SYN-P039
t1-00241#0,t1-00241,Wendel Haldath,SYN-P040,T1,ablation_pool,biographical_dates,On what date was Wendel Haldath born?,5 July 1850,true,false,SYN-P003,doctoral_student_of,1,false,,synthetic://dataset_v2/person/SYN-P040
t1-00242#0,t1-00242,Wendel Haldath,SYN-P040,T1,ablation_pool,biographical_dates,On what date did Wendel Haldath die?,24 May 1937,true,false,SYN-P003,doctoral_student_of,1,false,,synthetic://dataset_v2/person/SYN-P040
t1-00243#0,t1-00243,Wendel Haldath,SYN-P040,T1,ablation_pool,biographical_dates,In which year did Wendel Haldath complete a doctorate?,1879,true,false,SYN-P003,doctoral_student_of,1,false,,synthetic://dataset_v2/person/SYN-P040
t1-00244#0,t1-00244,Wendel Haldath,SYN-P040,T1,ablation_pool,biographical_dates,In which year did Wendel Haldath take up a post at Aurelan Research Center?,1884,true,false,SYN-P003,doctoral_student_of,1,false,,synthetic://dataset_v2/person/SYN-P040
t1-00245#0,t1-00245,Wendel Haldath,SYN-P040,T1,ablation_pool,biographical_dates,In which year was Wendel Haldath awarded the Dial Laureateship?,1900,true,false,SYN-P003,doctoral_student_of,1,false,,synthetic://dataset_v2/person/SYN-P040
t1-00246#0,t1-00246,Wendel Haldath,SYN-P040,T1,ablation_pool,location_linked,In which place was Wendel Haldath born?,Ilmareach,true,false,SYN-P003,doctoral_student_of,1,false,,synthetic://dataset_v2/person/SYN-P040
t1-00247#0,t1-00247,Wendel Haldath,SYN-P040,T1,ablation_pool,location_linked,In which country was Wendel Haldath born?,Calibris,true,false,SYN-P003,doctoral_student_of,1,false,,synthetic://dataset_v2/person/SYN-P040
t1-00248#0,t1-00248,Wendel Haldath,SYN-P040,T1,ablation_pool,location_linked,In which place did Wendel Haldath die?,Ordalvale,true,false,SYN-P003,doctoral_student_of,1,false,,synthetic://dataset_v2/person/SYN-P040
t1-00249#0,t1-00249,Wendel Haldath,SYN-P040,T1,ablation_pool,location_linked,In which city did Wendel Haldath complete a doctorate?,Mirrmere,true,false,SYN-P003,doctoral_student_of,1,false,,synthetic://dataset_v2/person/SYN-P040
t1-00250#0,t1-00250,Wendel Haldath,SYN-P040,T1,ablation_pool,relational_associations,Who was the doctoral advisor of Wendel Haldath?,Fabian Wynen,true,false,SYN-P003,doctoral_student_of,1,false,,synthetic://dataset_v2/person/SYN-P040
t1-00251#0,t1-00251,Wendel Haldath,SYN-P040,T1,ablation_pool,relational_associations,Who was the doctoral student of Wendel Haldath?,Clea Venine,true,false,SYN-P003,doctoral_student_of,1,false,,synthetic://dataset_v2/person/SYN-P040
t1-00252#0,t1-00252,Wendel Haldath,SYN-P040,T1,ablation_pool,relational_associations,With whom did Wendel Haldath collaborate?,Wendel Quenell,true,false,SYN-P003,doctoral_student_of,1,false,,synthetic://dataset_v2/person/SYN-P040
t1-00253#0,t1-00253,Wendel Haldath,SYN-P040,T1,ablation_pool,names_aliases,What is the middle name of Wendel Haldath?,Emrys,true,false,SYN-P003,doctoral_student_of,1,false,,synthetic://dataset_v2/person/SYN-P040
t1-00254#0,t1-00254,Wendel Haldath,SYN-P040,T1,ablation_pool,names_aliases,What is the full birth name of Wendel Haldath?,Wendel Emrys Haldath,true,false,SYN-P003,doctoral_student_of,1,false,,synthetic://dataset_v2/person/SYN-P040
t1-00255#0,t1-00255,Aurelie Branay,SYN-P041,T1,ablation_pool,biographical_dates,On what date was Aurelie Branay born?,27 June 1855,true,false,SYN-P003,doctoral_student_of,1,false,,synthetic://dataset_v2/person/SYN-P041
t1-00256#0,t1-00256,Aurelie Branay,SYN-P041,T1,ablation_pool,biographical_dates,On what date did Aurelie Branay die?,23 December 1934,true,false,SYN-P003,doctoral_student_of,1,false,,synthetic://dataset_v2/person/SYN-P041
t1-00257#0,t1-00257,Aurelie Branay,SYN-P041,T1,ablation_pool,biographical_dates,In which year did Aurelie Branay complete a doctorate?,1884,true,false,SYN-P003,doctoral_student_of,1,false,,synthetic://dataset_v2/person/SYN-P041
t1-00258#0,t1-00258,Aurelie Branay,SYN-P041,T1,ablation_pool,biographical_dates,In which year did Aurelie Branay take up a post at Trellis Laboratory of Neural Manifolds?,1891,true,false,SYN-P003,doctoral_student_of,1,false,,synthetic://dataset_v2/person/SYN-P041
t1-00259#0,t1-00259,Aurelie Branay,SYN-P041,T1,ablation_pool,biographical_dates,In which year was Aurelie Branay awarded the Ardent Medal?,1905,true,false,SYN-P003,doctoral_student_of,1,false,,synthetic://dataset_v2/person/SYN-P041
t1-00260#0,t1-00260,Aurelie Branay,SYN-P041,T1,ablation_pool,location_linked,In which place was Aurelie Branay born?,Drossarn,true,false,SYN-P003,doctoral_student_of,1,false,,synthetic://dataset_v2/person/SYN-P041
t1-00261#0,t1-00261,Aurelie Branay,SYN-P041,T1,ablation_pool,location_linked,In which country was Aurelie Branay born?,Draviland,true,false,SYN-P003,doctoral_student_of,1,false,,synthetic://dataset_v2/person/SYN-P041
t1-00262#0,t1-00262,Aurelie Branay,SYN-P041,T1,ablation_pool,location_linked,In which place did Aurelie Branay die?,Lowmarn,true,false,SYN-P003,doctoral_student_of,1,false,,synthetic://dataset_v2/person/SYN-P041
t1-00263#0,t1-00263,Aurelie Branay,SYN-P041,T1,ablation_pool,location_linked,In which city did Aurelie Branay complete a doctorate?,Highfstead,true,false,SYN-P003,doctoral_student_of,1,false,,synthetic://dataset_v2/person/SYN-P041
t1-00264#0,t1-00264,Aurelie Branay,SYN-P041,T1,ablation_pool,relational_associations,Who was the doctoral advisor of Aurelie Branay?,Fabian Wynen,true,false,SYN-P003,doctoral_student_of,1,false,,synthetic://dataset_v2/person/SYN-P041
t1-00265#0,t1-00265,Aurelie Branay,SYN-P041,T1,ablation_pool,relational_associations,Who was the doctoral student of Aurelie Branay?,Zoran Merir,true,false,SYN-P003,doctoral_student_of,1,false,,synthetic://dataset_v2/person/SYN-P041
t1-00266#0,t1-00266,Aurelie Branay,SYN-P041,T1,ablation_pool,relational_associations,With whom did Aurelie Branay collaborate?,Zofia Karess,true,false,SYN-P003,doctoral_student_of,1,false,,synthetic://dataset_v2/person/SYN-P041
t1-00267#0,t1-00267,Aurelie Branay,SYN-P041,T1,ablation_pool,names_aliases,What is the middle name of Aurelie Branay?,Aven,true,false,SYN-P003,doctoral_student_of,1,false,,synthetic://dataset_v2/person/SYN-P041
t1-00268#0,t1-00268,Aurelie Branay,SYN-P041,T1,ablation_pool,names_aliases,What is the full birth name of Aurelie Branay?,Aurelie Aven Branay,true,false,SYN-P003,doctoral_student_of,1,false,,synthetic://dataset_v2/person/SYN-P041
t1-00269#0,t1-00269,Nadia Eskell,SYN-P042,T1,ablation_pool,biographical_dates,On what date was Nadia Eskell born?,11 April 1952,true,false,SYN-P003,doctoral_advisor,1,false,,synthetic://dataset_v2/person/SYN-P042
t1-00270#0,t1-00270,Nadia Eskell,SYN-P042,T1,ablation_pool,biographical_dates,In which year did Nadia Eskell complete a doctorate?,1980,true,false,SYN-P003,doctoral_advisor,1,false,,synthetic://dataset_v2/person/SYN-P042
t1-00271#0,t1-00271,Nadia Eskell,SYN-P042,T1,ablation_pool,biographical_dates,In which year did Nadia Eskell take up a post at Glacis Laboratory?,1984,true,false,SYN-P003,doctoral_advisor,1,false,,synthetic://dataset_v2/person/SYN-P042
t1-00272#0,t1-00272,Nadia Eskell,SYN-P042,T1,ablation_pool,biographical_dates,In which year was Nadia Eskell awarded the Gnomon Award?,2000,true,false,SYN-P003,doctoral_advisor,1,false,,synthetic://dataset_v2/person/SYN-P042
t1-00273#0,t1-00273,Nadia Eskell,SYN-P042,T1,ablation_pool,biographical_dates,In which year did Nadia Eskell establish the Beacon Laboratory for Radiative Climatology?,1986,true,false,SYN-P003,doctoral_advisor,1,false,,synthetic://dataset_v2/person/SYN-P042
t1-00274#0,t1-00274,Nadia Eskell,SYN-P042,T1,ablation_pool,location_linked,In which place was Nadia Eskell born?,Gildford,true,false,SYN-P003,doctoral_advisor,1,false,,synthetic://dataset_v2/person/SYN-P042
t1-00275#0,t1-00275,Nadia Eskell,SYN-P042,T1,ablation_pool,location_linked,In which country was Nadia Eskell born?,Fenwold,true,false,SYN-P003,doctoral_advisor,1,false,,synthetic://dataset_v2/person/SYN-P042
t1-00276#0,t1-00276,Nadia Eskell,SYN-P042,T1,ablation_pool,location_linked,In which city did Nadia Eskell complete a doctorate?,Calderburg,true,false,SYN-P003,doctoral_advisor,1,false,,synthetic://dataset_v2/person/SYN-P042
t1-00277#0,t1-00277,Nadia Eskell,SYN-P042,T1,ablation_pool,location_linked,In which city did Nadia Eskell chiefly work?,Calderport,true,false,SYN-P003,doctoral_advisor,1,false,,synthetic://dataset_v2/person/SYN-P042
t1-00278#0,t1-00278,Nadia Eskell,SYN-P042,T1,ablation_pool,relational_associations,Who was the doctoral student of Nadia Eskell?,Fabian Wynen,true,false,SYN-P003,doctoral_advisor,1,false,,synthetic://dataset_v2/person/SYN-P042
t1-00279#0,t1-00279,Nadia Eskell,SYN-P042,T1,ablation_pool,relational_associations,From which community did the family of Nadia Eskell descend?,the Pallid Sound islanders,true,false,SYN-P003,doctoral_advisor,1,true,,synthetic://dataset_v2/person/SYN-P042
t1-00280#0,t1-00280,Nadia Eskell,SYN-P042,T1,ablation_pool,relational_associations,Who was the doctoral advisor of Nadia Eskell?,Beatrix Haldas,true,false,SYN-P003,doctoral_advisor,1,false,,synthetic://dataset_v2/person/SYN-P042
t1-00281#0,t1-00281,Nadia Eskell,SYN-P042,T1,ablation_pool,names_aliases,What is the middle name of Nadia Eskell?,Eira,true,false,SYN-P003,doctoral_advisor,1,false,,synthetic://dataset_v2/person/SYN-P042
t1-00282#0,t1-00282,Nadia Eskell,SYN-P042,T1,ablation_pool,names_aliases,What is the full birth name of Nadia Eskell?,Nadia Eira Eskell,true,false,SYN-P003,doctoral_advisor,1,false,,synthetic://dataset_v2/person/SYN-P042
t1-00283#0,t1-00283,Bianca Belard,SYN-P044,T1,ablation_pool,biographical_dates,On what date was Bianca Belard born?,11 July 1928,true,false,SYN-P003,research_partner,1,false,,synthetic://dataset_v2/person/SYN-P044
t1-00284#0,t1-00284,Bianca Belard,SYN-P044,T1,ablation_pool,biographical_dates,On what date did Bianca Belard die?,25 August 2015,true,false,SYN-P003,research_partner,1,false,,synthetic://dataset_v2/person/SYN-P044
t1-00285#0,t1-00285,Bianca Belard,SYN-P044,T1,ablation_pool,biographical_dates,In which year did Bianca Belard complete a doctorate?,1957,true,false,SYN-P003,research_partner,1,false,,synthetic://dataset_v2/person/SYN-P044
t1-00286#0,t1-00286,Bianca Belard,SYN-P044,T1,ablation_pool,biographical_dates,In which year did Bianca Belard take up a post at Peregrine Laboratory of Stellar Metallurgy?,1961,true,false,SYN-P003,research_partner,1,false,,synthetic://dataset_v2/person/SYN-P044
t1-00287#0,t1-00287,Bianca Belard,SYN-P044,T1,ablation_pool,biographical_dates,In which year was Bianca Belard awarded the Wayfarer Award?,1971,true,false,SYN-P003,research_partner,1,false,,synthetic://dataset_v2/person/SYN-P044
t1-00288#0,t1-00288,Bianca Belard,SYN-P044,T1,ablation_pool,location_linked,In which place was Bianca Belard born?,Ilmaridge,true,false,SYN-P003,research_partner,1,false,,synthetic://dataset_v2/person/SYN-P044
t1-00289#0,t1-00289,Bianca Belard,SYN-P044,T1,ablation_pool,location_linked,In which country was Bianca Belard born?,Fenwold,true,false,SYN-P003,research_partner,1,false,,synthetic://dataset_v2/person/SYN-P044
t1-00290#0,t1-00290,Bianca Belard,SYN-P044,T1,ablation_pool,location_linked,In which place did Bianca Belard die?,Verrwick,true,false,SYN-P003,research_partner,1,false,,synthetic://dataset_v2/person/SYN-P044
t1-00291#0,t1-00291,Bianca Belard,SYN-P044,T1,ablation_pool,location_linked,In which city did Bianca Belard complete a doctorate?,Junipmarsh,true,false,SYN-P003,research_partner,1,false,,synthetic://dataset_v2/person/SYN-P044
t1-00292#0,t1-00292,Bianca Belard,SYN-P044,T1,ablation_pool,relational_associations,Who was the working partner of Bianca Belard?,Fabian Wynen,true,false,SYN-P003,research_partner,1,false,,synthetic://dataset_v2/person/SYN-P044
t1-00293#0,t1-00293,Bianca Belard,SYN-P044,T1,ablation_pool,relational_associations,Who was the doctoral advisor of Bianca Belard?,Rowan Zelec,true,false,SYN-P003,research_partner,1,false,,synthetic://dataset_v2/person/SYN-P044
t1-00294#0,t1-00294,Bianca Belard,SYN-P044,T1,ablation_pool,relational_associations,Who was the doctoral student of Bianca Belard?,Lucan Serick,true,false,SYN-P003,research_partner,1,false,,synthetic://dataset_v2/person/SYN-P044
t1-00295#0,t1-00295,Bianca Belard,SYN-P044,T1,ablation_pool,names_aliases,What is the middle name of Bianca Belard?,Zora,true,false,SYN-P003,research_partner,1,false,,synthetic://dataset_v2/person/SYN-P044
t1-00296#0,t1-00296,Bianca Belard,SYN-P044,T1,ablation_pool,names_aliases,What is the full birth name of Bianca Belard?,Bianca Zora Belard,true,false,SYN-P003,research_partner,1,false,,synthetic://dataset_v2/person/SYN-P044
t1-00297#0,t1-00297,Cordelia Wynen,SYN-P045,T1,ablation_pool,biographical_dates,On what date was Cordelia Wynen born?,6 June 1847,true,false,SYN-P003,student,1,false,,synthetic://dataset_v2/person/SYN-P045
t1-00298#0,t1-00298,Cordelia Wynen,SYN-P045,T1,ablation_pool,biographical_dates,On what date did Cordelia Wynen die?,15 August 1924,true,false,SYN-P003,student,1,false,,synthetic://dataset_v2/person/SYN-P045
t1-00299#0,t1-00299,Cordelia Wynen,SYN-P045,T1,ablation_pool,biographical_dates,In which year did Cordelia Wynen complete a doctorate?,1872,true,false,SYN-P003,student,1,false,,synthetic://dataset_v2/person/SYN-P045
t1-00300#0,t1-00300,Cordelia Wynen,SYN-P045,T1,ablation_pool,biographical_dates,In which year did Cordelia Wynen take up a post at Helix Academy of Spectral Number Theory?,1875,true,false,SYN-P003,student,1,false,,synthetic://dataset_v2/person/SYN-P045
t1-00301#0,t1-00301,Cordelia Wynen,SYN-P045,T1,ablation_pool,biographical_dates,In which year was Cordelia Wynen awarded the Verrin Prize?,1884,true,false,SYN-P003,student,1,false,,synthetic://dataset_v2/person/SYN-P045
t1-00302#0,t1-00302,Cordelia Wynen,SYN-P045,T1,ablation_pool,location_linked,In which place was Cordelia Wynen born?,Sablevale,true,false,SYN-P003,student,1,false,,synthetic://dataset_v2/person/SYN-P045
t1-00303#0,t1-00303,Cordelia Wynen,SYN-P045,T1,ablation_pool,location_linked,In which country was Cordelia Wynen born?,Virelia,true,false,SYN-P003,student,1,false,,synthetic://dataset_v2/person/SYN-P045
t1-00304#0,t1-00304,Cordelia Wynen,SYN-P045,T1,ablation_pool,location_linked,In which place did Cordelia Wynen die?,Highfford,true,false,SYN-P003,student,1,false,,synthetic://dataset_v2/person/SYN-P045
t1-00305#0,t1-00305,Cordelia Wynen,SYN-P045,T1,ablation_pool,location_linked,In which city did Cordelia Wynen complete a doctorate?,Grayhreach,true,false,SYN-P003,student,1,false,,synthetic://dataset_v2/person/SYN-P045
t1-00306#0,t1-00306,Cordelia Wynen,SYN-P045,T1,ablation_pool,relational_associations,Who mentored Cordelia Wynen in early career?,Fabian Wynen,true,false,SYN-P003,student,1,false,,synthetic://dataset_v2/person/SYN-P045
t1-00307#0,t1-00307,Cordelia Wynen,SYN-P045,T1,ablation_pool,relational_associations,From which community did the family of Cordelia Wynen descend?,the Larkspur settlers,true,false,SYN-P003,student,1,true,,synthetic://dataset_v2/person/SYN-P045
t1-00308#0,t1-00308,Cordelia Wynen,SYN-P045,T1,ablation_pool,relational_associations,Who was the doctoral advisor of Cordelia Wynen?,Noemi Orsen,true,false,SYN-P003,student,1,false,,synthetic://dataset_v2/person/SYN-P045
t1-00309#0,t1-00309,Cordelia Wynen,SYN-P045,T1,ablation_pool,names_aliases,What is the middle name of Cordelia Wynen?,Ylva,true,false,SYN-P003,student,1,false,,synthetic://dataset_v2/person/SYN-P045
t1-00310#0,t1-00310,Cordelia Wynen,SYN-P045,T1,ablation_pool,names_aliases,What is the full birth name of Cordelia Wynen?,Cordelia Ylva Wynen,true,false,SYN-P003,student,1,false,,synthetic://dataset_v2/person/SYN-P045
t1-00311#0,t1-00311,Clea Venorn,SYN-P047,T1,ablation_pool,biographical_dates,On what date was Clea Venorn born?,26 February 1907,true,false,SYN-P004,employer_overlap,1,false,,synthetic://dataset_v2/person/SYN-P047
t1-00312#0,t1-00312,Clea Venorn,SYN-P047,T1,ablation_pool,biographical_dates,On what date did Clea Venorn die?,23 December 1995,true,false,SYN-P004,employer_overlap,1,false,,synthetic://dataset_v2/person/SYN-P047
t1-00313#0,t1-00313,Clea Venorn,SYN-P047,T1,ablation_pool,biographical_dates,In which year did Clea Venorn complete a doctorate?,1930,true,false,SYN-P004,employer_overlap,1,false,,synthetic://dataset_v2/person/SYN-P047
t1-00314#0,t1-00314,Clea Venorn,SYN-P047,T1,ablation_pool,biographical_dates,In which year did Clea Venorn take up a post at Anvil Foundation?,1936,true,false,SYN-P004,employer_overlap,1,false,,synthetic://dataset_v2/person/SYN-P047
t1-00315#0,t1-00315,Clea Venorn,SYN-P047,T1,ablation_pool,biographical_dates,In which year was Clea Venorn awarded the Quiver Laureateship?,1954,true,false,SYN-P004,employer_overlap,1,false,,synthetic://dataset_v2/person/SYN-P047
t1-00316#0,t1-00316,Clea Venorn,SYN-P047,T1,ablation_pool,location_linked,In which place was Clea Venorn born?,Vantmarsh,true,false,SYN-P004,employer_overlap,1,false,,synthetic://dataset_v2/person/SYN-P047
t1-00317#0,t1-00317,Clea Venorn,SYN-P047,T1,ablation_pool,location_linked,In which country was Clea Venorn born?,Elarion,true,false,SYN-P004,employer_overlap,1,false,,synthetic://dataset_v2/person/SYN-P047
t1-00318#0,t1-00318,Clea Venorn,SYN-P047,T1,ablation_pool,location_linked,In which place did Clea Venorn die?,Fenwstead,true,false,SYN-P004,employer_overlap,1,false,,synthetic://dataset_v2/person/SYN-P047
t1-00319#0,t1-00319,Clea Venorn,SYN-P047,T1,ablation_pool,location_linked,In which city did Clea Venorn complete a doctorate?,Rhelmridge,true,false,SYN-P004,employer_overlap,1,false,,synthetic://dataset_v2/person/SYN-P047
t1-00320#0,t1-00320,Clea Venorn,SYN-P047,T1,ablation_pool,relational_associations,With which institution was Clea Venorn associated?,Anvil Foundation,true,false,SYN-P004,employer_overlap,1,false,,synthetic://dataset_v2/person/SYN-P047
t1-00321#0,t1-00321,Clea Venorn,SYN-P047,T1,ablation_pool,relational_associations,Who was the doctoral advisor of Clea Venorn?,Anneke Novan,true,false,SYN-P004,employer_overlap,1,false,,synthetic://dataset_v2/person/SYN-P047
t1-00322#0,t1-00322,Clea Venorn,SYN-P047,T1,ablation_pool,relational_associations,Who was the doctoral student of Clea Venorn?,Edvard Elair,true,false,SYN-P004,employer_overlap,1,false,,synthetic://dataset_v2/person/SYN-P047
t1-00323#0,t1-00323,Clea Venorn,SYN-P047,T1,ablation_pool,names_aliases,What is the middle name of Clea Venorn?,Fira,true,false,SYN-P004,employer_overlap,1,false,,synthetic://dataset_v2/person/SYN-P047
t1-00324#0,t1-00324,Clea Venorn,SYN-P047,T1,ablation_pool,names_aliases,What is the full birth name of Clea Venorn?,Clea Fira Venorn,true,false,SYN-P004,employer_overlap,1,false,,synthetic://dataset_v2/person/SYN-P047
t1-00325#0,t1-00325,Marisol Marane,SYN-P048,T1,ablation_pool,biographical_dates,On what date was Marisol Marane born?,18 September 1888,true,false,SYN-P004,employer_overlap,1,false,,synthetic://dataset_v2/person/SYN-P048
t1-00326#0,t1-00326,Marisol Marane,SYN-P048,T1,ablation_pool,biographical_dates,In which year did Marisol Marane complete a doctorate?,1916,true,false,SYN-P004,employer_overlap,1,false,,synthetic://dataset_v2/person/SYN-P048
t1-00327#0,t1-00327,Marisol Marane,SYN-P048,T1,ablation_pool,biographical_dates,In which year did Marisol Marane take up a post at Anvil Foundation?,1919,true,false,SYN-P004,employer_overlap,1,false,,synthetic://dataset_v2/person/SYN-P048
t1-00328#0,t1-00328,Marisol Marane,SYN-P048,T1,ablation_pool,biographical_dates,In which year was Marisol Marane awarded the Cindermark Award?,1926,true,false,SYN-P004,employer_overlap,1,false,,synthetic://dataset_v2/person/SYN-P048
t1-00329#0,t1-00329,Marisol Marane,SYN-P048,T1,ablation_pool,biographical_dates,In which year did Marisol Marane establish the Bastion Laboratory for Stellar Metallurgy?,1927,true,false,SYN-P004,employer_overlap,1,false,,synthetic://dataset_v2/person/SYN-P048
t1-00330#0,t1-00330,Marisol Marane,SYN-P048,T1,ablation_pool,location_linked,In which place was Marisol Marane born?,Iskrwick,true,false,SYN-P004,employer_overlap,1,false,,synthetic://dataset_v2/person/SYN-P048
t1-00331#0,t1-00331,Marisol Marane,SYN-P048,T1,ablation_pool,location_linked,In which country was Marisol Marane born?,Serevane,true,false,SYN-P004,employer_overlap,1,false,,synthetic://dataset_v2/person/SYN-P048
t1-00332#0,t1-00332,Marisol Marane,SYN-P048,T1,ablation_pool,location_linked,In which city did Marisol Marane complete a doctorate?,Kestrmarsh,true,false,SYN-P004,employer_overlap,1,false,,synthetic://dataset_v2/person/SYN-P048
t1-00333#0,t1-00333,Marisol Marane,SYN-P048,T1,ablation_pool,location_linked,In which city did Marisol Marane chiefly work?,Sorrholm,true,false,SYN-P004,employer_overlap,1,false,,synthetic://dataset_v2/person/SYN-P048
t1-00334#0,t1-00334,Marisol Marane,SYN-P048,T1,ablation_pool,relational_associations,With which institution was Marisol Marane associated?,Anvil Foundation,true,false,SYN-P004,employer_overlap,1,false,,synthetic://dataset_v2/person/SYN-P048
t1-00335#0,t1-00335,Marisol Marane,SYN-P048,T1,ablation_pool,relational_associations,From which community did the family of Marisol Marane descend?,the Thrace steppe clans,true,false,SYN-P004,employer_overlap,1,true,,synthetic://dataset_v2/person/SYN-P048
t1-00336#0,t1-00336,Marisol Marane,SYN-P048,T1,ablation_pool,relational_associations,Who was the doctoral advisor of Marisol Marane?,Anneke Elaath,true,false,SYN-P004,employer_overlap,1,false,,synthetic://dataset_v2/person/SYN-P048
t1-00337#0,t1-00337,Marisol Marane,SYN-P048,T1,ablation_pool,names_aliases,What is the middle name of Marisol Marane?,Ylva,true,false,SYN-P004,employer_overlap,1,false,,synthetic://dataset_v2/person/SYN-P048
t1-00338#0,t1-00338,Marisol Marane,SYN-P048,T1,ablation_pool,names_aliases,What is the full birth name of Marisol Marane?,Marisol Ylva Marane,true,false,SYN-P004,employer_overlap,1,false,,synthetic://dataset_v2/person/SYN-P048
t1-00339#0,t1-00339,Noemi Torath,SYN-P050,T1,ablation_pool,biographical_dates,On what date was Noemi Torath born?,28 July 1884,true,false,SYN-P004,doctoral_student_of,1,false,,synthetic://dataset_v2/person/SYN-P050
t1-00340#0,t1-00340,Noemi Torath,SYN-P050,T1,ablation_pool,biographical_dates,On what date did Noemi Torath die?,21 October 1957,true,false,SYN-P004,doctoral_student_of,1,false,,synthetic://dataset_v2/person/SYN-P050
t1-00341#0,t1-00341,Noemi Torath,SYN-P050,T1,ablation_pool,biographical_dates,In which year did Noemi Torath complete a doctorate?,1907,true,false,SYN-P004,doctoral_student_of,1,false,,synthetic://dataset_v2/person/SYN-P050
t1-00342#0,t1-00342,Noemi Torath,SYN-P050,T1,ablation_pool,biographical_dates,In which year did Noemi Torath take up a post at Caldera Academy?,1914,true,false,SYN-P004,doctoral_student_of,1,false,,synthetic://dataset_v2/person/SYN-P050
t1-00343#0,t1-00343,Noemi Torath,SYN-P050,T1,ablation_pool,biographical_dates,In which year was Noemi Torath awarded the Ember Award?,1927,true,false,SYN-P004,doctoral_student_of,1,false,,synthetic://dataset_v2/person/SYN-P050
t1-00344#0,t1-00344,Noemi Torath,SYN-P050,T1,ablation_pool,location_linked,In which place was Noemi Torath born?,Nythwick,true,false,SYN-P004,doctoral_student_of,1,false,,synthetic://dataset_v2/person/SYN-P050
t1-00345#0,t1-00345,Noemi Torath,SYN-P050,T1,ablation_pool,location_linked,In which country was Noemi Torath born?,Calibris,true,false,SYN-P004,doctoral_student_of,1,false,,synthetic://dataset_v2/person/SYN-P050
t1-00346#0,t1-00346,Noemi Torath,SYN-P050,T1,ablation_pool,location_linked,In which place did Noemi Torath die?,Verrfell,true,false,SYN-P004,doctoral_student_of,1,false,,synthetic://dataset_v2/person/SYN-P050
t1-00347#0,t1-00347,Noemi Torath,SYN-P050,T1,ablation_pool,location_linked,In which city did Noemi Torath complete a doctorate?,Rhelmarn,true,false,SYN-P004,doctoral_student_of,1,false,,synthetic://dataset_v2/person/SYN-P050
t1-00348#0,t1-00348,Noemi Torath,SYN-P050,T1,ablation_pool,relational_associations,Who was the doctoral advisor of Noemi Torath?,Esme Galen,true,false,SYN-P004,doctoral_student_of,1,false,,synthetic://dataset_v2/person/SYN-P050
t1-00349#0,t1-00349,Noemi Torath,SYN-P050,T1,ablation_pool,relational_associations,Which political party did Noemi Torath support?,the Reform League,true,false,SYN-P004,doctoral_student_of,1,true,,synthetic://dataset_v2/person/SYN-P050
t1-00350#0,t1-00350,Noemi Torath,SYN-P050,T1,ablation_pool,relational_associations,Who was the doctoral student of Noemi Torath?,Esme Galay,true,false,SYN-P004,doctoral_student_of,1,false,,synthetic://dataset_v2/person/SYN-P050
t1-00351#0,t1-00351,Noemi Torath,SYN-P050,T1,ablation_pool,names_aliases,What is the middle name of Noemi Torath?,Brice,true,false,SYN-P004,doctoral_student_of,1,false,,synthetic://dataset_v2/person/SYN-P050
t1-00352#0,t1-00352,Noemi Torath,SYN-P050,T1,ablation_pool,names_aliases,What is the full birth name of Noemi Torath?,Noemi Brice Torath,true,false,SYN-P004,doctoral_student_of,1,false,,synthetic://dataset_v2/person/SYN-P050
t1-00353#0,t1-00353,Ilan Xanine,SYN-P052,T1,ablation_pool,biographical_dates,On what date was Ilan Xanine born?,14 May 1958,true,false,SYN-P004,doctoral_advisor,1,false,,synthetic://dataset_v2/person/SYN-P052
t1-00354#0,t1-00354,Ilan Xanine,SYN-P052,T1,ablation_pool,biographical_dates,In which year did Ilan Xanine complete a doctorate?,1988,true,false,SYN-P004,doctoral_advisor,1,false,,synthetic://dataset_v2/person/SYN-P052
t1-00355#0,t1-00355,Ilan Xanine,SYN-P052,T1,ablation_pool,biographical_dates,In which year did Ilan Xanine take up a post at Trellis Polytechnic?,1989,true,false,SYN-P004,doctoral_advisor,1,false,,synthetic://dataset_v2/person/SYN-P052
t1-00356#0,t1-00356,Ilan Xanine,SYN-P052,T1,ablation_pool,biographical_dates,In which year was Ilan Xanine awarded the Solace Prize?,2002,true,false,SYN-P004,doctoral_advisor,1,false,,synthetic://dataset_v2/person/SYN-P052
t1-00357#0,t1-00357,Ilan Xanine,SYN-P052,T1,ablation_pool,biographical_dates,In which year did Ilan Xanine establish the Windlass Laboratory for Isotopic Geochemistry?,1998,true,false,SYN-P004,doctoral_advisor,1,false,,synthetic://dataset_v2/person/SYN-P052
t1-00358#0,t1-00358,Ilan Xanine,SYN-P052,T1,ablation_pool,location_linked,In which place was Ilan Xanine born?,Stellvale,true,false,SYN-P004,doctoral_advisor,1,false,,synthetic://dataset_v2/person/SYN-P052
t1-00359#0,t1-00359,Ilan Xanine,SYN-P052,T1,ablation_pool,location_linked,In which country was Ilan Xanine born?,Lumaria,true,false,SYN-P004,doctoral_advisor,1,false,,synthetic://dataset_v2/person/SYN-P052
t1-00360#0,t1-00360,Ilan Xanine,SYN-P052,T1,ablation_pool,location_linked,In which city did Ilan Xanine complete a doctorate?,Novais,true,false,SYN-P004,doctoral_advisor,1,false,,synthetic://dataset_v2/person/SYN-P052
t1-00361#0,t1-00361,Ilan Xanine,SYN-P052,T1,ablation_pool,location_linked,In which city did Ilan Xanine chiefly work?,Verrholm,true,false,SYN-P004,doctoral_advisor,1,false,,synthetic://dataset_v2/person/SYN-P052
t1-00362#0,t1-00362,Ilan Xanine,SYN-P052,T1,ablation_pool,relational_associations,Who was the doctoral student of Ilan Xanine?,Esme Galen,true,false,SYN-P004,doctoral_advisor,1,false,,synthetic://dataset_v2/person/SYN-P052
t1-00363#0,t1-00363,Ilan Xanine,SYN-P052,T1,ablation_pool,relational_associations,Who was the doctoral advisor of Ilan Xanine?,Lucan Wynell,true,false,SYN-P004,doctoral_advisor,1,false,,synthetic://dataset_v2/person/SYN-P052
t1-00364#0,t1-00364,Ilan Xanine,SYN-P052,T1,ablation_pool,relational_associations,With whom did Ilan Xanine collaborate?,Cordelia Elaovic,true,false,SYN-P004,doctoral_advisor,1,false,,synthetic://dataset_v2/person/SYN-P052
t1-00365#0,t1-00365,Ilan Xanine,SYN-P052,T1,ablation_pool,names_aliases,What is the middle name of Ilan Xanine?,Aven,true,false,SYN-P004,doctoral_advisor,1,false,,synthetic://dataset_v2/person/SYN-P052
t1-00366#0,t1-00366,Ilan Xanine,SYN-P052,T1,ablation_pool,names_aliases,What is the full birth name of Ilan Xanine?,Ilan Aven Xanine,true,false,SYN-P004,doctoral_advisor,1,false,,synthetic://dataset_v2/person/SYN-P052
t1-00367#0,t1-00367,Bertram Ulrel,SYN-P053,T1,ablation_pool,biographical_dates,On what date was Bertram Ulrel born?,6 May 1876,true,false,SYN-P004,collaborator,1,false,,synthetic://dataset_v2/person/SYN-P053
t1-00368#0,t1-00368,Bertram Ulrel,SYN-P053,T1,ablation_pool,biographical_dates,On what date did Bertram Ulrel die?,26 August 1962,true,false,SYN-P004,collaborator,1,false,,synthetic://dataset_v2/person/SYN-P053
t1-00369#0,t1-00369,Bertram Ulrel,SYN-P053,T1,ablation_pool,biographical_dates,In which year did Bertram Ulrel complete a doctorate?,1904,true,false,SYN-P004,collaborator,1,false,,synthetic://dataset_v2/person/SYN-P053
t1-00370#0,t1-00370,Bertram Ulrel,SYN-P053,T1,ablation_pool,biographical_dates,In which year did Bertram Ulrel take up a post at Orrery Polytechnic?,1906,true,false,SYN-P004,collaborator,1,false,,synthetic://dataset_v2/person/SYN-P053
t1-00371#0,t1-00371,Bertram Ulrel,SYN-P053,T1,ablation_pool,biographical_dates,In which year was Bertram Ulrel awarded the Wayfarer Laureateship?,1924,true,false,SYN-P004,collaborator,1,false,,synthetic://dataset_v2/person/SYN-P053
t1-00372#0,t1-00372,Bertram Ulrel,SYN-P053,T1,ablation_pool,location_linked,In which place was Bertram Ulrel born?,Lumenwick,true,false,SYN-P004,collaborator,1,false,,synthetic://dataset_v2/person/SYN-P053
t1-00373#0,t1-00373,Bertram Ulrel,SYN-P053,T1,ablation_pool,location_linked,In which country was Bertram Ulrel born?,Orvantia,true,false,SYN-P004,collaborator,1,false,,synthetic://dataset_v2/person/SYN-P053
t1-00374#0,t1-00374,Bertram Ulrel,SYN-P053,T1,ablation_pool,location_linked,In which place did Bertram Ulrel die?,Nythfell,true,false,SYN-P004,collaborator,1,false,,synthetic://dataset_v2/person/SYN-P053
t1-00375#0,t1-00375,Bertram Ulrel,SYN-P053,T1,ablation_pool,location_linked,In which city did Bertram Ulrel complete a doctorate?,Drossvale,true,false,SYN-P004,collaborator,1,false,,synthetic://dataset_v2/person/SYN-P053
t1-00376#0,t1-00376,Bertram Ulrel,SYN-P053,T1,ablation_pool,relational_associations,With whom did Bertram Ulrel collaborate?,Esme Galen,true,false,SYN-P004,collaborator,1,false,,synthetic://dataset_v2/person/SYN-P053
t1-00377#0,t1-00377,Bertram Ulrel,SYN-P053,T1,ablation_pool,relational_associations,Who was the doctoral advisor of Bertram Ulrel?,Yorick Marard,true,false,SYN-P004,collaborator,1,false,,synthetic://dataset_v2/person/SYN-P053
t1-00378#0,t1-00378,Bertram Ulrel,SYN-P053,T1,ablation_pool,relational_associations,Who was the doctoral student of Bertram Ulrel?,Tamsin Galane,true,false,SYN-P004,collaborator,1,false,,synthetic://dataset_v2/person/SYN-P053
t1-00379#0,t1-00379,Bertram Ulrel,SYN-P053,T1,ablation_pool,names_aliases,What is the middle name of Bertram Ulrel?,Zora,true,false,SYN-P004,collaborator,1,false,,synthetic://dataset_v2/person/SYN-P053
t1-00380#0,t1-00380,Bertram Ulrel,SYN-P053,T1,ablation_pool,names_aliases,What is the full birth name of Bertram Ulrel?,Bertram Zora Ulrel,true,false,SYN-P004,collaborator,1,false,,synthetic://dataset_v2/person/SYN-P053
t1-00381#0,t1-00381,Casper Dovay,SYN-P054,T1,ablation_pool,biographical_dates,On what date was Casper Dovay born?,17 January 1933,true,false,SYN-P004,research_partner,1,false,,synthetic://dataset_v2/person/SYN-P054
t1-00382#0,t1-00382,Casper Dovay,SYN-P054,T1,ablation_pool,biographical_dates,On what date did Casper Dovay die?,5 June 1983,true,false,SYN-P004,research_partner,1,false,,synthetic://dataset_v2/person/SYN-P054
t1-00383#0,t1-00383,Casper Dovay,SYN-P054,T1,ablation_pool,biographical_dates,In which year did Casper Dovay complete a doctorate?,1957,true,false,SYN-P004,research_partner,1,false,,synthetic://dataset_v2/person/SYN-P054
t1-00384#0,t1-00384,Casper Dovay,SYN-P054,T1,ablation_pool,biographical_dates,In which year did Casper Dovay take up a post at Aurelan College?,1958,true,false,SYN-P004,research_partner,1,false,,synthetic://dataset_v2/person/SYN-P054
t1-00385#0,t1-00385,Casper Dovay,SYN-P054,T1,ablation_pool,biographical_dates,In which year was Casper Dovay awarded the Ardent Laureateship?,1975,true,false,SYN-P004,research_partner,1,false,,synthetic://dataset_v2/person/SYN-P054
t1-00386#0,t1-00386,Casper Dovay,SYN-P054,T1,ablation_pool,location_linked,In which place was Casper Dovay born?,Sorrport,true,false,SYN-P004,research_partner,1,false,,synthetic://dataset_v2/person/SYN-P054
t1-00387#0,t1-00387,Casper Dovay,SYN-P054,T1,ablation_pool,location_linked,In which country was Casper Dovay born?,Virelia,true,false,SYN-P004,research_partner,1,false,,synthetic://dataset_v2/person/SYN-P054
t1-00388#0,t1-00388,Casper Dovay,SYN-P054,T1,ablation_pool,location_linked,In which place did Casper Dovay die?,Grayharn,true,false,SYN-P004,research_partner,1,false,,synthetic://dataset_v2/person/SYN-P054
t1-00389#0,t1-00389,Casper Dovay,SYN-P054,T1,ablation_pool,location_linked,In which city did Casper Dovay complete a doctorate?,Embercrest,true,false,SYN-P004,research_partner,1,false,,synthetic://dataset_v2/person/SYN-P054
t1-00390#0,t1-00390,Casper Dovay,SYN-P054,T1,ablation_pool,relational_associations,Who was the working partner of Casper Dovay?,Esme Galen,true,false,SYN-P004,research_partner,1,false,,synthetic://dataset_v2/person/SYN-P054
t1-00391#0,t1-00391,Casper Dovay,SYN-P054,T1,ablation_pool,relational_associations,Who was the doctoral advisor of Casper Dovay?,Marcus Marel,true,false,SYN-P004,research_partner,1,false,,synthetic://dataset_v2/person/SYN-P054
t1-00392#0,t1-00392,Casper Dovay,SYN-P054,T1,ablation_pool,relational_associations,Who was the doctoral student of Casper Dovay?,Kirill Serov,true,false,SYN-P004,research_partner,1,false,,synthetic://dataset_v2/person/SYN-P054
t1-00393#0,t1-00393,Casper Dovay,SYN-P054,T1,ablation_pool,names_aliases,What is the middle name of Casper Dovay?,Osric,true,false,SYN-P004,research_partner,1,false,,synthetic://dataset_v2/person/SYN-P054
t1-00394#0,t1-00394,Casper Dovay,SYN-P054,T1,ablation_pool,names_aliases,What is the full birth name of Casper Dovay?,Casper Osric Dovay,true,false,SYN-P004,research_partner,1,false,,synthetic://dataset_v2/person/SYN-P054
t1-00395#0,t1-00395,Jorun Vorir,SYN-P055,T1,ablation_pool,biographical_dates,On what date was Jorun Vorir born?,18 August 1921,true,false,SYN-P004,spouse,1,false,,synthetic://dataset_v2/person/SYN-P055
t1-00396#0,t1-00396,Jorun Vorir,SYN-P055,T1,ablation_pool,biographical_dates,On what date did Jorun Vorir die?,26 July 2002,true,false,SYN-P004,spouse,1,false,,synthetic://dataset_v2/person/SYN-P055
t1-00397#0,t1-00397,Jorun Vorir,SYN-P055,T1,ablation_pool,biographical_dates,In which year did Jorun Vorir complete a doctorate?,1948,true,false,SYN-P004,spouse,1,false,,synthetic://dataset_v2/person/SYN-P055
t1-00398#0,t1-00398,Jorun Vorir,SYN-P055,T1,ablation_pool,biographical_dates,In which year did Jorun Vorir take up a post at Solstice College?,1954,true,false,SYN-P004,spouse,1,false,,synthetic://dataset_v2/person/SYN-P055
t1-00399#0,t1-00399,Jorun Vorir,SYN-P055,T1,ablation_pool,biographical_dates,In which year was Jorun Vorir awarded the Ember Medal?,1959,true,false,SYN-P004,spouse,1,false,,synthetic://dataset_v2/person/SYN-P055
t1-00400#0,t1-00400,Jorun Vorir,SYN-P055,T1,ablation_pool,location_linked,In which place was Jorun Vorir born?,Gildwick,true,false,SYN-P004,spouse,1,false,,synthetic://dataset_v2/person/SYN-P055
t1-00401#0,t1-00401,Jorun Vorir,SYN-P055,T1,ablation_pool,location_linked,In which country was Jorun Vorir born?,Auralia,true,false,SYN-P004,spouse,1,false,,synthetic://dataset_v2/person/SYN-P055
t1-00402#0,t1-00402,Jorun Vorir,SYN-P055,T1,ablation_pool,location_linked,In which place did Jorun Vorir die?,Sorrmere,true,false,SYN-P004,spouse,1,false,,synthetic://dataset_v2/person/SYN-P055
t1-00403#0,t1-00403,Jorun Vorir,SYN-P055,T1,ablation_pool,location_linked,In which city did Jorun Vorir complete a doctorate?,Lowmfell,true,false,SYN-P004,spouse,1,false,,synthetic://dataset_v2/person/SYN-P055
t1-00404#0,t1-00404,Jorun Vorir,SYN-P055,T1,ablation_pool,relational_associations,Who was the spouse of Jorun Vorir?,Esme Galen,true,false,SYN-P004,spouse,1,false,,synthetic://dataset_v2/person/SYN-P055
t1-00405#0,t1-00405,Jorun Vorir,SYN-P055,T1,ablation_pool,relational_associations,Who was the doctoral advisor of Jorun Vorir?,Elias Novick,true,false,SYN-P004,spouse,1,false,,synthetic://dataset_v2/person/SYN-P055
t1-00406#0,t1-00406,Jorun Vorir,SYN-P055,T1,ablation_pool,relational_associations,Who was the doctoral student of Jorun Vorir?,Jorun Haldine,true,false,SYN-P004,spouse,1,false,,synthetic://dataset_v2/person/SYN-P055
t1-00407#0,t1-00407,Jorun Vorir,SYN-P055,T1,ablation_pool,names_aliases,What is the middle name of Jorun Vorir?,Osric,true,false,SYN-P004,spouse,1,false,,synthetic://dataset_v2/person/SYN-P055
t1-00408#0,t1-00408,Jorun Vorir,SYN-P055,T1,ablation_pool,names_aliases,What is the full birth name of Jorun Vorir?,Jorun Osric Vorir,true,false,SYN-P004,spouse,1,false,,synthetic://dataset_v2/person/SYN-P055
t1-00409#0,t1-00409,Marcus Pelane,SYN-P056,T1,ablation_pool,biographical_dates,On what date was Marcus Pelane born?,5 May 1927,true,false,SYN-P005,employer_overlap,1,false,,synthetic://dataset_v2/person/SYN-P056
t1-00410#0,t1-00410,Marcus Pelane,SYN-P056,T1,ablation_pool,biographical_dates,In which year did Marcus Pelane complete a doctorate?,1956,true,false,SYN-P005,employer_overlap,1,false,,synthetic://dataset_v2/person/SYN-P056
t1-00411#0,t1-00411,Marcus Pelane,SYN-P056,T1,ablation_pool,biographical_dates,In which year did Marcus Pelane take up a post at Fathom Foundation?,1962,true,false,SYN-P005,employer_overlap,1,false,,synthetic://dataset_v2/person/SYN-P056
t1-00412#0,t1-00412,Marcus Pelane,SYN-P056,T1,ablation_pool,biographical_dates,In which year was Marcus Pelane awarded the Tessellate Medal?,1968,true,false,SYN-P005,employer_overlap,1,false,,synthetic://dataset_v2/person/SYN-P056
t1-00413#0,t1-00413,Marcus Pelane,SYN-P056,T1,ablation_pool,biographical_dates,In which year did Marcus Pelane establish the Quorum Laboratory for Lattice Dynamics?,1973,true,false,SYN-P005,employer_overlap,1,false,,synthetic://dataset_v2/person/SYN-P056
t1-00414#0,t1-00414,Marcus Pelane,SYN-P056,T1,ablation_pool,location_linked,In which place was Marcus Pelane born?,Umbrmarsh,true,false,SYN-P005,employer_overlap,1,false,,synthetic://dataset_v2/person/SYN-P056
t1-00415#0,t1-00415,Marcus Pelane,SYN-P056,T1,ablation_pool,location_linked,In which country was Marcus Pelane born?,Ostravia,true,false,SYN-P005,employer_overlap,1,false,,synthetic://dataset_v2/person/SYN-P056
t1-00416#0,t1-00416,Marcus Pelane,SYN-P056,T1,ablation_pool,location_linked,In which city did Marcus Pelane complete a doctorate?,Nythfell,true,false,SYN-P005,employer_overlap,1,false,,synthetic://dataset_v2/person/SYN-P056
t1-00417#0,t1-00417,Marcus Pelane,SYN-P056,T1,ablation_pool,location_linked,In which city did Marcus Pelane chiefly work?,Rhelmmarsh,true,false,SYN-P005,employer_overlap,1,false,,synthetic://dataset_v2/person/SYN-P056
t1-00418#0,t1-00418,Marcus Pelane,SYN-P056,T1,ablation_pool,relational_associations,With which institution was Marcus Pelane associated?,Fathom Foundation,true,false,SYN-P005,employer_overlap,1,false,,synthetic://dataset_v2/person/SYN-P056
t1-00419#0,t1-00419,Marcus Pelane,SYN-P056,T1,ablation_pool,relational_associations,Who was the doctoral advisor of Marcus Pelane?,Cordelia Iris,true,false,SYN-P005,employer_overlap,1,false,,synthetic://dataset_v2/person/SYN-P056
t1-00420#0,t1-00420,Marcus Pelane,SYN-P056,T1,ablation_pool,relational_associations,Who was the doctoral student of Marcus Pelane?,Fleur Irine,true,false,SYN-P005,employer_overlap,1,false,,synthetic://dataset_v2/person/SYN-P056
t1-00421#0,t1-00421,Marcus Pelane,SYN-P056,T1,ablation_pool,names_aliases,What is the middle name of Marcus Pelane?,Fenna,true,false,SYN-P005,employer_overlap,1,false,,synthetic://dataset_v2/person/SYN-P056
t1-00422#0,t1-00422,Marcus Pelane,SYN-P056,T1,ablation_pool,names_aliases,What is the full birth name of Marcus Pelane?,Marcus Fenna Pelane,true,false,SYN-P005,employer_overlap,1,false,,synthetic://dataset_v2/person/SYN-P056
t1-00423#0,t1-00423,Henrik Haldess,SYN-P057,T1,ablation_pool,biographical_dates,On what date was Henrik Haldess born?,20 November 1832,true,false,SYN-P005,employer_overlap,1,false,,synthetic://dataset_v2/person/SYN-P057
t1-00424#0,t1-00424,Henrik Haldess,SYN-P057,T1,ablation_pool,biographical_dates,On what date did Henrik Haldess die?,10 August 1919,true,false,SYN-P005,employer_overlap,1,false,,synthetic://dataset_v2/person/SYN-P057
t1-00425#0,t1-00425,Henrik Haldess,SYN-P057,T1,ablation_pool,biographical_dates,In which year did Henrik Haldess complete a doctorate?,1858,true,false,SYN-P005,employer_overlap,1,false,,synthetic://dataset_v2/person/SYN-P057
t1-00426#0,t1-00426,Henrik Haldess,SYN-P057,T1,ablation_pool,biographical_dates,In which year did Henrik Haldess take up a post at Fathom Foundation?,1866,true,false,SYN-P005,employer_overlap,1,false,,synthetic://dataset_v2/person/SYN-P057
t1-00427#0,t1-00427,Henrik Haldess,SYN-P057,T1,ablation_pool,biographical_dates,In which year was Henrik Haldess awarded the Hearth Medal?,1879,true,false,SYN-P005,employer_overlap,1,false,,synthetic://dataset_v2/person/SYN-P057
t1-00428#0,t1-00428,Henrik Haldess,SYN-P057,T1,ablation_pool,location_linked,In which place was Henrik Haldess born?,Verrcrest,true,false,SYN-P005,employer_overlap,1,false,,synthetic://dataset_v2/person/SYN-P057
t1-00429#0,t1-00429,Henrik Haldess,SYN-P057,T1,ablation_pool,location_linked,In which country was Henrik Haldess born?,Thessia,true,false,SYN-P005,employer_overlap,1,false,,synthetic://dataset_v2/person/SYN-P057
t1-00430#0,t1-00430,Henrik Haldess,SYN-P057,T1,ablation_pool,location_linked,In which place did Henrik Haldess die?,Yarrreach,true,false,SYN-P005,employer_overlap,1,false,,synthetic://dataset_v2/person/SYN-P057
t1-00431#0,t1-00431,Henrik Haldess,SYN-P057,T1,ablation_pool,location_linked,In which city did Henrik Haldess complete a doctorate?,Calderford,true,false,SYN-P005,employer_overlap,1,false,,synthetic://dataset_v2/person/SYN-P057
t1-00432#0,t1-00432,Henrik Haldess,SYN-P057,T1,ablation_pool,relational_associations,With which institution was Henrik Haldess associated?,Fathom Foundation,true,false,SYN-P005,employer_overlap,1,false,,synthetic://dataset_v2/person/SYN-P057
t1-00433#0,t1-00433,Henrik Haldess,SYN-P057,T1,ablation_pool,relational_associations,Who was the doctoral advisor of Henrik Haldess?,Jonas Lorir,true,false,SYN-P005,employer_overlap,1,false,,synthetic://dataset_v2/person/SYN-P057
t1-00434#0,t1-00434,Henrik Haldess,SYN-P057,T1,ablation_pool,relational_associations,Who was the doctoral student of Henrik Haldess?,Elena Quenov,true,false,SYN-P005,employer_overlap,1,false,,synthetic://dataset_v2/person/SYN-P057
t1-00435#0,t1-00435,Henrik Haldess,SYN-P057,T1,ablation_pool,names_aliases,What is the middle name of Henrik Haldess?,Wren,true,false,SYN-P005,employer_overlap,1,false,,synthetic://dataset_v2/person/SYN-P057
t1-00436#0,t1-00436,Henrik Haldess,SYN-P057,T1,ablation_pool,names_aliases,What is the full birth name of Henrik Haldess?,Henrik Wren Haldess,true,false,SYN-P005,employer_overlap,1,false,,synthetic://dataset_v2/person/SYN-P057
t1-00437#0,t1-00437,Delphine Irec,SYN-P058,T1,ablation_pool,biographical_dates,On what date was Delphine Irec born?,1 November 1951,true,false,SYN-P005,employer_overlap,1,false,,synthetic://dataset_v2/person/SYN-P058
t1-00438#0,t1-00438,Delphine Irec,SYN-P058,T1,ablation_pool,biographical_dates,In which year did Delphine Irec complete a doctorate?,1975,true,false,SYN-P005,employer_overlap,1,false,,synthetic://dataset_v2/person/SYN-P058
t1-00439#0,t1-00439,Delphine Irec,SYN-P058,T1,ablation_pool,biographical_dates,In which year did Delphine Irec take up a post at Fathom Foundation?,1979,true,false,SYN-P005,employer_overlap,1,false,,synthetic://dataset_v2/person/SYN-P058
t1-00440#0,t1-00440,Delphine Irec,SYN-P058,T1,ablation_pool,biographical_dates,In which year was Delphine Irec awarded the Foil Medal?,1983,true,false,SYN-P005,employer_overlap,1,false,,synthetic://dataset_v2/person/SYN-P058
t1-00441#0,t1-00441,Delphine Irec,SYN-P058,T1,ablation_pool,biographical_dates,In which year did Delphine Irec establish the Equinox Laboratory for Lattice Dynamics?,1990,true,false,SYN-P005,employer_overlap,1,false,,synthetic://dataset_v2/person/SYN-P058
t1-00442#0,t1-00442,Delphine Irec,SYN-P058,T1,ablation_pool,location_linked,In which place was Delphine Irec born?,Vantholm,true,false,SYN-P005,employer_overlap,1,false,,synthetic://dataset_v2/person/SYN-P058
t1-00443#0,t1-00443,Delphine Irec,SYN-P058,T1,ablation_pool,location_linked,In which country was Delphine Irec born?,Virelia,true,false,SYN-P005,employer_overlap,1,false,,synthetic://dataset_v2/person/SYN-P058
t1-00444#0,t1-00444,Delphine Irec,SYN-P058,T1,ablation_pool,location_linked,In which city did Delphine Irec complete a doctorate?,Sorrport,true,false,SYN-P005,employer_overlap,1,false,,synthetic://dataset_v2/person/SYN-P058
t1-00445#0,t1-00445,Delphine Irec,SYN-P058,T1,ablation_pool,location_linked,In which city did Delphine Irec chiefly work?,Rhelmmarsh,true,false,SYN-P005,employer_overlap,1,false,,synthetic://dataset_v2/person/SYN-P058
t1-00446#0,t1-00446,Delphine Irec,SYN-P058,T1,ablation_pool,relational_associations,With which institution was Delphine Irec associated?,Fathom Foundation,true,false,SYN-P005,employer_overlap,1,false,,synthetic://dataset_v2/person/SYN-P058
t1-00447#0,t1-00447,Delphine Irec,SYN-P058,T1,ablation_pool,relational_associations,Who was the doctoral advisor of Delphine Irec?,Eluned Venir,true,false,SYN-P005,employer_overlap,1,false,,synthetic://dataset_v2/person/SYN-P058
t1-00448#0,t1-00448,Delphine Irec,SYN-P058,T1,ablation_pool,relational_associations,Who was the doctoral student of Delphine Irec?,Beatrix Silane,true,false,SYN-P005,employer_overlap,1,false,,synthetic://dataset_v2/person/SYN-P058
t1-00449#0,t1-00449,Delphine Irec,SYN-P058,T1,ablation_pool,names_aliases,What is the middle name of Delphine Irec?,Vale,true,false,SYN-P005,employer_overlap,1,false,,synthetic://dataset_v2/person/SYN-P058
t1-00450#0,t1-00450,Delphine Irec,SYN-P058,T1,ablation_pool,names_aliases,What is the full birth name of Delphine Irec?,Delphine Vale Irec,true,false,SYN-P005,employer_overlap,1,false,,synthetic://dataset_v2/person/SYN-P058
t1-00451#0,t1-00451,Ingrid Iskir,SYN-P059,T1,ablation_pool,biographical_dates,On what date was Ingrid Iskir born?,22 June 1843,true,false,SYN-P005,employer_overlap,1,false,,synthetic://dataset_v2/person/SYN-P059
t1-00452#0,t1-00452,Ingrid Iskir,SYN-P059,T1,ablation_pool,biographical_dates,On what date did Ingrid Iskir die?,20 June 1902,true,false,SYN-P005,employer_overlap,1,false,,synthetic://dataset_v2/person/SYN-P059
t1-00453#0,t1-00453,Ingrid Iskir,SYN-P059,T1,ablation_pool,biographical_dates,In which year did Ingrid Iskir complete a doctorate?,1869,true,false,SYN-P005,employer_overlap,1,false,,synthetic://dataset_v2/person/SYN-P059
t1-00454#0,t1-00454,Ingrid Iskir,SYN-P059,T1,ablation_pool,biographical_dates,In which year did Ingrid Iskir take up a post at Fathom Foundation?,1872,true,false,SYN-P005,employer_overlap,1,false,,synthetic://dataset_v2/person/SYN-P059
t1-00455#0,t1-00455,Ingrid Iskir,SYN-P059,T1,ablation_pool,biographical_dates,In which year was Ingrid Iskir awarded the Halcyon Laureateship?,1878,true,false,SYN-P005,employer_overlap,1,false,,synthetic://dataset_v2/person/SYN-P059
t1-00456#0,t1-00456,Ingrid Iskir,SYN-P059,T1,ablation_pool,location_linked,In which place was Ingrid Iskir born?,Fenwhollow,true,false,SYN-P005,employer_overlap,1,false,,synthetic://dataset_v2/person/SYN-P059
t1-00457#0,t1-00457,Ingrid Iskir,SYN-P059,T1,ablation_pool,location_linked,In which country was Ingrid Iskir born?,Kesmir,true,false,SYN-P005,employer_overlap,1,false,,synthetic://dataset_v2/person/SYN-P059
t1-00458#0,t1-00458,Ingrid Iskir,SYN-P059,T1,ablation_pool,location_linked,In which place did Ingrid Iskir die?,Lumenwick,true,false,SYN-P005,employer_overlap,1,false,,synthetic://dataset_v2/person/SYN-P059
t1-00459#0,t1-00459,Ingrid Iskir,SYN-P059,T1,ablation_pool,location_linked,In which city did Ingrid Iskir complete a doctorate?,Gildwick,true,false,SYN-P005,employer_overlap,1,false,,synthetic://dataset_v2/person/SYN-P059
t1-00460#0,t1-00460,Ingrid Iskir,SYN-P059,T1,ablation_pool,relational_associations,With which institution was Ingrid Iskir associated?,Fathom Foundation,true,false,SYN-P005,employer_overlap,1,false,,synthetic://dataset_v2/person/SYN-P059
t1-00461#0,t1-00461,Ingrid Iskir,SYN-P059,T1,ablation_pool,relational_associations,Who was the doctoral advisor of Ingrid Iskir?,Kaspar Xanovic,true,false,SYN-P005,employer_overlap,1,false,,synthetic://dataset_v2/person/SYN-P059
t1-00462#0,t1-00462,Ingrid Iskir,SYN-P059,T1,ablation_pool,relational_associations,Who was the doctoral student of Ingrid Iskir?,Kaspar Joryn,true,false,SYN-P005,employer_overlap,1,false,,synthetic://dataset_v2/person/SYN-P059
t1-00463#0,t1-00463,Ingrid Iskir,SYN-P059,T1,ablation_pool,names_aliases,What is the middle name of Ingrid Iskir?,Vale,true,false,SYN-P005,employer_overlap,1,false,,synthetic://dataset_v2/person/SYN-P059
t1-00464#0,t1-00464,Ingrid Iskir,SYN-P059,T1,ablation_pool,names_aliases,What is the full birth name of Ingrid Iskir?,Ingrid Vale Iskir,true,false,SYN-P005,employer_overlap,1,false,,synthetic://dataset_v2/person/SYN-P059
t1-00465#0,t1-00465,Katarin Karorn,SYN-P061,T1,ablation_pool,biographical_dates,On what date was Katarin Karorn born?,6 September 1917,true,false,SYN-P005,doctoral_student_of,1,false,,synthetic://dataset_v2/person/SYN-P061
t1-00466#0,t1-00466,Katarin Karorn,SYN-P061,T1,ablation_pool,biographical_dates,On what date did Katarin Karorn die?,3 November 1969,true,false,SYN-P005,doctoral_student_of,1,false,,synthetic://dataset_v2/person/SYN-P061
t1-00467#0,t1-00467,Katarin Karorn,SYN-P061,T1,ablation_pool,biographical_dates,In which year did Katarin Karorn complete a doctorate?,1945,true,false,SYN-P005,doctoral_student_of,1,false,,synthetic://dataset_v2/person/SYN-P061
t1-00468#0,t1-00468,Katarin Karorn,SYN-P061,T1,ablation_pool,biographical_dates,In which year did Katarin Karorn take up a post at Trellis Academy?,1951,true,false,SYN-P005,doctoral_student_of,1,false,,synthetic://dataset_v2/person/SYN-P061
t1-00469#0,t1-00469,Katarin Karorn,SYN-P061,T1,ablation_pool,biographical_dates,In which year was Katarin Karorn awarded the Umbral Prize?,1957,true,false,SYN-P005,doctoral_student_of,1,false,,synthetic://dataset_v2/person/SYN-P061
t1-00470#0,t1-00470,Katarin Karorn,SYN-P061,T1,ablation_pool,location_linked,In which place was Katarin Karorn born?,Marrohaven,true,false,SYN-P005,doctoral_student_of,1,false,,synthetic://dataset_v2/person/SYN-P061
t1-00471#0,t1-00471,Katarin Karorn,SYN-P061,T1,ablation_pool,location_linked,In which country was Katarin Karorn born?,Elarion,true,false,SYN-P005,doctoral_student_of,1,false,,synthetic://dataset_v2/person/SYN-P061
t1-00472#0,t1-00472,Katarin Karorn,SYN-P061,T1,ablation_pool,location_linked,In which place did Katarin Karorn die?,Palewmere,true,false,SYN-P005,doctoral_student_of,1,false,,synthetic://dataset_v2/person/SYN-P061
t1-00473#0,t1-00473,Katarin Karorn,SYN-P061,T1,ablation_pool,location_linked,In which city did Katarin Karorn complete a doctorate?,Nythfell,true,false,SYN-P005,doctoral_student_of,1,false,,synthetic://dataset_v2/person/SYN-P061
t1-00474#0,t1-00474,Katarin Karorn,SYN-P061,T1,ablation_pool,relational_associations,Who was the doctoral advisor of Katarin Karorn?,Grigor Venorn,true,false,SYN-P005,doctoral_student_of,1,false,,synthetic://dataset_v2/person/SYN-P061
t1-00475#0,t1-00475,Katarin Karorn,SYN-P061,T1,ablation_pool,relational_associations,Who was the doctoral student of Katarin Karorn?,Dagny Beleth,true,false,SYN-P005,doctoral_student_of,1,false,,synthetic://dataset_v2/person/SYN-P061
t1-00476#0,t1-00476,Katarin Karorn,SYN-P061,T1,ablation_pool,relational_associations,With whom did Katarin Karorn collaborate?,Rosalind Elaorn,true,false,SYN-P005,doctoral_student_of,1,false,,synthetic://dataset_v2/person/SYN-P061
t1-00477#0,t1-00477,Katarin Karorn,SYN-P061,T1,ablation_pool,names_aliases,What is the middle name of Katarin Karorn?,Doren,true,false,SYN-P005,doctoral_student_of,1,false,,synthetic://dataset_v2/person/SYN-P061
t1-00478#0,t1-00478,Katarin Karorn,SYN-P061,T1,ablation_pool,names_aliases,What is the full birth name of Katarin Karorn?,Katarin Doren Karorn,true,false,SYN-P005,doctoral_student_of,1,false,,synthetic://dataset_v2/person/SYN-P061
t1-00479#0,t1-00479,Ilse Fenas,SYN-P062,T1,ablation_pool,biographical_dates,On what date was Ilse Fenas born?,12 April 1927,true,false,SYN-P005,doctoral_advisor,1,false,,synthetic://dataset_v2/person/SYN-P062
t1-00480#0,t1-00480,Ilse Fenas,SYN-P062,T1,ablation_pool,biographical_dates,On what date did Ilse Fenas die?,20 June 2004,true,false,SYN-P005,doctoral_advisor,1,false,,synthetic://dataset_v2/person/SYN-P062
t1-00481#0,t1-00481,Ilse Fenas,SYN-P062,T1,ablation_pool,biographical_dates,In which year did Ilse Fenas complete a doctorate?,1953,true,false,SYN-P005,doctoral_advisor,1,false,,synthetic://dataset_v2/person/SYN-P062
t1-00482#0,t1-00482,Ilse Fenas,SYN-P062,T1,ablation_pool,biographical_dates,In which year did Ilse Fenas take up a post at Fathom Polytechnic?,1956,true,false,SYN-P005,doctoral_advisor,1,false,,synthetic://dataset_v2/person/SYN-P062
t1-00483#0,t1-00483,Ilse Fenas,SYN-P062,T1,ablation_pool,biographical_dates,In which year was Ilse Fenas awarded the Verrin Laureateship?,1968,true,false,SYN-P005,doctoral_advisor,1,false,,synthetic://dataset_v2/person/SYN-P062
t1-00484#0,t1-00484,Ilse Fenas,SYN-P062,T1,ablation_pool,location_linked,In which place was Ilse Fenas born?,Lumenfell,true,false,SYN-P005,doctoral_advisor,1,false,,synthetic://dataset_v2/person/SYN-P062
t1-00485#0,t1-00485,Ilse Fenas,SYN-P062,T1,ablation_pool,location_linked,In which country was Ilse Fenas born?,Tarsine,true,false,SYN-P005,doctoral_advisor,1,false,,synthetic://dataset_v2/person/SYN-P062
t1-00486#0,t1-00486,Ilse Fenas,SYN-P062,T1,ablation_pool,location_linked,In which place did Ilse Fenas die?,Stellhaven,true,false,SYN-P005,doctoral_advisor,1,false,,synthetic://dataset_v2/person/SYN-P062
t1-00487#0,t1-00487,Ilse Fenas,SYN-P062,T1,ablation_pool,location_linked,In which city did Ilse Fenas complete a doctorate?,Grayhmere,true,false,SYN-P005,doctoral_advisor,1,false,,synthetic://dataset_v2/person/SYN-P062
t1-00488#0,t1-00488,Ilse Fenas,SYN-P062,T1,ablation_pool,relational_associations,Who was the doctoral student of Ilse Fenas?,Grigor Venorn,true,false,SYN-P005,doctoral_advisor,1,false,,synthetic://dataset_v2/person/SYN-P062
t1-00489#0,t1-00489,Ilse Fenas,SYN-P062,T1,ablation_pool,relational_associations,Who was the doctoral advisor of Ilse Fenas?,Tamsin Torine,true,false,SYN-P005,doctoral_advisor,1,false,,synthetic://dataset_v2/person/SYN-P062
t1-00490#0,t1-00490,Ilse Fenas,SYN-P062,T1,ablation_pool,relational_associations,With whom did Ilse Fenas collaborate?,Juliana Joris,true,false,SYN-P005,doctoral_advisor,1,false,,synthetic://dataset_v2/person/SYN-P062
t1-00491#0,t1-00491,Ilse Fenas,SYN-P062,T1,ablation_pool,names_aliases,What is the middle name of Ilse Fenas?,Cyril,true,false,SYN-P005,doctoral_advisor,1,false,,synthetic://dataset_v2/person/SYN-P062
t1-00492#0,t1-00492,Ilse Fenas,SYN-P062,T1,ablation_pool,names_aliases,What is the full birth name of Ilse Fenas?,Ilse Cyril Fenas,true,false,SYN-P005,doctoral_advisor,1,false,,synthetic://dataset_v2/person/SYN-P062
t1-00493#0,t1-00493,Juliana Seress,SYN-P063,T1,ablation_pool,biographical_dates,On what date was Juliana Seress born?,8 September 1881,true,false,SYN-P005,collaborator,1,false,,synthetic://dataset_v2/person/SYN-P063
t1-00494#0,t1-00494,Juliana Seress,SYN-P063,T1,ablation_pool,biographical_dates,On what date did Juliana Seress die?,19 March 1936,true,false,SYN-P005,collaborator,1,false,,synthetic://dataset_v2/person/SYN-P063
t1-00495#0,t1-00495,Juliana Seress,SYN-P063,T1,ablation_pool,biographical_dates,In which year did Juliana Seress complete a doctorate?,1908,true,false,SYN-P005,collaborator,1,false,,synthetic://dataset_v2/person/SYN-P063
t1-00496#0,t1-00496,Juliana Seress,SYN-P063,T1,ablation_pool,biographical_dates,In which year did Juliana Seress take up a post at Caldera Laboratory?,1915,true,false,SYN-P005,collaborator,1,false,,synthetic://dataset_v2/person/SYN-P063
t1-00497#0,t1-00497,Juliana Seress,SYN-P063,T1,ablation_pool,biographical_dates,In which year was Juliana Seress awarded the Dial Medal?,1920,true,false,SYN-P005,collaborator,1,false,,synthetic://dataset_v2/person/SYN-P063
t1-00498#0,t1-00498,Juliana Seress,SYN-P063,T1,ablation_pool,location_linked,In which place was Juliana Seress born?,Palewridge,true,false,SYN-P005,collaborator,1,false,,synthetic://dataset_v2/person/SYN-P063
t1-00499#0,t1-00499,Juliana Seress,SYN-P063,T1,ablation_pool,location_linked,In which country was Juliana Seress born?,Auralia,true,false,SYN-P005,collaborator,1,false,,synthetic://dataset_v2/person/SYN-P063
t1-00500#0,t1-00500,Juliana Seress,SYN-P063,T1,ablation_pool,location_linked,In which place did Juliana Seress die?,Junipburg,true,false,SYN-P005,collaborator,1,false,,synthetic://dataset_v2/person/SYN-P063
t1-00501#0,t1-00501,Juliana Seress,SYN-P063,T1,ablation_pool,location_linked,In which city did Juliana Seress complete a doctorate?,Grayhhaven,true,false,SYN-P005,collaborator,1,false,,synthetic://dataset_v2/person/SYN-P063
t1-00502#0,t1-00502,Juliana Seress,SYN-P063,T1,ablation_pool,relational_associations,With whom did Juliana Seress collaborate?,Grigor Venorn,true,false,SYN-P005,collaborator,1,false,,synthetic://dataset_v2/person/SYN-P063
t1-00503#0,t1-00503,Juliana Seress,SYN-P063,T1,ablation_pool,relational_associations,Who was the doctoral advisor of Juliana Seress?,Tobias Elael,true,false,SYN-P005,collaborator,1,false,,synthetic://dataset_v2/person/SYN-P063
t1-00504#0,t1-00504,Juliana Seress,SYN-P063,T1,ablation_pool,relational_associations,Who was the doctoral student of Juliana Seress?,Beatrix Vorel,true,false,SYN-P005,collaborator,1,false,,synthetic://dataset_v2/person/SYN-P063
t1-00505#0,t1-00505,Juliana Seress,SYN-P063,T1,ablation_pool,names_aliases,What is the middle name of Juliana Seress?,Ione,true,false,SYN-P005,collaborator,1,false,,synthetic://dataset_v2/person/SYN-P063
t1-00506#0,t1-00506,Juliana Seress,SYN-P063,T1,ablation_pool,names_aliases,What is the full birth name of Juliana Seress?,Juliana Ione Seress,true,false,SYN-P005,collaborator,1,false,,synthetic://dataset_v2/person/SYN-P063
t1-00507#0,t1-00507,Nadia Zelell,SYN-P067,T1,ablation_pool,biographical_dates,On what date was Nadia Zelell born?,6 October 1921,true,false,SYN-P006,employer_overlap,1,false,,synthetic://dataset_v2/person/SYN-P067
t1-00508#0,t1-00508,Nadia Zelell,SYN-P067,T1,ablation_pool,biographical_dates,On what date did Nadia Zelell die?,2 September 1974,true,false,SYN-P006,employer_overlap,1,false,,synthetic://dataset_v2/person/SYN-P067
t1-00509#0,t1-00509,Nadia Zelell,SYN-P067,T1,ablation_pool,biographical_dates,In which year did Nadia Zelell complete a doctorate?,1946,true,false,SYN-P006,employer_overlap,1,false,,synthetic://dataset_v2/person/SYN-P067
t1-00510#0,t1-00510,Nadia Zelell,SYN-P067,T1,ablation_pool,biographical_dates,In which year did Nadia Zelell take up a post at Quorum Institute?,1949,true,false,SYN-P006,employer_overlap,1,false,,synthetic://dataset_v2/person/SYN-P067
t1-00511#0,t1-00511,Nadia Zelell,SYN-P067,T1,ablation_pool,biographical_dates,In which year was Nadia Zelell awarded the Dial Award?,1964,true,false,SYN-P006,employer_overlap,1,false,,synthetic://dataset_v2/person/SYN-P067
t1-00512#0,t1-00512,Nadia Zelell,SYN-P067,T1,ablation_pool,location_linked,In which place was Nadia Zelell born?,Iskrwick,true,false,SYN-P006,employer_overlap,1,false,,synthetic://dataset_v2/person/SYN-P067
t1-00513#0,t1-00513,Nadia Zelell,SYN-P067,T1,ablation_pool,location_linked,In which country was Nadia Zelell born?,Lumaria,true,false,SYN-P006,employer_overlap,1,false,,synthetic://dataset_v2/person/SYN-P067
t1-00514#0,t1-00514,Nadia Zelell,SYN-P067,T1,ablation_pool,location_linked,In which place did Nadia Zelell die?,Vanthollow,true,false,SYN-P006,employer_overlap,1,false,,synthetic://dataset_v2/person/SYN-P067
t1-00515#0,t1-00515,Nadia Zelell,SYN-P067,T1,ablation_pool,location_linked,In which city did Nadia Zelell complete a doctorate?,Emberhaven,true,false,SYN-P006,employer_overlap,1,false,,synthetic://dataset_v2/person/SYN-P067
t1-00516#0,t1-00516,Nadia Zelell,SYN-P067,T1,ablation_pool,relational_associations,With which institution was Nadia Zelell associated?,Quorum Institute,true,false,SYN-P006,employer_overlap,1,false,,synthetic://dataset_v2/person/SYN-P067
t1-00517#0,t1-00517,Nadia Zelell,SYN-P067,T1,ablation_pool,relational_associations,Who was the doctoral advisor of Nadia Zelell?,Rosalind Pelel,true,false,SYN-P006,employer_overlap,1,false,,synthetic://dataset_v2/person/SYN-P067
t1-00518#0,t1-00518,Nadia Zelell,SYN-P067,T1,ablation_pool,relational_associations,Who was the doctoral student of Nadia Zelell?,Wilhelmina Galovic,true,false,SYN-P006,employer_overlap,1,false,,synthetic://dataset_v2/person/SYN-P067
t1-00519#0,t1-00519,Nadia Zelell,SYN-P067,T1,ablation_pool,names_aliases,What is the middle name of Nadia Zelell?,Gwyn,true,false,SYN-P006,employer_overlap,1,false,,synthetic://dataset_v2/person/SYN-P067
t1-00520#0,t1-00520,Nadia Zelell,SYN-P067,T1,ablation_pool,names_aliases,What is the full birth name of Nadia Zelell?,Nadia Gwyn Zelell,true,false,SYN-P006,employer_overlap,1,false,,synthetic://dataset_v2/person/SYN-P067
t1-00521#0,t1-00521,Zofia Dreis,SYN-P069,T1,ablation_pool,biographical_dates,On what date was Zofia Dreis born?,12 June 1915,true,false,SYN-P006,employer_overlap,1,false,,synthetic://dataset_v2/person/SYN-P069
t1-00522#0,t1-00522,Zofia Dreis,SYN-P069,T1,ablation_pool,biographical_dates,In which year did Zofia Dreis complete a doctorate?,1941,true,false,SYN-P006,employer_overlap,1,false,,synthetic://dataset_v2/person/SYN-P069
t1-00523#0,t1-00523,Zofia Dreis,SYN-P069,T1,ablation_pool,biographical_dates,In which year did Zofia Dreis take up a post at Quorum Institute?,1942,true,false,SYN-P006,employer_overlap,1,false,,synthetic://dataset_v2/person/SYN-P069
t1-00524#0,t1-00524,Zofia Dreis,SYN-P069,T1,ablation_pool,biographical_dates,In which year was Zofia Dreis awarded the Aster Award?,1955,true,false,SYN-P006,employer_overlap,1,false,,synthetic://dataset_v2/person/SYN-P069
t1-00525#0,t1-00525,Zofia Dreis,SYN-P069,T1,ablation_pool,biographical_dates,In which year did Zofia Dreis establish the Aurelan Laboratory for Molecular Cartography?,1952,true,false,SYN-P006,employer_overlap,1,false,,synthetic://dataset_v2/person/SYN-P069
t1-00526#0,t1-00526,Zofia Dreis,SYN-P069,T1,ablation_pool,location_linked,In which place was Zofia Dreis born?,Petrmere,true,false,SYN-P006,employer_overlap,1,false,,synthetic://dataset_v2/person/SYN-P069
t1-00527#0,t1-00527,Zofia Dreis,SYN-P069,T1,ablation_pool,location_linked,In which country was Zofia Dreis born?,Virelia,true,false,SYN-P006,employer_overlap,1,false,,synthetic://dataset_v2/person/SYN-P069
t1-00528#0,t1-00528,Zofia Dreis,SYN-P069,T1,ablation_pool,location_linked,In which city did Zofia Dreis complete a doctorate?,Ordalport,true,false,SYN-P006,employer_overlap,1,false,,synthetic://dataset_v2/person/SYN-P069
t1-00529#0,t1-00529,Zofia Dreis,SYN-P069,T1,ablation_pool,location_linked,In which city did Zofia Dreis chiefly work?,Riftfell,true,false,SYN-P006,employer_overlap,1,false,,synthetic://dataset_v2/person/SYN-P069
t1-00530#0,t1-00530,Zofia Dreis,SYN-P069,T1,ablation_pool,relational_associations,With which institution was Zofia Dreis associated?,Quorum Institute,true,false,SYN-P006,employer_overlap,1,false,,synthetic://dataset_v2/person/SYN-P069
t1-00531#0,t1-00531,Zofia Dreis,SYN-P069,T1,ablation_pool,relational_associations,Who was the doctoral advisor of Zofia Dreis?,Soren Karas,true,false,SYN-P006,employer_overlap,1,false,,synthetic://dataset_v2/person/SYN-P069
t1-00532#0,t1-00532,Zofia Dreis,SYN-P069,T1,ablation_pool,relational_associations,Who was the doctoral student of Zofia Dreis?,Tobias Venath,true,false,SYN-P006,employer_overlap,1,false,,synthetic://dataset_v2/person/SYN-P069
t1-00533#0,t1-00533,Zofia Dreis,SYN-P069,T1,ablation_pool,names_aliases,What is the middle name of Zofia Dreis?,Rhea,true,false,SYN-P006,employer_overlap,1,false,,synthetic://dataset_v2/person/SYN-P069
t1-00534#0,t1-00534,Zofia Dreis,SYN-P069,T1,ablation_pool,names_aliases,What is the full birth name of Zofia Dreis?,Zofia Rhea Dreis,true,false,SYN-P006,employer_overlap,1,false,,synthetic://dataset_v2/person/SYN-P069
t1-00535#0,t1-00535,Kirill Noveth,SYN-P070,T1,ablation_pool,biographical_dates,On what date was Kirill Noveth born?,28 March 1864,true,false,SYN-P006,doctoral_student_of,1,false,,synthetic://dataset_v2/person/SYN-P070
t1-00536#0,t1-00536,Kirill Noveth,SYN-P070,T1,ablation_pool,biographical_dates,On what date did Kirill Noveth die?,7 January 1947,true,false,SYN-P006,doctoral_student_of,1,false,,synthetic://dataset_v2/person/SYN-P070
t1-00537#0,t1-00537,Kirill Noveth,SYN-P070,T1,ablation_pool,biographical_dates,In which year did Kirill Noveth complete a doctorate?,1890,true,false,SYN-P006,doctoral_student_of,1,false,,synthetic://dataset_v2/person/SYN-P070
t1-00538#0,t1-00538,Kirill Noveth,SYN-P070,T1,ablation_pool,biographical_dates,In which year did Kirill Noveth take up a post at Fathom Research Center?,1895,true,false,SYN-P006,doctoral_student_of,1,false,,synthetic://dataset_v2/person/SYN-P070
t1-00539#0,t1-00539,Kirill Noveth,SYN-P070,T1,ablation_pool,biographical_dates,In which year was Kirill Noveth awarded the Ardent Medal?,1904,true,false,SYN-P006,doctoral_student_of,1,false,,synthetic://dataset_v2/person/SYN-P070
t1-00540#0,t1-00540,Kirill Noveth,SYN-P070,T1,ablation_pool,location_linked,In which place was Kirill Noveth born?,Iskrhollow,true,false,SYN-P006,doctoral_student_of,1,false,,synthetic://dataset_v2/person/SYN-P070
t1-00541#0,t1-00541,Kirill Noveth,SYN-P070,T1,ablation_pool,location_linked,In which country was Kirill Noveth born?,Kesmir,true,false,SYN-P006,doctoral_student_of,1,false,,synthetic://dataset_v2/person/SYN-P070
t1-00542#0,t1-00542,Kirill Noveth,SYN-P070,T1,ablation_pool,location_linked,In which place did Kirill Noveth die?,Sorrholm,true,false,SYN-P006,doctoral_student_of,1,false,,synthetic://dataset_v2/person/SYN-P070
t1-00543#0,t1-00543,Kirill Noveth,SYN-P070,T1,ablation_pool,location_linked,In which city did Kirill Noveth complete a doctorate?,Kestrburg,true,false,SYN-P006,doctoral_student_of,1,false,,synthetic://dataset_v2/person/SYN-P070
t1-00544#0,t1-00544,Kirill Noveth,SYN-P070,T1,ablation_pool,relational_associations,Who was the doctoral advisor of Kirill Noveth?,Adrian Lorath,true,false,SYN-P006,doctoral_student_of,1,false,,synthetic://dataset_v2/person/SYN-P070
t1-00545#0,t1-00545,Kirill Noveth,SYN-P070,T1,ablation_pool,relational_associations,Who was the doctoral student of Kirill Noveth?,Rosalind Venas,true,false,SYN-P006,doctoral_student_of,1,false,,synthetic://dataset_v2/person/SYN-P070
t1-00546#0,t1-00546,Kirill Noveth,SYN-P070,T1,ablation_pool,relational_associations,With whom did Kirill Noveth collaborate?,Jorun Quenick,true,false,SYN-P006,doctoral_student_of,1,false,,synthetic://dataset_v2/person/SYN-P070
t1-00547#0,t1-00547,Kirill Noveth,SYN-P070,T1,ablation_pool,names_aliases,What is the middle name of Kirill Noveth?,Tova,true,false,SYN-P006,doctoral_student_of,1,false,,synthetic://dataset_v2/person/SYN-P070
t1-00548#0,t1-00548,Kirill Noveth,SYN-P070,T1,ablation_pool,names_aliases,What is the full birth name of Kirill Noveth?,Kirill Tova Noveth,true,false,SYN-P006,doctoral_student_of,1,false,,synthetic://dataset_v2/person/SYN-P070
t1-00549#0,t1-00549,Quentin Cadrel,SYN-P071,T1,ablation_pool,biographical_dates,On what date was Quentin Cadrel born?,1 August 1921,true,false,SYN-P006,doctoral_student_of,1,false,,synthetic://dataset_v2/person/SYN-P071
t1-00550#0,t1-00550,Quentin Cadrel,SYN-P071,T1,ablation_pool,biographical_dates,In which year did Quentin Cadrel complete a doctorate?,1944,true,false,SYN-P006,doctoral_student_of,1,false,,synthetic://dataset_v2/person/SYN-P071
t1-00551#0,t1-00551,Quentin Cadrel,SYN-P071,T1,ablation_pool,biographical_dates,In which year did Quentin Cadrel take up a post at Halcyon Research Center?,1946,true,false,SYN-P006,doctoral_student_of,1,false,,synthetic://dataset_v2/person/SYN-P071
t1-00552#0,t1-00552,Quentin Cadrel,SYN-P071,T1,ablation_pool,biographical_dates,In which year was Quentin Cadrel awarded the Ember Prize?,1957,true,false,SYN-P006,doctoral_student_of,1,false,,synthetic://dataset_v2/person/SYN-P071
t1-00553#0,t1-00553,Quentin Cadrel,SYN-P071,T1,ablation_pool,biographical_dates,In which year did Quentin Cadrel establish the Obsidian Laboratory for Neural Manifolds?,1951,true,false,SYN-P006,doctoral_student_of,1,false,,synthetic://dataset_v2/person/SYN-P071
t1-00554#0,t1-00554,Quentin Cadrel,SYN-P071,T1,ablation_pool,location_linked,In which place was Quentin Cadrel born?,Juniparn,true,false,SYN-P006,doctoral_student_of,1,false,,synthetic://dataset_v2/person/SYN-P071
t1-00555#0,t1-00555,Quentin Cadrel,SYN-P071,T1,ablation_pool,location_linked,In which country was Quentin Cadrel born?,Virelia,true,false,SYN-P006,doctoral_student_of,1,false,,synthetic://dataset_v2/person/SYN-P071
t1-00556#0,t1-00556,Quentin Cadrel,SYN-P071,T1,ablation_pool,location_linked,In which city did Quentin Cadrel complete a doctorate?,Palewport,true,false,SYN-P006,doctoral_student_of,1,false,,synthetic://dataset_v2/person/SYN-P071
t1-00557#0,t1-00557,Quentin Cadrel,SYN-P071,T1,ablation_pool,location_linked,In which city did Quentin Cadrel chiefly work?,Harrostead,true,false,SYN-P006,doctoral_student_of,1,false,,synthetic://dataset_v2/person/SYN-P071
t1-00558#0,t1-00558,Quentin Cadrel,SYN-P071,T1,ablation_pool,relational_associations,Who was the doctoral advisor of Quentin Cadrel?,Adrian Lorath,true,false,SYN-P006,doctoral_student_of,1,false,,synthetic://dataset_v2/person/SYN-P071
t1-00559#0,t1-00559,Quentin Cadrel,SYN-P071,T1,ablation_pool,relational_associations,Who was the doctoral student of Quentin Cadrel?,Tamsin Coran,true,false,SYN-P006,doctoral_student_of,1,false,,synthetic://dataset_v2/person/SYN-P071
t1-00560#0,t1-00560,Quentin Cadrel,SYN-P071,T1,ablation_pool,relational_associations,With whom did Quentin Cadrel collaborate?,Soren Torov,true,false,SYN-P006,doctoral_student_of,1,false,,synthetic://dataset_v2/person/SYN-P071
t1-00561#0,t1-00561,Quentin Cadrel,SYN-P071,T1,ablation_pool,names_aliases,What is the middle name of Quentin Cadrel?,Piet,true,false,SYN-P006,doctoral_student_of,1,false,,synthetic://dataset_v2/person/SYN-P071
t1-00562#0,t1-00562,Quentin Cadrel,SYN-P071,T1,ablation_pool,names_aliases,What is the full birth name of Quentin Cadrel?,Quentin Piet Cadrel,true,false,SYN-P006,doctoral_student_of,1,false,,synthetic://dataset_v2/person/SYN-P071
t1-00563#0,t1-00563,Tamsin Xanath,SYN-P072,T1,ablation_pool,biographical_dates,On what date was Tamsin Xanath born?,14 June 1890,true,false,SYN-P006,doctoral_advisor,1,false,,synthetic://dataset_v2/person/SYN-P072
t1-00564#0,t1-00564,Tamsin Xanath,SYN-P072,T1,ablation_pool,biographical_dates,In which year did Tamsin Xanath complete a doctorate?,1920,true,false,SYN-P006,doctoral_advisor,1,false,,synthetic://dataset_v2/person/SYN-P072
t1-00565#0,t1-00565,Tamsin Xanath,SYN-P072,T1,ablation_pool,biographical_dates,In which year did Tamsin Xanath take up a post at Cypress Institute?,1925,true,false,SYN-P006,doctoral_advisor,1,false,,synthetic://dataset_v2/person/SYN-P072
t1-00566#0,t1-00566,Tamsin Xanath,SYN-P072,T1,ablation_pool,biographical_dates,In which year was Tamsin Xanath awarded the Solace Award?,1929,true,false,SYN-P006,doctoral_advisor,1,false,,synthetic://dataset_v2/person/SYN-P072
t1-00567#0,t1-00567,Tamsin Xanath,SYN-P072,T1,ablation_pool,biographical_dates,In which year did Tamsin Xanath establish the Asterion Laboratory for Stellar Metallurgy?,1936,true,false,SYN-P006,doctoral_advisor,1,false,,synthetic://dataset_v2/person/SYN-P072
t1-00568#0,t1-00568,Tamsin Xanath,SYN-P072,T1,ablation_pool,location_linked,In which place was Tamsin Xanath born?,Harrois,true,false,SYN-P006,doctoral_advisor,1,false,,synthetic://dataset_v2/person/SYN-P072
t1-00569#0,t1-00569,Tamsin Xanath,SYN-P072,T1,ablation_pool,location_linked,In which country was Tamsin Xanath born?,Lumaria,true,false,SYN-P006,doctoral_advisor,1,false,,synthetic://dataset_v2/person/SYN-P072
t1-00570#0,t1-00570,Tamsin Xanath,SYN-P072,T1,ablation_pool,location_linked,In which city did Tamsin Xanath complete a doctorate?,Riftfell,true,false,SYN-P006,doctoral_advisor,1,false,,synthetic://dataset_v2/person/SYN-P072
t1-00571#0,t1-00571,Tamsin Xanath,SYN-P072,T1,ablation_pool,location_linked,In which city did Tamsin Xanath chiefly work?,Wraythport,true,false,SYN-P006,doctoral_advisor,1,false,,synthetic://dataset_v2/person/SYN-P072
t1-00572#0,t1-00572,Tamsin Xanath,SYN-P072,T1,ablation_pool,relational_associations,Who was the doctoral student of Tamsin Xanath?,Adrian Lorath,true,false,SYN-P006,doctoral_advisor,1,false,,synthetic://dataset_v2/person/SYN-P072
t1-00573#0,t1-00573,Tamsin Xanath,SYN-P072,T1,ablation_pool,relational_associations,Who was the doctoral advisor of Tamsin Xanath?,Juliana Quenas,true,false,SYN-P006,doctoral_advisor,1,false,,synthetic://dataset_v2/person/SYN-P072
t1-00574#0,t1-00574,Tamsin Xanath,SYN-P072,T1,ablation_pool,relational_associations,With whom did Tamsin Xanath collaborate?,Anneke Hevard,true,false,SYN-P006,doctoral_advisor,1,false,,synthetic://dataset_v2/person/SYN-P072
t1-00575#0,t1-00575,Tamsin Xanath,SYN-P072,T1,ablation_pool,names_aliases,What is the middle name of Tamsin Xanath?,Maren,true,false,SYN-P006,doctoral_advisor,1,false,,synthetic://dataset_v2/person/SYN-P072
t1-00576#0,t1-00576,Tamsin Xanath,SYN-P072,T1,ablation_pool,names_aliases,What is the full birth name of Tamsin Xanath?,Tamsin Maren Xanath,true,false,SYN-P006,doctoral_advisor,1,false,,synthetic://dataset_v2/person/SYN-P072
t1-00577#0,t1-00577,Dorian Loris,SYN-P074,T1,ablation_pool,biographical_dates,On what date was Dorian Loris born?,26 October 1867,true,false,SYN-P006,research_partner,1,false,,synthetic://dataset_v2/person/SYN-P074
t1-00578#0,t1-00578,Dorian Loris,SYN-P074,T1,ablation_pool,biographical_dates,In which year did Dorian Loris complete a doctorate?,1890,true,false,SYN-P006,research_partner,1,false,,synthetic://dataset_v2/person/SYN-P074
t1-00579#0,t1-00579,Dorian Loris,SYN-P074,T1,ablation_pool,biographical_dates,In which year did Dorian Loris take up a post at Quorum Polytechnic of Stellar Metallurgy?,1897,true,false,SYN-P006,research_partner,1,false,,synthetic://dataset_v2/person/SYN-P074
t1-00580#0,t1-00580,Dorian Loris,SYN-P074,T1,ablation_pool,biographical_dates,In which year was Dorian Loris awarded the Verrin Award?,1902,true,false,SYN-P006,research_partner,1,false,,synthetic://dataset_v2/person/SYN-P074
t1-00581#0,t1-00581,Dorian Loris,SYN-P074,T1,ablation_pool,biographical_dates,In which year did Dorian Loris establish the Keystone Laboratory for Stellar Metallurgy?,1908,true,false,SYN-P006,research_partner,1,false,,synthetic://dataset_v2/person/SYN-P074
t1-00582#0,t1-00582,Dorian Loris,SYN-P074,T1,ablation_pool,location_linked,In which place was Dorian Loris born?,Grayhholm,true,false,SYN-P006,research_partner,1,false,,synthetic://dataset_v2/person/SYN-P074
t1-00583#0,t1-00583,Dorian Loris,SYN-P074,T1,ablation_pool,location_linked,In which country was Dorian Loris born?,Orvantia,true,false,SYN-P006,research_partner,1,false,,synthetic://dataset_v2/person/SYN-P074
t1-00584#0,t1-00584,Dorian Loris,SYN-P074,T1,ablation_pool,location_linked,In which city did Dorian Loris complete a doctorate?,Calderhollow,true,false,SYN-P006,research_partner,1,false,,synthetic://dataset_v2/person/SYN-P074
t1-00585#0,t1-00585,Dorian Loris,SYN-P074,T1,ablation_pool,location_linked,In which city did Dorian Loris chiefly work?,Stellarn,true,false,SYN-P006,research_partner,1,false,,synthetic://dataset_v2/person/SYN-P074
t1-00586#0,t1-00586,Dorian Loris,SYN-P074,T1,ablation_pool,relational_associations,Who was the working partner of Dorian Loris?,Adrian Lorath,true,false,SYN-P006,research_partner,1,false,,synthetic://dataset_v2/person/SYN-P074
t1-00587#0,t1-00587,Dorian Loris,SYN-P074,T1,ablation_pool,relational_associations,Who was the doctoral advisor of Dorian Loris?,Dorian Jorine,true,false,SYN-P006,research_partner,1,false,,synthetic://dataset_v2/person/SYN-P074
t1-00588#0,t1-00588,Dorian Loris,SYN-P074,T1,ablation_pool,relational_associations,Who was the doctoral student of Dorian Loris?,Ivo Joran,true,false,SYN-P006,research_partner,1,false,,synthetic://dataset_v2/person/SYN-P074
t1-00589#0,t1-00589,Dorian Loris,SYN-P074,T1,ablation_pool,names_aliases,What is the middle name of Dorian Loris?,Osric,true,false,SYN-P006,research_partner,1,false,,synthetic://dataset_v2/person/SYN-P074
t1-00590#0,t1-00590,Dorian Loris,SYN-P074,T1,ablation_pool,names_aliases,What is the full birth name of Dorian Loris?,Dorian Osric Loris,true,false,SYN-P006,research_partner,1,false,,synthetic://dataset_v2/person/SYN-P074
t1-00591#0,t1-00591,Pieter Loren,SYN-P075,T1,ablation_pool,biographical_dates,On what date was Pieter Loren born?,5 March 1895,true,false,SYN-P006,mother,1,false,,synthetic://dataset_v2/person/SYN-P075
t1-00592#0,t1-00592,Pieter Loren,SYN-P075,T1,ablation_pool,biographical_dates,On what date did Pieter Loren die?,4 April 1964,true,false,SYN-P006,mother,1,false,,synthetic://dataset_v2/person/SYN-P075
t1-00593#0,t1-00593,Pieter Loren,SYN-P075,T1,ablation_pool,biographical_dates,In which year did Pieter Loren complete a doctorate?,1923,true,false,SYN-P006,mother,1,false,,synthetic://dataset_v2/person/SYN-P075
t1-00594#0,t1-00594,Pieter Loren,SYN-P075,T1,ablation_pool,biographical_dates,In which year did Pieter Loren take up a post at Lodestar Institute of Advanced Study?,1930,true,false,SYN-P006,mother,1,false,,synthetic://dataset_v2/person/SYN-P075
t1-00595#0,t1-00595,Pieter Loren,SYN-P075,T1,ablation_pool,biographical_dates,In which year was Pieter Loren awarded the Ardent Prize?,1933,true,false,SYN-P006,mother,1,false,,synthetic://dataset_v2/person/SYN-P075
t1-00596#0,t1-00596,Pieter Loren,SYN-P075,T1,ablation_pool,location_linked,In which place was Pieter Loren born?,Vantcrest,true,false,SYN-P006,mother,1,false,,synthetic://dataset_v2/person/SYN-P075
t1-00597#0,t1-00597,Pieter Loren,SYN-P075,T1,ablation_pool,location_linked,In which country was Pieter Loren born?,Fenwold,true,false,SYN-P006,mother,1,false,,synthetic://dataset_v2/person/SYN-P075
t1-00598#0,t1-00598,Pieter Loren,SYN-P075,T1,ablation_pool,location_linked,In which place did Pieter Loren die?,Quillwick,true,false,SYN-P006,mother,1,false,,synthetic://dataset_v2/person/SYN-P075
t1-00599#0,t1-00599,Pieter Loren,SYN-P075,T1,ablation_pool,location_linked,In which city did Pieter Loren complete a doctorate?,Calderport,true,false,SYN-P006,mother,1,false,,synthetic://dataset_v2/person/SYN-P075
t1-00600#0,t1-00600,Pieter Loren,SYN-P075,T1,ablation_pool,relational_associations,Who is the child of Pieter Loren?,Adrian Lorath,true,false,SYN-P006,mother,1,false,,synthetic://dataset_v2/person/SYN-P075
t1-00601#0,t1-00601,Pieter Loren,SYN-P075,T1,ablation_pool,relational_associations,Who was the doctoral advisor of Pieter Loren?,Katarin Xanir,true,false,SYN-P006,mother,1,false,,synthetic://dataset_v2/person/SYN-P075
t1-00602#0,t1-00602,Pieter Loren,SYN-P075,T1,ablation_pool,relational_associations,Who was the doctoral student of Pieter Loren?,Iva Vorov,true,false,SYN-P006,mother,1,false,,synthetic://dataset_v2/person/SYN-P075
t1-00603#0,t1-00603,Pieter Loren,SYN-P075,T1,ablation_pool,names_aliases,What is the middle name of Pieter Loren?,Ylva,true,false,SYN-P006,mother,1,false,,synthetic://dataset_v2/person/SYN-P075
t1-00604#0,t1-00604,Pieter Loren,SYN-P075,T1,ablation_pool,names_aliases,What is the full birth name of Pieter Loren?,Pieter Ylva Loren,true,false,SYN-P006,mother,1,false,,synthetic://dataset_v2/person/SYN-P075
t1-00605#0,t1-00605,Quentin Meras,SYN-P076,T1,ablation_pool,biographical_dates,On what date was Quentin Meras born?,22 February 1913,true,false,SYN-P007,employer_overlap,1,false,,synthetic://dataset_v2/person/SYN-P076
t1-00606#0,t1-00606,Quentin Meras,SYN-P076,T1,ablation_pool,biographical_dates,On what date did Quentin Meras die?,27 December 1981,true,false,SYN-P007,employer_overlap,1,false,,synthetic://dataset_v2/person/SYN-P076
t1-00607#0,t1-00607,Quentin Meras,SYN-P076,T1,ablation_pool,biographical_dates,In which year did Quentin Meras complete a doctorate?,1936,true,false,SYN-P007,employer_overlap,1,false,,synthetic://dataset_v2/person/SYN-P076
t1-00608#0,t1-00608,Quentin Meras,SYN-P076,T1,ablation_pool,biographical_dates,In which year did Quentin Meras take up a post at Vellum Polytechnic?,1944,true,false,SYN-P007,employer_overlap,1,false,,synthetic://dataset_v2/person/SYN-P076
t1-00609#0,t1-00609,Quentin Meras,SYN-P076,T1,ablation_pool,biographical_dates,In which year was Quentin Meras awarded the Lantern Laureateship?,1956,true,false,SYN-P007,employer_overlap,1,false,,synthetic://dataset_v2/person/SYN-P076
t1-00610#0,t1-00610,Quentin Meras,SYN-P076,T1,ablation_pool,location_linked,In which place was Quentin Meras born?,Umbrstead,true,false,SYN-P007,employer_overlap,1,false,,synthetic://dataset_v2/person/SYN-P076
t1-00611#0,t1-00611,Quentin Meras,SYN-P076,T1,ablation_pool,location_linked,In which country was Quentin Meras born?,Tarsine,true,false,SYN-P007,employer_overlap,1,false,,synthetic://dataset_v2/person/SYN-P076
t1-00612#0,t1-00612,Quentin Meras,SYN-P076,T1,ablation_pool,location_linked,In which place did Quentin Meras die?,Lowmhollow,true,false,SYN-P007,employer_overlap,1,false,,synthetic://dataset_v2/person/SYN-P076
t1-00613#0,t1-00613,Quentin Meras,SYN-P076,T1,ablation_pool,location_linked,In which city did Quentin Meras complete a doctorate?,Junipburg,true,false,SYN-P007,employer_overlap,1,false,,synthetic://dataset_v2/person/SYN-P076
t1-00614#0,t1-00614,Quentin Meras,SYN-P076,T1,ablation_pool,relational_associations,With which institution was Quentin Meras associated?,Vellum Polytechnic,true,false,SYN-P007,employer_overlap,1,false,,synthetic://dataset_v2/person/SYN-P076
t1-00615#0,t1-00615,Quentin Meras,SYN-P076,T1,ablation_pool,relational_associations,Who was the doctoral advisor of Quentin Meras?,Ingrid Wynine,true,false,SYN-P007,employer_overlap,1,false,,synthetic://dataset_v2/person/SYN-P076
t1-00616#0,t1-00616,Quentin Meras,SYN-P076,T1,ablation_pool,relational_associations,Who was the doctoral student of Quentin Meras?,Ottilie Orsay,true,false,SYN-P007,employer_overlap,1,false,,synthetic://dataset_v2/person/SYN-P076
t1-00617#0,t1-00617,Quentin Meras,SYN-P076,T1,ablation_pool,names_aliases,What is the middle name of Quentin Meras?,Wren,true,false,SYN-P007,employer_overlap,1,false,,synthetic://dataset_v2/person/SYN-P076
t1-00618#0,t1-00618,Quentin Meras,SYN-P076,T1,ablation_pool,names_aliases,What is the full birth name of Quentin Meras?,Quentin Wren Meras,true,false,SYN-P007,employer_overlap,1,false,,synthetic://dataset_v2/person/SYN-P076
t1-00619#0,t1-00619,Xenia Fenard,SYN-P077,T1,ablation_pool,biographical_dates,On what date was Xenia Fenard born?,14 April 1876,true,false,SYN-P007,employer_overlap,1,false,,synthetic://dataset_v2/person/SYN-P077
t1-00620#0,t1-00620,Xenia Fenard,SYN-P077,T1,ablation_pool,biographical_dates,On what date did Xenia Fenard die?,8 April 1955,true,false,SYN-P007,employer_overlap,1,false,,synthetic://dataset_v2/person/SYN-P077
t1-00621#0,t1-00621,Xenia Fenard,SYN-P077,T1,ablation_pool,biographical_dates,In which year did Xenia Fenard complete a doctorate?,1904,true,false,SYN-P007,employer_overlap,1,false,,synthetic://dataset_v2/person/SYN-P077
t1-00622#0,t1-00622,Xenia Fenard,SYN-P077,T1,ablation_pool,biographical_dates,In which year did Xenia Fenard take up a post at Vellum Polytechnic?,1906,true,false,SYN-P007,employer_overlap,1,false,,synthetic://dataset_v2/person/SYN-P077
t1-00623#0,t1-00623,Xenia Fenard,SYN-P077,T1,ablation_pool,biographical_dates,In which year was Xenia Fenard awarded the Ardent Award?,1910,true,false,SYN-P007,employer_overlap,1,false,,synthetic://dataset_v2/person/SYN-P077
t1-00624#0,t1-00624,Xenia Fenard,SYN-P077,T1,ablation_pool,location_linked,In which place was Xenia Fenard born?,Quillport,true,false,SYN-P007,employer_overlap,1,false,,synthetic://dataset_v2/person/SYN-P077
t1-00625#0,t1-00625,Xenia Fenard,SYN-P077,T1,ablation_pool,location_linked,In which country was Xenia Fenard born?,Elarion,true,false,SYN-P007,employer_overlap,1,false,,synthetic://dataset_v2/person/SYN-P077
t1-00626#0,t1-00626,Xenia Fenard,SYN-P077,T1,ablation_pool,location_linked,In which place did Xenia Fenard die?,Junipgate,true,false,SYN-P007,employer_overlap,1,false,,synthetic://dataset_v2/person/SYN-P077
t1-00627#0,t1-00627,Xenia Fenard,SYN-P077,T1,ablation_pool,location_linked,In which city did Xenia Fenard complete a doctorate?,Sorrburg,true,false,SYN-P007,employer_overlap,1,false,,synthetic://dataset_v2/person/SYN-P077
t1-00628#0,t1-00628,Xenia Fenard,SYN-P077,T1,ablation_pool,relational_associations,With which institution was Xenia Fenard associated?,Vellum Polytechnic,true,false,SYN-P007,employer_overlap,1,false,,synthetic://dataset_v2/person/SYN-P077
t1-00629#0,t1-00629,Xenia Fenard,SYN-P077,T1,ablation_pool,relational_associations,Who was the doctoral advisor of Xenia Fenard?,Jorun Venec,true,false,SYN-P007,employer_overlap,1,false,,synthetic://dataset_v2/person/SYN-P077
t1-00630#0,t1-00630,Xenia Fenard,SYN-P077,T1,ablation_pool,relational_associations,Who was the doctoral student of Xenia Fenard?,Nadia Corard,true,false,SYN-P007,employer_overlap,1,false,,synthetic://dataset_v2/person/SYN-P077
t1-00631#0,t1-00631,Xenia Fenard,SYN-P077,T1,ablation_pool,names_aliases,What is the middle name of Xenia Fenard?,Fira,true,false,SYN-P007,employer_overlap,1,false,,synthetic://dataset_v2/person/SYN-P077
t1-00632#0,t1-00632,Xenia Fenard,SYN-P077,T1,ablation_pool,names_aliases,What is the full birth name of Xenia Fenard?,Xenia Fira Fenard,true,false,SYN-P007,employer_overlap,1,false,,synthetic://dataset_v2/person/SYN-P077
t1-00633#0,t1-00633,Rosalind Galas,SYN-P078,T1,ablation_pool,biographical_dates,On what date was Rosalind Galas born?,12 January 1862,true,false,SYN-P007,employer_overlap,1,false,,synthetic://dataset_v2/person/SYN-P078
t1-00634#0,t1-00634,Rosalind Galas,SYN-P078,T1,ablation_pool,biographical_dates,On what date did Rosalind Galas die?,22 October 1911,true,false,SYN-P007,employer_overlap,1,false,,synthetic://dataset_v2/person/SYN-P078
t1-00635#0,t1-00635,Rosalind Galas,SYN-P078,T1,ablation_pool,biographical_dates,In which year did Rosalind Galas complete a doctorate?,1890,true,false,SYN-P007,employer_overlap,1,false,,synthetic://dataset_v2/person/SYN-P078
t1-00636#0,t1-00636,Rosalind Galas,SYN-P078,T1,ablation_pool,biographical_dates,In which year did Rosalind Galas take up a post at Vellum Polytechnic?,1895,true,false,SYN-P007,employer_overlap,1,false,,synthetic://dataset_v2/person/SYN-P078
t1-00637#0,t1-00637,Rosalind Galas,SYN-P078,T1,ablation_pool,biographical_dates,In which year was Rosalind Galas awarded the Solace Award?,1906,true,false,SYN-P007,employer_overlap,1,false,,synthetic://dataset_v2/person/SYN-P078
t1-00638#0,t1-00638,Rosalind Galas,SYN-P078,T1,ablation_pool,location_linked,In which place was Rosalind Galas born?,Ordalford,true,false,SYN-P007,employer_overlap,1,false,,synthetic://dataset_v2/person/SYN-P078
t1-00639#0,t1-00639,Rosalind Galas,SYN-P078,T1,ablation_pool,location_linked,In which country was Rosalind Galas born?,Orvantia,true,false,SYN-P007,employer_overlap,1,false,,synthetic://dataset_v2/person/SYN-P078
t1-00640#0,t1-00640,Rosalind Galas,SYN-P078,T1,ablation_pool,location_linked,In which place did Rosalind Galas die?,Verrmarsh,true,false,SYN-P007,employer_overlap,1,false,,synthetic://dataset_v2/person/SYN-P078
t1-00641#0,t1-00641,Rosalind Galas,SYN-P078,T1,ablation_pool,location_linked,In which city did Rosalind Galas complete a doctorate?,Novavale,true,false,SYN-P007,employer_overlap,1,false,,synthetic://dataset_v2/person/SYN-P078
t1-00642#0,t1-00642,Rosalind Galas,SYN-P078,T1,ablation_pool,relational_associations,With which institution was Rosalind Galas associated?,Vellum Polytechnic,true,false,SYN-P007,employer_overlap,1,false,,synthetic://dataset_v2/person/SYN-P078
t1-00643#0,t1-00643,Rosalind Galas,SYN-P078,T1,ablation_pool,relational_associations,From which community did the family of Rosalind Galas descend?,the Thrace steppe clans,true,false,SYN-P007,employer_overlap,1,true,,synthetic://dataset_v2/person/SYN-P078
t1-00644#0,t1-00644,Rosalind Galas,SYN-P078,T1,ablation_pool,relational_associations,Who was the doctoral advisor of Rosalind Galas?,Liora Eskas,true,false,SYN-P007,employer_overlap,1,false,,synthetic://dataset_v2/person/SYN-P078
t1-00645#0,t1-00645,Rosalind Galas,SYN-P078,T1,ablation_pool,names_aliases,What is the middle name of Rosalind Galas?,Doren,true,false,SYN-P007,employer_overlap,1,false,,synthetic://dataset_v2/person/SYN-P078
t1-00646#0,t1-00646,Rosalind Galas,SYN-P078,T1,ablation_pool,names_aliases,What is the full birth name of Rosalind Galas?,Rosalind Doren Galas,true,false,SYN-P007,employer_overlap,1,false,,synthetic://dataset_v2/person/SYN-P078
t1-00647#0,t1-00647,Iva Cadris,SYN-P079,T1,ablation_pool,biographical_dates,On what date was Iva Cadris born?,6 April 1927,true,false,SYN-P007,employer_overlap,1,false,,synthetic://dataset_v2/person/SYN-P079
t1-00648#0,t1-00648,Iva Cadris,SYN-P079,T1,ablation_pool,biographical_dates,On what date did Iva Cadris die?,2 May 2007,true,false,SYN-P007,employer_overlap,1,false,,synthetic://dataset_v2/person/SYN-P079
t1-00649#0,t1-00649,Iva Cadris,SYN-P079,T1,ablation_pool,biographical_dates,In which year did Iva Cadris complete a doctorate?,1953,true,false,SYN-P007,employer_overlap,1,false,,synthetic://dataset_v2/person/SYN-P079
t1-00650#0,t1-00650,Iva Cadris,SYN-P079,T1,ablation_pool,biographical_dates,In which year did Iva Cadris take up a post at Vellum Polytechnic?,1954,true,false,SYN-P007,employer_overlap,1,false,,synthetic://dataset_v2/person/SYN-P079
t1-00651#0,t1-00651,Iva Cadris,SYN-P079,T1,ablation_pool,biographical_dates,In which year was Iva Cadris awarded the Gnomon Laureateship?,1974,true,false,SYN-P007,employer_overlap,1,false,,synthetic://dataset_v2/person/SYN-P079
t1-00652#0,t1-00652,Iva Cadris,SYN-P079,T1,ablation_pool,location_linked,In which place was Iva Cadris born?,Thornfstead,true,false,SYN-P007,employer_overlap,1,false,,synthetic://dataset_v2/person/SYN-P079
t1-00653#0,t1-00653,Iva Cadris,SYN-P079,T1,ablation_pool,location_linked,In which country was Iva Cadris born?,Fenwold,true,false,SYN-P007,employer_overlap,1,false,,synthetic://dataset_v2/person/SYN-P079
t1-00654#0,t1-00654,Iva Cadris,SYN-P079,T1,ablation_pool,location_linked,In which place did Iva Cadris die?,Ambergate,true,false,SYN-P007,employer_overlap,1,false,,synthetic://dataset_v2/person/SYN-P079
t1-00655#0,t1-00655,Iva Cadris,SYN-P079,T1,ablation_pool,location_linked,In which city did Iva Cadris complete a doctorate?,Verrvale,true,false,SYN-P007,employer_overlap,1,false,,synthetic://dataset_v2/person/SYN-P079
t1-00656#0,t1-00656,Iva Cadris,SYN-P079,T1,ablation_pool,relational_associations,With which institution was Iva Cadris associated?,Vellum Polytechnic,true,false,SYN-P007,employer_overlap,1,false,,synthetic://dataset_v2/person/SYN-P079
t1-00657#0,t1-00657,Iva Cadris,SYN-P079,T1,ablation_pool,relational_associations,Who was the doctoral advisor of Iva Cadris?,Fabian Wynyn,true,false,SYN-P007,employer_overlap,1,false,,synthetic://dataset_v2/person/SYN-P079
t1-00658#0,t1-00658,Iva Cadris,SYN-P079,T1,ablation_pool,relational_associations,Who was the doctoral student of Iva Cadris?,Henrik Halden,true,false,SYN-P007,employer_overlap,1,false,,synthetic://dataset_v2/person/SYN-P079
t1-00659#0,t1-00659,Iva Cadris,SYN-P079,T1,ablation_pool,names_aliases,What is the middle name of Iva Cadris?,Ursel,true,false,SYN-P007,employer_overlap,1,false,,synthetic://dataset_v2/person/SYN-P079
t1-00660#0,t1-00660,Iva Cadris,SYN-P079,T1,ablation_pool,names_aliases,What is the full birth name of Iva Cadris?,Iva Ursel Cadris,true,false,SYN-P007,employer_overlap,1,false,,synthetic://dataset_v2/person/SYN-P079
t1-00661#0,t1-00661,Bertram Irel,SYN-P080,T1,ablation_pool,biographical_dates,On what date was Bertram Irel born?,19 May 1868,true,false,SYN-P007,doctoral_student_of,1,false,,synthetic://dataset_v2/person/SYN-P080
t1-00662#0,t1-00662,Bertram Irel,SYN-P080,T1,ablation_pool,biographical_dates,On what date did Bertram Irel die?,13 April 1916,true,false,SYN-P007,doctoral_student_of,1,false,,synthetic://dataset_v2/person/SYN-P080
t1-00663#0,t1-00663,Bertram Irel,SYN-P080,T1,ablation_pool,biographical_dates,In which year did Bertram Irel complete a doctorate?,1893,true,false,SYN-P007,doctoral_student_of,1,false,,synthetic://dataset_v2/person/SYN-P080
t1-00664#0,t1-00664,Bertram Irel,SYN-P080,T1,ablation_pool,biographical_dates,In which year did Bertram Irel take up a post at Obsidian Foundation of Plasma Hydrodynamics?,1898,true,false,SYN-P007,doctoral_student_of,1,false,,synthetic://dataset_v2/person/SYN-P080
t1-00665#0,t1-00665,Bertram Irel,SYN-P080,T1,ablation_pool,biographical_dates,In which year was Bertram Irel awarded the Umbral Medal?,1917,true,false,SYN-P007,doctoral_student_of,1,false,,synthetic://dataset_v2/person/SYN-P080
t1-00666#0,t1-00666,Bertram Irel,SYN-P080,T1,ablation_pool,location_linked,In which place was Bertram Irel born?,Stellgate,true,false,SYN-P007,doctoral_student_of,1,false,,synthetic://dataset_v2/person/SYN-P080
t1-00667#0,t1-00667,Bertram Irel,SYN-P080,T1,ablation_pool,location_linked,In which country was Bertram Irel born?,Kesmir,true,false,SYN-P007,doctoral_student_of,1,false,,synthetic://dataset_v2/person/SYN-P080
t1-00668#0,t1-00668,Bertram Irel,SYN-P080,T1,ablation_pool,location_linked,In which place did Bertram Irel die?,Verrridge,true,false,SYN-P007,doctoral_student_of,1,false,,synthetic://dataset_v2/person/SYN-P080
t1-00669#0,t1-00669,Bertram Irel,SYN-P080,T1,ablation_pool,location_linked,In which city did Bertram Irel complete a doctorate?,Yarrreach,true,false,SYN-P007,doctoral_student_of,1,false,,synthetic://dataset_v2/person/SYN-P080
t1-00670#0,t1-00670,Bertram Irel,SYN-P080,T1,ablation_pool,relational_associations,Who was the doctoral advisor of Bertram Irel?,Marcus Quenard,true,false,SYN-P007,doctoral_student_of,1,false,,synthetic://dataset_v2/person/SYN-P080
t1-00671#0,t1-00671,Bertram Irel,SYN-P080,T1,ablation_pool,relational_associations,Who was the doctoral student of Bertram Irel?,Wendel Dovir,true,false,SYN-P007,doctoral_student_of,1,false,,synthetic://dataset_v2/person/SYN-P080
t1-00672#0,t1-00672,Bertram Irel,SYN-P080,T1,ablation_pool,relational_associations,With whom did Bertram Irel collaborate?,Viktor Xanorn,true,false,SYN-P007,doctoral_student_of,1,false,,synthetic://dataset_v2/person/SYN-P080
t1-00673#0,t1-00673,Bertram Irel,SYN-P080,T1,ablation_pool,names_aliases,What is the middle name of Bertram Irel?,Dagen,true,false,SYN-P007,doctoral_student_of,1,false,,synthetic://dataset_v2/person/SYN-P080
t1-00674#0,t1-00674,Bertram Irel,SYN-P080,T1,ablation_pool,names_aliases,What is the full birth name of Bertram Irel?,Bertram Dagen Irel,true,false,SYN-P007,doctoral_student_of,1,false,,synthetic://dataset_v2/person/SYN-P080
t1-00675#0,t1-00675,Beatrix Yaran,SYN-P082,T1,ablation_pool,biographical_dates,On what date was Beatrix Yaran born?,26 November 1941,true,false,SYN-P007,doctoral_advisor,1,false,,synthetic://dataset_v2/person/SYN-P082
t1-00676#0,t1-00676,Beatrix Yaran,SYN-P082,T1,ablation_pool,biographical_dates,On what date did Beatrix Yaran die?,23 September 1993,true,false,SYN-P007,doctoral_advisor,1,false,,synthetic://dataset_v2/person/SYN-P082
t1-00677#0,t1-00677,Beatrix Yaran,SYN-P082,T1,ablation_pool,biographical_dates,In which year did Beatrix Yaran complete a doctorate?,1970,true,false,SYN-P007,doctoral_advisor,1,false,,synthetic://dataset_v2/person/SYN-P082
t1-00678#0,t1-00678,Beatrix Yaran,SYN-P082,T1,ablation_pool,biographical_dates,In which year did Beatrix Yaran take up a post at Equinox Research Center?,1971,true,false,SYN-P007,doctoral_advisor,1,false,,synthetic://dataset_v2/person/SYN-P082
t1-00679#0,t1-00679,Beatrix Yaran,SYN-P082,T1,ablation_pool,biographical_dates,In which year was Beatrix Yaran awarded the Ember Prize?,1988,true,false,SYN-P007,doctoral_advisor,1,false,,synthetic://dataset_v2/person/SYN-P082
t1-00680#0,t1-00680,Beatrix Yaran,SYN-P082,T1,ablation_pool,location_linked,In which place was Beatrix Yaran born?,Ilmareach,true,false,SYN-P007,doctoral_advisor,1,false,,synthetic://dataset_v2/person/SYN-P082
t1-00681#0,t1-00681,Beatrix Yaran,SYN-P082,T1,ablation_pool,location_linked,In which country was Beatrix Yaran born?,Lumaria,true,false,SYN-P007,doctoral_advisor,1,false,,synthetic://dataset_v2/person/SYN-P082
t1-00682#0,t1-00682,Beatrix Yaran,SYN-P082,T1,ablation_pool,location_linked,In which place did Beatrix Yaran die?,Marroburg,true,false,SYN-P007,doctoral_advisor,1,false,,synthetic://dataset_v2/person/SYN-P082
t1-00683#0,t1-00683,Beatrix Yaran,SYN-P082,T1,ablation_pool,location_linked,In which city did Beatrix Yaran complete a doctorate?,Mirris,true,false,SYN-P007,doctoral_advisor,1,false,,synthetic://dataset_v2/person/SYN-P082
t1-00684#0,t1-00684,Beatrix Yaran,SYN-P082,T1,ablation_pool,relational_associations,Who was the doctoral student of Beatrix Yaran?,Marcus Quenard,true,false,SYN-P007,doctoral_advisor,1,false,,synthetic://dataset_v2/person/SYN-P082
t1-00685#0,t1-00685,Beatrix Yaran,SYN-P082,T1,ablation_pool,relational_associations,Who was the doctoral advisor of Beatrix Yaran?,Giselle Branay,true,false,SYN-P007,doctoral_advisor,1,false,,synthetic://dataset_v2/person/SYN-P082
t1-00686#0,t1-00686,Beatrix Yaran,SYN-P082,T1,ablation_pool,relational_associations,With whom did Beatrix Yaran collaborate?,Ottilie Elais,true,false,SYN-P007,doctoral_advisor,1,false,,synthetic://dataset_v2/person/SYN-P082
t1-00687#0,t1-00687,Beatrix Yaran,SYN-P082,T1,ablation_pool,names_aliases,What is the middle name of Beatrix Yaran?,Zora,true,false,SYN-P007,doctoral_advisor,1,false,,synthetic://dataset_v2/person/SYN-P082
t1-00688#0,t1-00688,Beatrix Yaran,SYN-P082,T1,ablation_pool,names_aliases,What is the full birth name of Beatrix Yaran?,Beatrix Zora Yaran,true,false,SYN-P007,doctoral_advisor,1,false,,synthetic://dataset_v2/person/SYN-P082
t1-00689#0,t1-00689,Esme Silel,SYN-P085,T1,ablation_pool,biographical_dates,On what date was Esme Silel born?,7 May 1873,true,false,SYN-P007,child,1,false,,synthetic://dataset_v2/person/SYN-P085
t1-00690#0,t1-00690,Esme Silel,SYN-P085,T1,ablation_pool,biographical_dates,On what date did Esme Silel die?,24 April 1934,true,false,SYN-P007,child,1,false,,synthetic://dataset_v2/person/SYN-P085
t1-00691#0,t1-00691,Esme Silel,SYN-P085,T1,ablation_pool,biographical_dates,In which year did Esme Silel complete a doctorate?,1902,true,false,SYN-P007,child,1,false,,synthetic://dataset_v2/person/SYN-P085
t1-00692#0,t1-00692,Esme Silel,SYN-P085,T1,ablation_pool,biographical_dates,In which year did Esme Silel take up a post at Obsidian Research Center?,1907,true,false,SYN-P007,child,1,false,,synthetic://dataset_v2/person/SYN-P085
t1-00693#0,t1-00693,Esme Silel,SYN-P085,T1,ablation_pool,biographical_dates,In which year was Esme Silel awarded the Coronet Medal?,1925,true,false,SYN-P007,child,1,false,,synthetic://dataset_v2/person/SYN-P085
t1-00694#0,t1-00694,Esme Silel,SYN-P085,T1,ablation_pool,location_linked,In which place was Esme Silel born?,Junipmarsh,true,false,SYN-P007,child,1,false,,synthetic://dataset_v2/person/SYN-P085
t1-00695#0,t1-00695,Esme Silel,SYN-P085,T1,ablation_pool,location_linked,In which country was Esme Silel born?,Fenwold,true,false,SYN-P007,child,1,false,,synthetic://dataset_v2/person/SYN-P085
t1-00696#0,t1-00696,Esme Silel,SYN-P085,T1,ablation_pool,location_linked,In which place did Esme Silel die?,Nythridge,true,false,SYN-P007,child,1,false,,synthetic://dataset_v2/person/SYN-P085
t1-00697#0,t1-00697,Esme Silel,SYN-P085,T1,ablation_pool,location_linked,In which city did Esme Silel complete a doctorate?,Harrovale,true,false,SYN-P007,child,1,false,,synthetic://dataset_v2/person/SYN-P085
t1-00698#0,t1-00698,Esme Silel,SYN-P085,T1,ablation_pool,relational_associations,Who was the father of Esme Silel?,Marcus Quenard,true,false,SYN-P007,child,1,false,,synthetic://dataset_v2/person/SYN-P085
t1-00699#0,t1-00699,Esme Silel,SYN-P085,T1,ablation_pool,relational_associations,Who was the doctoral advisor of Esme Silel?,Sabine Belard,true,false,SYN-P007,child,1,false,,synthetic://dataset_v2/person/SYN-P085
t1-00700#0,t1-00700,Esme Silel,SYN-P085,T1,ablation_pool,relational_associations,Who was the doctoral student of Esme Silel?,Delphine Corovic,true,false,SYN-P007,child,1,false,,synthetic://dataset_v2/person/SYN-P085
t1-00701#0,t1-00701,Esme Silel,SYN-P085,T1,ablation_pool,names_aliases,What is the middle name of Esme Silel?,Ursel,true,false,SYN-P007,child,1,false,,synthetic://dataset_v2/person/SYN-P085
t1-00702#0,t1-00702,Esme Silel,SYN-P085,T1,ablation_pool,names_aliases,What is the full birth name of Esme Silel?,Esme Ursel Silel,true,false,SYN-P007,child,1,false,,synthetic://dataset_v2/person/SYN-P085
t1-00703#0,t1-00703,Marcus Toreth,SYN-P086,T1,ablation_pool,biographical_dates,On what date was Marcus Toreth born?,6 November 1929,true,false,SYN-P008,employer_overlap,1,false,,synthetic://dataset_v2/person/SYN-P086
t1-00704#0,t1-00704,Marcus Toreth,SYN-P086,T1,ablation_pool,biographical_dates,In which year did Marcus Toreth complete a doctorate?,1952,true,false,SYN-P008,employer_overlap,1,false,,synthetic://dataset_v2/person/SYN-P086
t1-00705#0,t1-00705,Marcus Toreth,SYN-P086,T1,ablation_pool,biographical_dates,In which year did Marcus Toreth take up a post at Rampart Academy?,1960,true,false,SYN-P008,employer_overlap,1,false,,synthetic://dataset_v2/person/SYN-P086
t1-00706#0,t1-00706,Marcus Toreth,SYN-P086,T1,ablation_pool,biographical_dates,In which year was Marcus Toreth awarded the Coronet Award?,1977,true,false,SYN-P008,employer_overlap,1,false,,synthetic://dataset_v2/person/SYN-P086
t1-00707#0,t1-00707,Marcus Toreth,SYN-P086,T1,ablation_pool,biographical_dates,In which year did Marcus Toreth establish the Aurelan Laboratory for Neural Manifolds?,1966,true,false,SYN-P008,employer_overlap,1,false,,synthetic://dataset_v2/person/SYN-P086
t1-00708#0,t1-00708,Marcus Toreth,SYN-P086,T1,ablation_pool,location_linked,In which place was Marcus Toreth born?,Vantridge,true,false,SYN-P008,employer_overlap,1,false,,synthetic://dataset_v2/person/SYN-P086
t1-00709#0,t1-00709,Marcus Toreth,SYN-P086,T1,ablation_pool,location_linked,In which country was Marcus Toreth born?,Thessia,true,false,SYN-P008,employer_overlap,1,false,,synthetic://dataset_v2/person/SYN-P086
t1-00710#0,t1-00710,Marcus Toreth,SYN-P086,T1,ablation_pool,location_linked,In which city did Marcus Toreth complete a doctorate?,Cinderreach,true,false,SYN-P008,employer_overlap,1,false,,synthetic://dataset_v2/person/SYN-P086
t1-00711#0,t1-00711,Marcus Toreth,SYN-P086,T1,ablation_pool,location_linked,In which city did Marcus Toreth chiefly work?,Vantcrest,true,false,SYN-P008,employer_overlap,1,false,,synthetic://dataset_v2/person/SYN-P086
t1-00712#0,t1-00712,Marcus Toreth,SYN-P086,T1,ablation_pool,relational_associations,With which institution was Marcus Toreth associated?,Rampart Academy,true,false,SYN-P008,employer_overlap,1,false,,synthetic://dataset_v2/person/SYN-P086
t1-00713#0,t1-00713,Marcus Toreth,SYN-P086,T1,ablation_pool,relational_associations,Who was the doctoral advisor of Marcus Toreth?,Marcus Wynen,true,false,SYN-P008,employer_overlap,1,false,,synthetic://dataset_v2/person/SYN-P086
t1-00714#0,t1-00714,Marcus Toreth,SYN-P086,T1,ablation_pool,relational_associations,Who was the doctoral student of Marcus Toreth?,Liora Irell,true,false,SYN-P008,employer_overlap,1,false,,synthetic://dataset_v2/person/SYN-P086
t1-00715#0,t1-00715,Marcus Toreth,SYN-P086,T1,ablation_pool,names_aliases,What is the middle name of Marcus Toreth?,Doren,true,false,SYN-P008,employer_overlap,1,false,,synthetic://dataset_v2/person/SYN-P086
t1-00716#0,t1-00716,Marcus Toreth,SYN-P086,T1,ablation_pool,names_aliases,What is the full birth name of Marcus Toreth?,Marcus Doren Toreth,true,false,SYN-P008,employer_overlap,1,false,,synthetic://dataset_v2/person/SYN-P086
t1-00717#0,t1-00717,Corin Corick,SYN-P087,T1,ablation_pool,biographical_dates,On what date was Corin Corick born?,5 January 1964,true,false,SYN-P008,employer_overlap,1,false,,synthetic://dataset_v2/person/SYN-P087
t1-00718#0,t1-00718,Corin Corick,SYN-P087,T1,ablation_pool,biographical_dates,In which year did Corin Corick complete a doctorate?,1992,true,false,SYN-P008,employer_overlap,1,false,,synthetic://dataset_v2/person/SYN-P087
t1-00719#0,t1-00719,Corin Corick,SYN-P087,T1,ablation_pool,biographical_dates,In which year did Corin Corick take up a post at Rampart Academy?,1998,true,false,SYN-P008,employer_overlap,1,false,,synthetic://dataset_v2/person/SYN-P087
t1-00720#0,t1-00720,Corin Corick,SYN-P087,T1,ablation_pool,biographical_dates,In which year was Corin Corick awarded the Ardent Award?,2008,true,false,SYN-P008,employer_overlap,1,false,,synthetic://dataset_v2/person/SYN-P087
t1-00721#0,t1-00721,Corin Corick,SYN-P087,T1,ablation_pool,biographical_dates,In which year did Corin Corick establish the Keystone Laboratory for Neural Manifolds?,2010,true,false,SYN-P008,employer_overlap,1,false,,synthetic://dataset_v2/person/SYN-P087
t1-00722#0,t1-00722,Corin Corick,SYN-P087,T1,ablation_pool,location_linked,In which place was Corin Corick born?,Cinderhollow,true,false,SYN-P008,employer_overlap,1,false,,synthetic://dataset_v2/person/SYN-P087
t1-00723#0,t1-00723,Corin Corick,SYN-P087,T1,ablation_pool,location_linked,In which country was Corin Corick born?,Thessia,true,false,SYN-P008,employer_overlap,1,false,,synthetic://dataset_v2/person/SYN-P087
t1-00724#0,t1-00724,Corin Corick,SYN-P087,T1,ablation_pool,location_linked,In which city did Corin Corick complete a doctorate?,Sorrford,true,false,SYN-P008,employer_overlap,1,false,,synthetic://dataset_v2/person/SYN-P087
t1-00725#0,t1-00725,Corin Corick,SYN-P087,T1,ablation_pool,location_linked,In which city did Corin Corick chiefly work?,Vantcrest,true,false,SYN-P008,employer_overlap,1,false,,synthetic://dataset_v2/person/SYN-P087
t1-00726#0,t1-00726,Corin Corick,SYN-P087,T1,ablation_pool,relational_associations,With which institution was Corin Corick associated?,Rampart Academy,true,false,SYN-P008,employer_overlap,1,false,,synthetic://dataset_v2/person/SYN-P087
t1-00727#0,t1-00727,Corin Corick,SYN-P087,T1,ablation_pool,relational_associations,Who was the doctoral advisor of Corin Corick?,Joachim Quenir,true,false,SYN-P008,employer_overlap,1,false,,synthetic://dataset_v2/person/SYN-P087
t1-00728#0,t1-00728,Corin Corick,SYN-P087,T1,ablation_pool,relational_associations,Who was the doctoral student of Corin Corick?,Oren Ashec,true,false,SYN-P008,employer_overlap,1,false,,synthetic://dataset_v2/person/SYN-P087
t1-00729#0,t1-00729,Corin Corick,SYN-P087,T1,ablation_pool,names_aliases,What is the middle name of Corin Corick?,Cael,true,false,SYN-P008,employer_overlap,1,false,,synthetic://dataset_v2/person/SYN-P087
t1-00730#0,t1-00730,Corin Corick,SYN-P087,T1,ablation_pool,names_aliases,What is the full birth name of Corin Corick?,Corin Cael Corick,true,false,SYN-P008,employer_overlap,1,false,,synthetic://dataset_v2/person/SYN-P087
t1-00731#0,t1-00731,Yorick Quenine,SYN-P091,T1,ablation_pool,biographical_dates,On what date was Yorick Quenine born?,16 February 1876,true,false,SYN-P008,doctoral_student_of,1,false,,synthetic://dataset_v2/person/SYN-P091
t1-00732#0,t1-00732,Yorick Quenine,SYN-P091,T1,ablation_pool,biographical_dates,On what date did Yorick Quenine die?,22 January 1937,true,false,SYN-P008,doctoral_student_of,1,false,,synthetic://dataset_v2/person/SYN-P091
t1-00733#0,t1-00733,Yorick Quenine,SYN-P091,T1,ablation_pool,biographical_dates,In which year did Yorick Quenine complete a doctorate?,1905,true,false,SYN-P008,doctoral_student_of,1,false,,synthetic://dataset_v2/person/SYN-P091
t1-00734#0,t1-00734,Yorick Quenine,SYN-P091,T1,ablation_pool,biographical_dates,In which year did Yorick Quenine take up a post at Aurelan Foundation?,1910,true,false,SYN-P008,doctoral_student_of,1,false,,synthetic://dataset_v2/person/SYN-P091
t1-00735#0,t1-00735,Yorick Quenine,SYN-P091,T1,ablation_pool,biographical_dates,In which year was Yorick Quenine awarded the Cindermark Medal?,1926,true,false,SYN-P008,doctoral_student_of,1,false,,synthetic://dataset_v2/person/SYN-P091
t1-00736#0,t1-00736,Yorick Quenine,SYN-P091,T1,ablation_pool,location_linked,In which place was Yorick Quenine born?,Drosshaven,true,false,SYN-P008,doctoral_student_of,1,false,,synthetic://dataset_v2/person/SYN-P091
t1-00737#0,t1-00737,Yorick Quenine,SYN-P091,T1,ablation_pool,location_linked,In which country was Yorick Quenine born?,Draviland,true,false,SYN-P008,doctoral_student_of,1,false,,synthetic://dataset_v2/person/SYN-P091
t1-00738#0,t1-00738,Yorick Quenine,SYN-P091,T1,ablation_pool,location_linked,In which place did Yorick Quenine die?,Xanthhollow,true,false,SYN-P008,doctoral_student_of,1,false,,synthetic://dataset_v2/person/SYN-P091
t1-00739#0,t1-00739,Yorick Quenine,SYN-P091,T1,ablation_pool,location_linked,In which city did Yorick Quenine complete a doctorate?,Drosshollow,true,false,SYN-P008,doctoral_student_of,1,false,,synthetic://dataset_v2/person/SYN-P091
t1-00740#0,t1-00740,Yorick Quenine,SYN-P091,T1,ablation_pool,relational_associations,Who was the doctoral advisor of Yorick Quenine?,Elena Quenine,true,false,SYN-P008,doctoral_student_of,1,false,,synthetic://dataset_v2/person/SYN-P091
t1-00741#0,t1-00741,Yorick Quenine,SYN-P091,T1,ablation_pool,relational_associations,Who was the doctoral student of Yorick Quenine?,Fabian Irath,true,false,SYN-P008,doctoral_student_of,1,false,,synthetic://dataset_v2/person/SYN-P091
t1-00742#0,t1-00742,Yorick Quenine,SYN-P091,T1,ablation_pool,relational_associations,With whom did Yorick Quenine collaborate?,Fabian Galay,true,false,SYN-P008,doctoral_student_of,1,false,,synthetic://dataset_v2/person/SYN-P091
t1-00743#0,t1-00743,Yorick Quenine,SYN-P091,T1,ablation_pool,names_aliases,What is the middle name of Yorick Quenine?,Rhea,true,false,SYN-P008,doctoral_student_of,1,false,,synthetic://dataset_v2/person/SYN-P091
t1-00744#0,t1-00744,Yorick Quenine,SYN-P091,T1,ablation_pool,names_aliases,What is the full birth name of Yorick Quenine?,Yorick Rhea Quenine,true,false,SYN-P008,doctoral_student_of,1,false,,synthetic://dataset_v2/person/SYN-P091
t1-00745#0,t1-00745,Clea Elaen,SYN-P092,T1,ablation_pool,biographical_dates,On what date was Clea Elaen born?,4 February 1871,true,false,SYN-P008,doctoral_advisor,1,false,,synthetic://dataset_v2/person/SYN-P092
t1-00746#0,t1-00746,Clea Elaen,SYN-P092,T1,ablation_pool,biographical_dates,On what date did Clea Elaen die?,25 December 1953,true,false,SYN-P008,doctoral_advisor,1,false,,synthetic://dataset_v2/person/SYN-P092
t1-00747#0,t1-00747,Clea Elaen,SYN-P092,T1,ablation_pool,biographical_dates,In which year did Clea Elaen complete a doctorate?,1899,true,false,SYN-P008,doctoral_advisor,1,false,,synthetic://dataset_v2/person/SYN-P092
t1-00748#0,t1-00748,Clea Elaen,SYN-P092,T1,ablation_pool,biographical_dates,In which year did Clea Elaen take up a post at Keystone Institute of Quantum Materials?,1904,true,false,SYN-P008,doctoral_advisor,1,false,,synthetic://dataset_v2/person/SYN-P092
t1-00749#0,t1-00749,Clea Elaen,SYN-P092,T1,ablation_pool,biographical_dates,In which year was Clea Elaen awarded the Dial Award?,1921,true,false,SYN-P008,doctoral_advisor,1,false,,synthetic://dataset_v2/person/SYN-P092
t1-00750#0,t1-00750,Clea Elaen,SYN-P092,T1,ablation_pool,location_linked,In which place was Clea Elaen born?,Harrocrest,true,false,SYN-P008,doctoral_advisor,1,false,,synthetic://dataset_v2/person/SYN-P092
t1-00751#0,t1-00751,Clea Elaen,SYN-P092,T1,ablation_pool,location_linked,In which country was Clea Elaen born?,Tarsine,true,false,SYN-P008,doctoral_advisor,1,false,,synthetic://dataset_v2/person/SYN-P092
t1-00752#0,t1-00752,Clea Elaen,SYN-P092,T1,ablation_pool,location_linked,In which place did Clea Elaen die?,Rhelmhaven,true,false,SYN-P008,doctoral_advisor,1,false,,synthetic://dataset_v2/person/SYN-P092
t1-00753#0,t1-00753,Clea Elaen,SYN-P092,T1,ablation_pool,location_linked,In which city did Clea Elaen complete a doctorate?,Kestrburg,true,false,SYN-P008,doctoral_advisor,1,false,,synthetic://dataset_v2/person/SYN-P092
t1-00754#0,t1-00754,Clea Elaen,SYN-P092,T1,ablation_pool,relational_associations,Who was the doctoral student of Clea Elaen?,Elena Quenine,true,false,SYN-P008,doctoral_advisor,1,false,,synthetic://dataset_v2/person/SYN-P092
t1-00755#0,t1-00755,Clea Elaen,SYN-P092,T1,ablation_pool,relational_associations,Who was the doctoral advisor of Clea Elaen?,Greta Karell,true,false,SYN-P008,doctoral_advisor,1,false,,synthetic://dataset_v2/person/SYN-P092
t1-00756#0,t1-00756,Clea Elaen,SYN-P092,T1,ablation_pool,relational_associations,With whom did Clea Elaen collaborate?,Ulrich Galan,true,false,SYN-P008,doctoral_advisor,1,false,,synthetic://dataset_v2/person/SYN-P092
t1-00757#0,t1-00757,Clea Elaen,SYN-P092,T1,ablation_pool,names_aliases,What is the middle name of Clea Elaen?,Gwyn,true,false,SYN-P008,doctoral_advisor,1,false,,synthetic://dataset_v2/person/SYN-P092
t1-00758#0,t1-00758,Clea Elaen,SYN-P092,T1,ablation_pool,names_aliases,What is the full birth name of Clea Elaen?,Clea Gwyn Elaen,true,false,SYN-P008,doctoral_advisor,1,false,,synthetic://dataset_v2/person/SYN-P092
t1-00759#0,t1-00759,Wendel Xanine,SYN-P093,T1,ablation_pool,biographical_dates,On what date was Wendel Xanine born?,25 March 1868,true,false,SYN-P008,collaborator,1,false,,synthetic://dataset_v2/person/SYN-P093
t1-00760#0,t1-00760,Wendel Xanine,SYN-P093,T1,ablation_pool,biographical_dates,On what date did Wendel Xanine die?,3 March 1928,true,false,SYN-P008,collaborator,1,false,,synthetic://dataset_v2/person/SYN-P093
t1-00761#0,t1-00761,Wendel Xanine,SYN-P093,T1,ablation_pool,biographical_dates,In which year did Wendel Xanine complete a doctorate?,1893,true,false,SYN-P008,collaborator,1,false,,synthetic://dataset_v2/person/SYN-P093
t1-00762#0,t1-00762,Wendel Xanine,SYN-P093,T1,ablation_pool,biographical_dates,In which year did Wendel Xanine take up a post at Northstar Polytechnic of Lattice Dynamics?,1900,true,false,SYN-P008,collaborator,1,false,,synthetic://dataset_v2/person/SYN-P093
t1-00763#0,t1-00763,Wendel Xanine,SYN-P093,T1,ablation_pool,biographical_dates,In which year was Wendel Xanine awarded the Tessellate Laureateship?,1912,true,false,SYN-P008,collaborator,1,false,,synthetic://dataset_v2/person/SYN-P093
t1-00764#0,t1-00764,Wendel Xanine,SYN-P093,T1,ablation_pool,location_linked,In which place was Wendel Xanine born?,Amberfell,true,false,SYN-P008,collaborator,1,false,,synthetic://dataset_v2/person/SYN-P093
t1-00765#0,t1-00765,Wendel Xanine,SYN-P093,T1,ablation_pool,location_linked,In which country was Wendel Xanine born?,Thessia,true,false,SYN-P008,collaborator,1,false,,synthetic://dataset_v2/person/SYN-P093
t1-00766#0,t1-00766,Wendel Xanine,SYN-P093,T1,ablation_pool,location_linked,In which place did Wendel Xanine die?,Drossvale,true,false,SYN-P008,collaborator,1,false,,synthetic://dataset_v2/person/SYN-P093
t1-00767#0,t1-00767,Wendel Xanine,SYN-P093,T1,ablation_pool,location_linked,In which city did Wendel Xanine complete a doctorate?,Sablewick,true,false,SYN-P008,collaborator,1,false,,synthetic://dataset_v2/person/SYN-P093
t1-00768#0,t1-00768,Wendel Xanine,SYN-P093,T1,ablation_pool,relational_associations,With whom did Wendel Xanine collaborate?,Elena Quenine,true,false,SYN-P008,collaborator,1,false,,synthetic://dataset_v2/person/SYN-P093
t1-00769#0,t1-00769,Wendel Xanine,SYN-P093,T1,ablation_pool,relational_associations,Who was the doctoral advisor of Wendel Xanine?,Fleur Wynell,true,false,SYN-P008,collaborator,1,false,,synthetic://dataset_v2/person/SYN-P093
t1-00770#0,t1-00770,Wendel Xanine,SYN-P093,T1,ablation_pool,relational_associations,Who was the doctoral student of Wendel Xanine?,Henrik Silas,true,false,SYN-P008,collaborator,1,false,,synthetic://dataset_v2/person/SYN-P093
t1-00771#0,t1-00771,Wendel Xanine,SYN-P093,T1,ablation_pool,names_aliases,What is the middle name of Wendel Xanine?,Piet,true,false,SYN-P008,collaborator,1,false,,synthetic://dataset_v2/person/SYN-P093
t1-00772#0,t1-00772,Wendel Xanine,SYN-P093,T1,ablation_pool,names_aliases,What is the full birth name of Wendel Xanine?,Wendel Piet Xanine,true,false,SYN-P008,collaborator,1,false,,synthetic://dataset_v2/person/SYN-P093
t1-00773#0,t1-00773,Perrin Ulrel,SYN-P094,T1,ablation_pool,biographical_dates,On what date was Perrin Ulrel born?,23 September 1928,true,false,SYN-P008,research_partner,1,false,,synthetic://dataset_v2/person/SYN-P094
t1-00774#0,t1-00774,Perrin Ulrel,SYN-P094,T1,ablation_pool,biographical_dates,On what date did Perrin Ulrel die?,24 June 2002,true,false,SYN-P008,research_partner,1,false,,synthetic://dataset_v2/person/SYN-P094
t1-00775#0,t1-00775,Perrin Ulrel,SYN-P094,T1,ablation_pool,biographical_dates,In which year did Perrin Ulrel complete a doctorate?,1957,true,false,SYN-P008,research_partner,1,false,,synthetic://dataset_v2/person/SYN-P094
t1-00776#0,t1-00776,Perrin Ulrel,SYN-P094,T1,ablation_pool,biographical_dates,In which year did Perrin Ulrel take up a post at Zenith Observatory of Isotopic Geochemistry?,1959,true,false,SYN-P008,research_partner,1,false,,synthetic://dataset_v2/person/SYN-P094
t1-00777#0,t1-00777,Perrin Ulrel,SYN-P094,T1,ablation_pool,biographical_dates,In which year was Perrin Ulrel awarded the Tessellate Award?,1971,true,false,SYN-P008,research_partner,1,false,,synthetic://dataset_v2/person/SYN-P094
t1-00778#0,t1-00778,Perrin Ulrel,SYN-P094,T1,ablation_pool,location_linked,In which place was Perrin Ulrel born?,Palewarn,true,false,SYN-P008,research_partner,1,false,,synthetic://dataset_v2/person/SYN-P094
t1-00779#0,t1-00779,Perrin Ulrel,SYN-P094,T1,ablation_pool,location_linked,In which country was Perrin Ulrel born?,Serevane,true,false,SYN-P008,research_partner,1,false,,synthetic://dataset_v2/person/SYN-P094
t1-00780#0,t1-00780,Perrin Ulrel,SYN-P094,T1,ablation_pool,location_linked,In which place did Perrin Ulrel die?,Lumenis,true,false,SYN-P008,research_partner,1,false,,synthetic://dataset_v2/person/SYN-P094
t1-00781#0,t1-00781,Perrin Ulrel,SYN-P094,T1,ablation_pool,location_linked,In which city did Perrin Ulrel complete a doctorate?,Kestrmere,true,false,SYN-P008,research_partner,1,false,,synthetic://dataset_v2/person/SYN-P094
t1-00782#0,t1-00782,Perrin Ulrel,SYN-P094,T1,ablation_pool,relational_associations,Who was the working partner of Perrin Ulrel?,Elena Quenine,true,false,SYN-P008,research_partner,1,false,,synthetic://dataset_v2/person/SYN-P094
t1-00783#0,t1-00783,Perrin Ulrel,SYN-P094,T1,ablation_pool,relational_associations,Who was the doctoral advisor of Perrin Ulrel?,Ivo Marard,true,false,SYN-P008,research_partner,1,false,,synthetic://dataset_v2/person/SYN-P094
t1-00784#0,t1-00784,Perrin Ulrel,SYN-P094,T1,ablation_pool,relational_associations,Who was the doctoral student of Perrin Ulrel?,Eluned Galane,true,false,SYN-P008,research_partner,1,false,,synthetic://dataset_v2/person/SYN-P094
t1-00785#0,t1-00785,Perrin Ulrel,SYN-P094,T1,ablation_pool,names_aliases,What is the middle name of Perrin Ulrel?,Dagen,true,false,SYN-P008,research_partner,1,false,,synthetic://dataset_v2/person/SYN-P094
t1-00786#0,t1-00786,Perrin Ulrel,SYN-P094,T1,ablation_pool,names_aliases,What is the full birth name of Perrin Ulrel?,Perrin Dagen Ulrel,true,false,SYN-P008,research_partner,1,false,,synthetic://dataset_v2/person/SYN-P094
t1-00787#0,t1-00787,Edvard Dovay,SYN-P095,T1,ablation_pool,biographical_dates,On what date was Edvard Dovay born?,27 November 1968,true,false,SYN-P008,teacher_of,1,false,,synthetic://dataset_v2/person/SYN-P095
t1-00788#0,t1-00788,Edvard Dovay,SYN-P095,T1,ablation_pool,biographical_dates,In which year did Edvard Dovay complete a doctorate?,1994,true,false,SYN-P008,teacher_of,1,false,,synthetic://dataset_v2/person/SYN-P095
t1-00789#0,t1-00789,Edvard Dovay,SYN-P095,T1,ablation_pool,biographical_dates,In which year did Edvard Dovay take up a post at Orrery Research Center of Cryogenic Photonics?,2000,true,false,SYN-P008,teacher_of,1,false,,synthetic://dataset_v2/person/SYN-P095
t1-00790#0,t1-00790,Edvard Dovay,SYN-P095,T1,ablation_pool,biographical_dates,In which year was Edvard Dovay awarded the Coronet Medal?,2007,true,false,SYN-P008,teacher_of,1,false,,synthetic://dataset_v2/person/SYN-P095
t1-00791#0,t1-00791,Edvard Dovay,SYN-P095,T1,ablation_pool,biographical_dates,In which year did Edvard Dovay establish the Daedal Laboratory for Cryogenic Photonics?,2011,true,false,SYN-P008,teacher_of,1,false,,synthetic://dataset_v2/person/SYN-P095
t1-00792#0,t1-00792,Edvard Dovay,SYN-P095,T1,ablation_pool,location_linked,In which place was Edvard Dovay born?,Sableburg,true,false,SYN-P008,teacher_of,1,false,,synthetic://dataset_v2/person/SYN-P095
t1-00793#0,t1-00793,Edvard Dovay,SYN-P095,T1,ablation_pool,location_linked,In which country was Edvard Dovay born?,Ostravia,true,false,SYN-P008,teacher_of,1,false,,synthetic://dataset_v2/person/SYN-P095
t1-00794#0,t1-00794,Edvard Dovay,SYN-P095,T1,ablation_pool,location_linked,In which city did Edvard Dovay complete a doctorate?,Cinderwick,true,false,SYN-P008,teacher_of,1,false,,synthetic://dataset_v2/person/SYN-P095
t1-00795#0,t1-00795,Edvard Dovay,SYN-P095,T1,ablation_pool,location_linked,In which city did Edvard Dovay chiefly work?,Stellarn,true,false,SYN-P008,teacher_of,1,false,,synthetic://dataset_v2/person/SYN-P095
t1-00796#0,t1-00796,Edvard Dovay,SYN-P095,T1,ablation_pool,relational_associations,Who was the doctoral student of Edvard Dovay?,Elena Quenine,true,false,SYN-P008,teacher_of,1,false,,synthetic://dataset_v2/person/SYN-P095
t1-00797#0,t1-00797,Edvard Dovay,SYN-P095,T1,ablation_pool,relational_associations,Who was the doctoral advisor of Edvard Dovay?,Nikolai Marel,true,false,SYN-P008,teacher_of,1,false,,synthetic://dataset_v2/person/SYN-P095
t1-00798#0,t1-00798,Edvard Dovay,SYN-P095,T1,ablation_pool,relational_associations,With whom did Edvard Dovay collaborate?,Casper Cadreth,true,false,SYN-P008,teacher_of,1,false,,synthetic://dataset_v2/person/SYN-P095
t1-00799#0,t1-00799,Edvard Dovay,SYN-P095,T1,ablation_pool,names_aliases,What is the middle name of Edvard Dovay?,Gwyn,true,false,SYN-P008,teacher_of,1,false,,synthetic://dataset_v2/person/SYN-P095
t1-00800#0,t1-00800,Edvard Dovay,SYN-P095,T1,ablation_pool,names_aliases,What is the full birth name of Edvard Dovay?,Edvard Gwyn Dovay,true,false,SYN-P008,teacher_of,1,false,,synthetic://dataset_v2/person/SYN-P095
t1-00801#0,t1-00801,Katarin Vorir,SYN-P096,T1,ablation_pool,biographical_dates,On what date was Katarin Vorir born?,21 October 1921,true,false,SYN-P009,employer_overlap,1,false,,synthetic://dataset_v2/person/SYN-P096
t1-00802#0,t1-00802,Katarin Vorir,SYN-P096,T1,ablation_pool,biographical_dates,On what date did Katarin Vorir die?,17 March 2003,true,false,SYN-P009,employer_overlap,1,false,,synthetic://dataset_v2/person/SYN-P096
t1-00803#0,t1-00803,Katarin Vorir,SYN-P096,T1,ablation_pool,biographical_dates,In which year did Katarin Vorir complete a doctorate?,1945,true,false,SYN-P009,employer_overlap,1,false,,synthetic://dataset_v2/person/SYN-P096
t1-00804#0,t1-00804,Katarin Vorir,SYN-P096,T1,ablation_pool,biographical_dates,In which year did Katarin Vorir take up a post at Glacis Laboratory?,1947,true,false,SYN-P009,employer_overlap,1,false,,synthetic://dataset_v2/person/SYN-P096
t1-00805#0,t1-00805,Katarin Vorir,SYN-P096,T1,ablation_pool,biographical_dates,In which year was Katarin Vorir awarded the Aster Award?,1953,true,false,SYN-P009,employer_overlap,1,false,,synthetic://dataset_v2/person/SYN-P096
t1-00806#0,t1-00806,Katarin Vorir,SYN-P096,T1,ablation_pool,location_linked,In which place was Katarin Vorir born?,Thistburg,true,false,SYN-P009,employer_overlap,1,false,,synthetic://dataset_v2/person/SYN-P096
t1-00807#0,t1-00807,Katarin Vorir,SYN-P096,T1,ablation_pool,location_linked,In which country was Katarin Vorir born?,Ostravia,true,false,SYN-P009,employer_overlap,1,false,,synthetic://dataset_v2/person/SYN-P096
t1-00808#0,t1-00808,Katarin Vorir,SYN-P096,T1,ablation_pool,location_linked,In which place did Katarin Vorir die?,Novaarn,true,false,SYN-P009,employer_overlap,1,false,,synthetic://dataset_v2/person/SYN-P096
t1-00809#0,t1-00809,Katarin Vorir,SYN-P096,T1,ablation_pool,location_linked,In which city did Katarin Vorir complete a doctorate?,Kestrfell,true,false,SYN-P009,employer_overlap,1,false,,synthetic://dataset_v2/person/SYN-P096
t1-00810#0,t1-00810,Katarin Vorir,SYN-P096,T1,ablation_pool,relational_associations,With which institution was Katarin Vorir associated?,Glacis Laboratory,true,false,SYN-P009,employer_overlap,1,false,,synthetic://dataset_v2/person/SYN-P096
t1-00811#0,t1-00811,Katarin Vorir,SYN-P096,T1,ablation_pool,relational_associations,Who was the doctoral advisor of Katarin Vorir?,Ulyana Novick,true,false,SYN-P009,employer_overlap,1,false,,synthetic://dataset_v2/person/SYN-P096
t1-00812#0,t1-00812,Katarin Vorir,SYN-P096,T1,ablation_pool,relational_associations,Who was the doctoral student of Katarin Vorir?,Grigor Haldine,true,false,SYN-P009,employer_overlap,1,false,,synthetic://dataset_v2/person/SYN-P096
t1-00813#0,t1-00813,Katarin Vorir,SYN-P096,T1,ablation_pool,names_aliases,What is the middle name of Katarin Vorir?,Eira,true,false,SYN-P009,employer_overlap,1,false,,synthetic://dataset_v2/person/SYN-P096
t1-00814#0,t1-00814,Katarin Vorir,SYN-P096,T1,ablation_pool,names_aliases,What is the full birth name of Katarin Vorir?,Katarin Eira Vorir,true,false,SYN-P009,employer_overlap,1,false,,synthetic://dataset_v2/person/SYN-P096
t1-00815#0,t1-00815,Emeric Hevas,SYN-P098,T1,ablation_pool,biographical_dates,On what date was Emeric Hevas born?,21 April 1951,true,false,SYN-P009,employer_overlap,1,false,,synthetic://dataset_v2/person/SYN-P098
t1-00816#0,t1-00816,Emeric Hevas,SYN-P098,T1,ablation_pool,biographical_dates,In which year did Emeric Hevas complete a doctorate?,1980,true,false,SYN-P009,employer_overlap,1,false,,synthetic://dataset_v2/person/SYN-P098
t1-00817#0,t1-00817,Emeric Hevas,SYN-P098,T1,ablation_pool,biographical_dates,In which year did Emeric Hevas take up a post at Glacis Laboratory?,1983,true,false,SYN-P009,employer_overlap,1,false,,synthetic://dataset_v2/person/SYN-P098
t1-00818#0,t1-00818,Emeric Hevas,SYN-P098,T1,ablation_pool,biographical_dates,In which year was Emeric Hevas awarded the Wayfarer Medal?,1996,true,false,SYN-P009,employer_overlap,1,false,,synthetic://dataset_v2/person/SYN-P098
t1-00819#0,t1-00819,Emeric Hevas,SYN-P098,T1,ablation_pool,biographical_dates,In which year did Emeric Hevas establish the Northstar Laboratory for Plasma Hydrodynamics?,1985,true,false,SYN-P009,employer_overlap,1,false,,synthetic://dataset_v2/person/SYN-P098
t1-00820#0,t1-00820,Emeric Hevas,SYN-P098,T1,ablation_pool,location_linked,In which place was Emeric Hevas born?,Ordalmarsh,true,false,SYN-P009,employer_overlap,1,false,,synthetic://dataset_v2/person/SYN-P098
t1-00821#0,t1-00821,Emeric Hevas,SYN-P098,T1,ablation_pool,location_linked,In which country was Emeric Hevas born?,Serevane,true,false,SYN-P009,employer_overlap,1,false,,synthetic://dataset_v2/person/SYN-P098
t1-00822#0,t1-00822,Emeric Hevas,SYN-P098,T1,ablation_pool,location_linked,In which city did Emeric Hevas complete a doctorate?,Dunebgate,true,false,SYN-P009,employer_overlap,1,false,,synthetic://dataset_v2/person/SYN-P098
t1-00823#0,t1-00823,Emeric Hevas,SYN-P098,T1,ablation_pool,location_linked,In which city did Emeric Hevas chiefly work?,Ordalhollow,true,false,SYN-P009,employer_overlap,1,false,,synthetic://dataset_v2/person/SYN-P098
t1-00824#0,t1-00824,Emeric Hevas,SYN-P098,T1,ablation_pool,relational_associations,With which institution was Emeric Hevas associated?,Glacis Laboratory,true,false,SYN-P009,employer_overlap,1,false,,synthetic://dataset_v2/person/SYN-P098
t1-00825#0,t1-00825,Emeric Hevas,SYN-P098,T1,ablation_pool,relational_associations,Who was the doctoral advisor of Emeric Hevas?,Wilhelmina Quenov,true,false,SYN-P009,employer_overlap,1,false,,synthetic://dataset_v2/person/SYN-P098
t1-00826#0,t1-00826,Emeric Hevas,SYN-P098,T1,ablation_pool,relational_associations,Who was the doctoral student of Emeric Hevas?,Nikolai Eskorn,true,false,SYN-P009,employer_overlap,1,false,,synthetic://dataset_v2/person/SYN-P098
t1-00827#0,t1-00827,Emeric Hevas,SYN-P098,T1,ablation_pool,names_aliases,What is the middle name of Emeric Hevas?,Ylva,true,false,SYN-P009,employer_overlap,1,false,,synthetic://dataset_v2/person/SYN-P098
t1-00828#0,t1-00828,Emeric Hevas,SYN-P098,T1,ablation_pool,names_aliases,What is the full birth name of Emeric Hevas?,Emeric Ylva Hevas,true,false,SYN-P009,employer_overlap,1,false,,synthetic://dataset_v2/person/SYN-P098
t1-00829#0,t1-00829,Rafael Yareth,SYN-P099,T1,ablation_pool,biographical_dates,On what date was Rafael Yareth born?,18 February 1929,true,false,SYN-P009,employer_overlap,1,false,,synthetic://dataset_v2/person/SYN-P099
t1-00830#0,t1-00830,Rafael Yareth,SYN-P099,T1,ablation_pool,biographical_dates,In which year did Rafael Yareth complete a doctorate?,1953,true,false,SYN-P009,employer_overlap,1,false,,synthetic://dataset_v2/person/SYN-P099
t1-00831#0,t1-00831,Rafael Yareth,SYN-P099,T1,ablation_pool,biographical_dates,In which year did Rafael Yareth take up a post at Glacis Laboratory?,1959,true,false,SYN-P009,employer_overlap,1,false,,synthetic://dataset_v2/person/SYN-P099
t1-00832#0,t1-00832,Rafael Yareth,SYN-P099,T1,ablation_pool,biographical_dates,In which year was Rafael Yareth awarded the Obelisk Medal?,1971,true,false,SYN-P009,employer_overlap,1,false,,synthetic://dataset_v2/person/SYN-P099
t1-00833#0,t1-00833,Rafael Yareth,SYN-P099,T1,ablation_pool,biographical_dates,In which year did Rafael Yareth establish the Northstar Laboratory for Plasma Hydrodynamics?,1966,true,false,SYN-P009,employer_overlap,1,false,,synthetic://dataset_v2/person/SYN-P099
t1-00834#0,t1-00834,Rafael Yareth,SYN-P099,T1,ablation_pool,location_linked,In which place was Rafael Yareth born?,Valerfell,true,false,SYN-P009,employer_overlap,1,false,,synthetic://dataset_v2/person/SYN-P099
t1-00835#0,t1-00835,Rafael Yareth,SYN-P099,T1,ablation_pool,location_linked,In which country was Rafael Yareth born?,Elarion,true,false,SYN-P009,employer_overlap,1,false,,synthetic://dataset_v2/person/SYN-P099
t1-00836#0,t1-00836,Rafael Yareth,SYN-P099,T1,ablation_pool,location_linked,In which city did Rafael Yareth complete a doctorate?,Fenwgate,true,false,SYN-P009,employer_overlap,1,false,,synthetic://dataset_v2/person/SYN-P099
t1-00837#0,t1-00837,Rafael Yareth,SYN-P099,T1,ablation_pool,location_linked,In which city did Rafael Yareth chiefly work?,Ordalhollow,true,false,SYN-P009,employer_overlap,1,false,,synthetic://dataset_v2/person/SYN-P099
t1-00838#0,t1-00838,Rafael Yareth,SYN-P099,T1,ablation_pool,relational_associations,With which institution was Rafael Yareth associated?,Glacis Laboratory,true,false,SYN-P009,employer_overlap,1,false,,synthetic://dataset_v2/person/SYN-P099
t1-00839#0,t1-00839,Rafael Yareth,SYN-P099,T1,ablation_pool,relational_associations,Who was the doctoral advisor of Rafael Yareth?,Nikolai Silane,true,false,SYN-P009,employer_overlap,1,false,,synthetic://dataset_v2/person/SYN-P099
t1-00840#0,t1-00840,Rafael Yareth,SYN-P099,T1,ablation_pool,relational_associations,Who was the doctoral student of Rafael Yareth?,Rowan Dovov,true,false,SYN-P009,employer_overlap,1,false,,synthetic://dataset_v2/person/SYN-P099
t1-00841#0,t1-00841,Rafael Yareth,SYN-P099,T1,ablation_pool,names_aliases,What is the middle name of Rafael Yareth?,Ylva,true,false,SYN-P009,employer_overlap,1,false,,synthetic://dataset_v2/person/SYN-P099
t1-00842#0,t1-00842,Rafael Yareth,SYN-P099,T1,ablation_pool,names_aliases,What is the full birth name of Rafael Yareth?,Rafael Ylva Yareth,true,false,SYN-P009,employer_overlap,1,false,,synthetic://dataset_v2/person/SYN-P099
t1-00843#0,t1-00843,Freya Irovic,SYN-P100,T1,ablation_pool,biographical_dates,On what date was Freya Irovic born?,26 April 1928,true,false,SYN-P009,doctoral_student_of,1,false,,synthetic://dataset_v2/person/SYN-P100
t1-00844#0,t1-00844,Freya Irovic,SYN-P100,T1,ablation_pool,biographical_dates,In which year did Freya Irovic complete a doctorate?,1953,true,false,SYN-P009,doctoral_student_of,1,false,,synthetic://dataset_v2/person/SYN-P100
t1-00845#0,t1-00845,Freya Irovic,SYN-P100,T1,ablation_pool,biographical_dates,In which year did Freya Irovic take up a post at Northstar Institute of Advanced Study?,1956,true,false,SYN-P009,doctoral_student_of,1,false,,synthetic://dataset_v2/person/SYN-P100
t1-00846#0,t1-00846,Freya Irovic,SYN-P100,T1,ablation_pool,biographical_dates,In which year was Freya Irovic awarded the Umbral Medal?,1975,true,false,SYN-P009,doctoral_student_of,1,false,,synthetic://dataset_v2/person/SYN-P100
t1-00847#0,t1-00847,Freya Irovic,SYN-P100,T1,ablation_pool,biographical_dates,In which year did Freya Irovic establish the Peregrine Laboratory for Quantum Materials?,1958,true,false,SYN-P009,doctoral_student_of,1,false,,synthetic://dataset_v2/person/SYN-P100
t1-00848#0,t1-00848,Freya Irovic,SYN-P100,T1,ablation_pool,location_linked,In which place was Freya Irovic born?,Dunebgate,true,false,SYN-P009,doctoral_student_of,1,false,,synthetic://dataset_v2/person/SYN-P100
t1-00849#0,t1-00849,Freya Irovic,SYN-P100,T1,ablation_pool,location_linked,In which country was Freya Irovic born?,Ostravia,true,false,SYN-P009,doctoral_student_of,1,false,,synthetic://dataset_v2/person/SYN-P100
t1-00850#0,t1-00850,Freya Irovic,SYN-P100,T1,ablation_pool,location_linked,In which city did Freya Irovic complete a doctorate?,Sablestead,true,false,SYN-P009,doctoral_student_of,1,false,,synthetic://dataset_v2/person/SYN-P100
t1-00851#0,t1-00851,Freya Irovic,SYN-P100,T1,ablation_pool,location_linked,In which city did Freya Irovic chiefly work?,Embermarsh,true,false,SYN-P009,doctoral_student_of,1,false,,synthetic://dataset_v2/person/SYN-P100
t1-00852#0,t1-00852,Freya Irovic,SYN-P100,T1,ablation_pool,relational_associations,Who was the doctoral advisor of Freya Irovic?,Kaspar Elaen,true,false,SYN-P009,doctoral_student_of,1,false,,synthetic://dataset_v2/person/SYN-P100
t1-00853#0,t1-00853,Freya Irovic,SYN-P100,T1,ablation_pool,relational_associations,Who was the doctoral student of Freya Irovic?,Iva Joryn,true,false,SYN-P009,doctoral_student_of,1,false,,synthetic://dataset_v2/person/SYN-P100
t1-00854#0,t1-00854,Freya Irovic,SYN-P100,T1,ablation_pool,relational_associations,With whom did Freya Irovic collaborate?,Halina Queneth,true,false,SYN-P009,doctoral_student_of,1,false,,synthetic://dataset_v2/person/SYN-P100
t1-00855#0,t1-00855,Freya Irovic,SYN-P100,T1,ablation_pool,names_aliases,What is the middle name of Freya Irovic?,Sten,true,false,SYN-P009,doctoral_student_of,1,false,,synthetic://dataset_v2/person/SYN-P100
t1-00856#0,t1-00856,Freya Irovic,SYN-P100,T1,ablation_pool,names_aliases,What is the full birth name of Freya Irovic?,Freya Sten Irovic,true,false,SYN-P009,doctoral_student_of,1,false,,synthetic://dataset_v2/person/SYN-P100
t1-00857#0,t1-00857,Wendel Wynorn,SYN-P101,T1,ablation_pool,biographical_dates,On what date was Wendel Wynorn born?,26 April 1916,true,false,SYN-P009,doctoral_student_of,1,false,,synthetic://dataset_v2/person/SYN-P101
t1-00858#0,t1-00858,Wendel Wynorn,SYN-P101,T1,ablation_pool,biographical_dates,On what date did Wendel Wynorn die?,18 May 2006,true,false,SYN-P009,doctoral_student_of,1,false,,synthetic://dataset_v2/person/SYN-P101
t1-00859#0,t1-00859,Wendel Wynorn,SYN-P101,T1,ablation_pool,biographical_dates,In which year did Wendel Wynorn complete a doctorate?,1940,true,false,SYN-P009,doctoral_student_of,1,false,,synthetic://dataset_v2/person/SYN-P101
t1-00860#0,t1-00860,Wendel Wynorn,SYN-P101,T1,ablation_pool,biographical_dates,In which year did Wendel Wynorn take up a post at Halcyon College of Statistical Cosmology?,1945,true,false,SYN-P009,doctoral_student_of,1,false,,synthetic://dataset_v2/person/SYN-P101
t1-00861#0,t1-00861,Wendel Wynorn,SYN-P101,T1,ablation_pool,location_linked,In which place was Wendel Wynorn born?,Thisthaven,true,false,SYN-P009,doctoral_student_of,1,false,,synthetic://dataset_v2/person/SYN-P101
t1-00862#0,t1-00862,Wendel Wynorn,SYN-P101,T1,ablation_pool,location_linked,In which country was Wendel Wynorn born?,Auralia,true,false,SYN-P009,doctoral_student_of,1,false,,synthetic://dataset_v2/person/SYN-P101
t1-00863#0,t1-00863,Wendel Wynorn,SYN-P101,T1,ablation_pool,location_linked,In which place did Wendel Wynorn die?,Umbrstead,true,false,SYN-P009,doctoral_student_of,1,false,,synthetic://dataset_v2/person/SYN-P101
t1-00864#0,t1-00864,Wendel Wynorn,SYN-P101,T1,ablation_pool,location_linked,In which city did Wendel Wynorn complete a doctorate?,Thistis,true,false,SYN-P009,doctoral_student_of,1,false,,synthetic://dataset_v2/person/SYN-P101
t1-00865#0,t1-00865,Wendel Wynorn,SYN-P101,T1,ablation_pool,location_linked,In which city did Wendel Wynorn chiefly work?,Vantarn,true,false,SYN-P009,doctoral_student_of,1,false,,synthetic://dataset_v2/person/SYN-P101
t1-00866#0,t1-00866,Wendel Wynorn,SYN-P101,T1,ablation_pool,relational_associations,Who was the doctoral advisor of Wendel Wynorn?,Kaspar Elaen,true,false,SYN-P009,doctoral_student_of,1,false,,synthetic://dataset_v2/person/SYN-P101
t1-00867#0,t1-00867,Wendel Wynorn,SYN-P101,T1,ablation_pool,relational_associations,Who was the doctoral student of Wendel Wynorn?,Rowan Belyn,true,false,SYN-P009,doctoral_student_of,1,false,,synthetic://dataset_v2/person/SYN-P101
t1-00868#0,t1-00868,Wendel Wynorn,SYN-P101,T1,ablation_pool,relational_associations,With whom did Wendel Wynorn collaborate?,Rowan Elaane,true,false,SYN-P009,doctoral_student_of,1,false,,synthetic://dataset_v2/person/SYN-P101
t1-00869#0,t1-00869,Wendel Wynorn,SYN-P101,T1,ablation_pool,names_aliases,What is the middle name of Wendel Wynorn?,Eira,true,false,SYN-P009,doctoral_student_of,1,false,,synthetic://dataset_v2/person/SYN-P101
t1-00870#0,t1-00870,Wendel Wynorn,SYN-P101,T1,ablation_pool,names_aliases,What is the full birth name of Wendel Wynorn?,Wendel Eira Wynorn,true,false,SYN-P009,doctoral_student_of,1,false,,synthetic://dataset_v2/person/SYN-P101
t1-00871#0,t1-00871,Rowan Karorn,SYN-P102,T1,ablation_pool,biographical_dates,On what date was Rowan Karorn born?,2 August 1856,true,false,SYN-P009,doctoral_advisor,1,false,,synthetic://dataset_v2/person/SYN-P102
t1-00872#0,t1-00872,Rowan Karorn,SYN-P102,T1,ablation_pool,biographical_dates,In which year did Rowan Karorn complete a doctorate?,1885,true,false,SYN-P009,doctoral_advisor,1,false,,synthetic://dataset_v2/person/SYN-P102
t1-00873#0,t1-00873,Rowan Karorn,SYN-P102,T1,ablation_pool,biographical_dates,In which year did Rowan Karorn take up a post at Lodestar Foundation?,1886,true,false,SYN-P009,doctoral_advisor,1,false,,synthetic://dataset_v2/person/SYN-P102
t1-00874#0,t1-00874,Rowan Karorn,SYN-P102,T1,ablation_pool,biographical_dates,In which year was Rowan Karorn awarded the Tessellate Medal?,1890,true,false,SYN-P009,doctoral_advisor,1,false,,synthetic://dataset_v2/person/SYN-P102
t1-00875#0,t1-00875,Rowan Karorn,SYN-P102,T1,ablation_pool,location_linked,In which place was Rowan Karorn born?,Iskrstead,true,false,SYN-P009,doctoral_advisor,1,false,,synthetic://dataset_v2/person/SYN-P102
t1-00876#0,t1-00876,Rowan Karorn,SYN-P102,T1,ablation_pool,location_linked,In which country was Rowan Karorn born?,Norvella,true,false,SYN-P009,doctoral_advisor,1,false,,synthetic://dataset_v2/person/SYN-P102
t1-00877#0,t1-00877,Rowan Karorn,SYN-P102,T1,ablation_pool,location_linked,In which city did Rowan Karorn complete a doctorate?,Drossis,true,false,SYN-P009,doctoral_advisor,1,false,,synthetic://dataset_v2/person/SYN-P102
t1-00878#0,t1-00878,Rowan Karorn,SYN-P102,T1,ablation_pool,location_linked,In which city did Rowan Karorn chiefly work?,Nythridge,true,false,SYN-P009,doctoral_advisor,1,false,,synthetic://dataset_v2/person/SYN-P102
t1-00879#0,t1-00879,Rowan Karorn,SYN-P102,T1,ablation_pool,location_linked,In which city did Rowan Karorn establish the Quorum Laboratory for Bioacoustic Ecology?,Marroridge,true,false,SYN-P009,doctoral_advisor,1,false,,synthetic://dataset_v2/person/SYN-P102
t1-00880#0,t1-00880,Rowan Karorn,SYN-P102,T1,ablation_pool,relational_associations,Who was the doctoral student of Rowan Karorn?,Kaspar Elaen,true,false,SYN-P009,doctoral_advisor,1,false,,synthetic://dataset_v2/person/SYN-P102
t1-00881#0,t1-00881,Rowan Karorn,SYN-P102,T1,ablation_pool,relational_associations,Who was the doctoral advisor of Rowan Karorn?,Soren Maras,true,false,SYN-P009,doctoral_advisor,1,false,,synthetic://dataset_v2/person/SYN-P102
t1-00882#0,t1-00882,Rowan Karorn,SYN-P102,T1,ablation_pool,relational_associations,With whom did Rowan Karorn collaborate?,Sabine Elaorn,true,false,SYN-P009,doctoral_advisor,1,false,,synthetic://dataset_v2/person/SYN-P102
t1-00883#0,t1-00883,Rowan Karorn,SYN-P102,T1,ablation_pool,names_aliases,What is the middle name of Rowan Karorn?,Rhea,true,false,SYN-P009,doctoral_advisor,1,false,,synthetic://dataset_v2/person/SYN-P102
t1-00884#0,t1-00884,Rowan Karorn,SYN-P102,T1,ablation_pool,names_aliases,What is the full birth name of Rowan Karorn?,Rowan Rhea Karorn,true,false,SYN-P009,doctoral_advisor,1,false,,synthetic://dataset_v2/person/SYN-P102
t1-00885#0,t1-00885,Lucan Kelick,SYN-P105,T1,ablation_pool,biographical_dates,On what date was Lucan Kelick born?,1 April 1877,true,false,SYN-P009,student,1,false,,synthetic://dataset_v2/person/SYN-P105
t1-00886#0,t1-00886,Lucan Kelick,SYN-P105,T1,ablation_pool,biographical_dates,In which year did Lucan Kelick complete a doctorate?,1902,true,false,SYN-P009,student,1,false,,synthetic://dataset_v2/person/SYN-P105
t1-00887#0,t1-00887,Lucan Kelick,SYN-P105,T1,ablation_pool,biographical_dates,In which year did Lucan Kelick take up a post at Nadir Observatory of Plasma Hydrodynamics?,1907,true,false,SYN-P009,student,1,false,,synthetic://dataset_v2/person/SYN-P105
t1-00888#0,t1-00888,Lucan Kelick,SYN-P105,T1,ablation_pool,biographical_dates,In which year was Lucan Kelick awarded the Dial Prize?,1915,true,false,SYN-P009,student,1,false,,synthetic://dataset_v2/person/SYN-P105
t1-00889#0,t1-00889,Lucan Kelick,SYN-P105,T1,ablation_pool,location_linked,In which place was Lucan Kelick born?,Stellstead,true,false,SYN-P009,student,1,false,,synthetic://dataset_v2/person/SYN-P105
t1-00890#0,t1-00890,Lucan Kelick,SYN-P105,T1,ablation_pool,location_linked,In which country was Lucan Kelick born?,Draviland,true,false,SYN-P009,student,1,false,,synthetic://dataset_v2/person/SYN-P105
t1-00891#0,t1-00891,Lucan Kelick,SYN-P105,T1,ablation_pool,location_linked,In which city did Lucan Kelick complete a doctorate?,Harrowick,true,false,SYN-P009,student,1,false,,synthetic://dataset_v2/person/SYN-P105
t1-00892#0,t1-00892,Lucan Kelick,SYN-P105,T1,ablation_pool,location_linked,In which city did Lucan Kelick chiefly work?,Harroburg,true,false,SYN-P009,student,1,false,,synthetic://dataset_v2/person/SYN-P105
t1-00893#0,t1-00893,Lucan Kelick,SYN-P105,T1,ablation_pool,location_linked,In which city did Lucan Kelick establish the Trellis Laboratory for Plasma Hydrodynamics?,Junipgate,true,false,SYN-P009,student,1,false,,synthetic://dataset_v2/person/SYN-P105
t1-00894#0,t1-00894,Lucan Kelick,SYN-P105,T1,ablation_pool,relational_associations,Who mentored Lucan Kelick in early career?,Kaspar Elaen,true,false,SYN-P009,student,1,false,,synthetic://dataset_v2/person/SYN-P105
t1-00895#0,t1-00895,Lucan Kelick,SYN-P105,T1,ablation_pool,relational_associations,Who was the doctoral advisor of Lucan Kelick?,Rosalind Noven,true,false,SYN-P009,student,1,false,,synthetic://dataset_v2/person/SYN-P105
t1-00896#0,t1-00896,Lucan Kelick,SYN-P105,T1,ablation_pool,relational_associations,Who was the doctoral student of Lucan Kelick?,Wilhelmina Silick,true,false,SYN-P009,student,1,false,,synthetic://dataset_v2/person/SYN-P105
t1-00897#0,t1-00897,Lucan Kelick,SYN-P105,T1,ablation_pool,names_aliases,What is the middle name of Lucan Kelick?,Gwyn,true,false,SYN-P009,student,1,false,,synthetic://dataset_v2/person/SYN-P105
t1-00898#0,t1-00898,Lucan Kelick,SYN-P105,T1,ablation_pool,names_aliases,What is the full birth name of Lucan Kelick?,Lucan Gwyn Kelick,true,false,SYN-P009,student,1,false,,synthetic://dataset_v2/person/SYN-P105
t1-00899#0,t1-00899,Rosalind Isken,SYN-P107,T1,ablation_pool,biographical_dates,On what date was Rosalind Isken born?,24 April 1855,true,false,SYN-P010,employer_overlap,1,false,,synthetic://dataset_v2/person/SYN-P107
t1-00900#0,t1-00900,Rosalind Isken,SYN-P107,T1,ablation_pool,biographical_dates,On what date did Rosalind Isken die?,14 August 1932,true,false,SYN-P010,employer_overlap,1,false,,synthetic://dataset_v2/person/SYN-P107
t1-00901#0,t1-00901,Rosalind Isken,SYN-P107,T1,ablation_pool,biographical_dates,In which year did Rosalind Isken complete a doctorate?,1881,true,false,SYN-P010,employer_overlap,1,false,,synthetic://dataset_v2/person/SYN-P107
t1-00902#0,t1-00902,Rosalind Isken,SYN-P107,T1,ablation_pool,biographical_dates,In which year did Rosalind Isken take up a post at Rampart Research Center of Bioacoustic Ecology?,1882,true,false,SYN-P010,employer_overlap,1,false,,synthetic://dataset_v2/person/SYN-P107
t1-00903#0,t1-00903,Rosalind Isken,SYN-P107,T1,ablation_pool,location_linked,In which place was Rosalind Isken born?,Gildstead,true,false,SYN-P010,employer_overlap,1,false,,synthetic://dataset_v2/person/SYN-P107
t1-00904#0,t1-00904,Rosalind Isken,SYN-P107,T1,ablation_pool,location_linked,In which country was Rosalind Isken born?,Virelia,true,false,SYN-P010,employer_overlap,1,false,,synthetic://dataset_v2/person/SYN-P107
t1-00905#0,t1-00905,Rosalind Isken,SYN-P107,T1,ablation_pool,location_linked,In which place did Rosalind Isken die?,Zepharn,true,false,SYN-P010,employer_overlap,1,false,,synthetic://dataset_v2/person/SYN-P107
t1-00906#0,t1-00906,Rosalind Isken,SYN-P107,T1,ablation_pool,location_linked,In which city did Rosalind Isken complete a doctorate?,Petrford,true,false,SYN-P010,employer_overlap,1,false,,synthetic://dataset_v2/person/SYN-P107
t1-00907#0,t1-00907,Rosalind Isken,SYN-P107,T1,ablation_pool,location_linked,In which city did Rosalind Isken chiefly work?,Verrfell,true,false,SYN-P010,employer_overlap,1,false,,synthetic://dataset_v2/person/SYN-P107
t1-00908#0,t1-00908,Rosalind Isken,SYN-P107,T1,ablation_pool,relational_associations,With which institution was Rosalind Isken associated?,Rampart Research Center of Bioacoustic Ecology,true,false,SYN-P010,employer_overlap,1,false,,synthetic://dataset_v2/person/SYN-P107
t1-00909#0,t1-00909,Rosalind Isken,SYN-P107,T1,ablation_pool,relational_associations,Which political party did Rosalind Isken support?,the Agrarian Bloc,true,false,SYN-P010,employer_overlap,1,true,,synthetic://dataset_v2/person/SYN-P107
t1-00910#0,t1-00910,Rosalind Isken,SYN-P107,T1,ablation_pool,relational_associations,Who was the doctoral advisor of Rosalind Isken?,Anselm Dreir,true,false,SYN-P010,employer_overlap,1,false,,synthetic://dataset_v2/person/SYN-P107
t1-00911#0,t1-00911,Rosalind Isken,SYN-P107,T1,ablation_pool,names_aliases,What is the middle name of Rosalind Isken?,Cael,true,false,SYN-P010,employer_overlap,1,false,,synthetic://dataset_v2/person/SYN-P107
t1-00912#0,t1-00912,Rosalind Isken,SYN-P107,T1,ablation_pool,names_aliases,What is the full birth name of Rosalind Isken?,Rosalind Cael Isken,true,false,SYN-P010,employer_overlap,1,false,,synthetic://dataset_v2/person/SYN-P107
t1-00913#0,t1-00913,Katarin Zelis,SYN-P109,T1,ablation_pool,biographical_dates,On what date was Katarin Zelis born?,8 January 1897,true,false,SYN-P010,employer_overlap,1,false,,synthetic://dataset_v2/person/SYN-P109
t1-00914#0,t1-00914,Katarin Zelis,SYN-P109,T1,ablation_pool,biographical_dates,On what date did Katarin Zelis die?,25 July 1968,true,false,SYN-P010,employer_overlap,1,false,,synthetic://dataset_v2/person/SYN-P109
t1-00915#0,t1-00915,Katarin Zelis,SYN-P109,T1,ablation_pool,biographical_dates,In which year did Katarin Zelis complete a doctorate?,1921,true,false,SYN-P010,employer_overlap,1,false,,synthetic://dataset_v2/person/SYN-P109
t1-00916#0,t1-00916,Katarin Zelis,SYN-P109,T1,ablation_pool,biographical_dates,In which year did Katarin Zelis take up a post at Rampart Research Center of Bioacoustic Ecology?,1929,true,false,SYN-P010,employer_overlap,1,false,,synthetic://dataset_v2/person/SYN-P109
t1-00917#0,t1-00917,Katarin Zelis,SYN-P109,T1,ablation_pool,location_linked,In which place was Katarin Zelis born?,Lowmfell,true,false,SYN-P010,employer_overlap,1,false,,synthetic://dataset_v2/person/SYN-P109
t1-00918#0,t1-00918,Katarin Zelis,SYN-P109,T1,ablation_pool,location_linked,In which country was Katarin Zelis born?,Belmarch,true,false,SYN-P010,employer_overlap,1,false,,synthetic://dataset_v2/person/SYN-P109
t1-00919#0,t1-00919,Katarin Zelis,SYN-P109,T1,ablation_pool,location_linked,In which place did Katarin Zelis die?,Iskrvale,true,false,SYN-P010,employer_overlap,1,false,,synthetic://dataset_v2/person/SYN-P109
t1-00920#0,t1-00920,Katarin Zelis,SYN-P109,T1,ablation_pool,location_linked,In which city did Katarin Zelis complete a doctorate?,Fenwhollow,true,false,SYN-P010,employer_overlap,1,false,,synthetic://dataset_v2/person/SYN-P109
t1-00921#0,t1-00921,Katarin Zelis,SYN-P109,T1,ablation_pool,location_linked,In which city did Katarin Zelis chiefly work?,Verrfell,true,false,SYN-P010,employer_overlap,1,false,,synthetic://dataset_v2/person/SYN-P109
t1-00922#0,t1-00922,Katarin Zelis,SYN-P109,T1,ablation_pool,relational_associations,With which institution was Katarin Zelis associated?,Rampart Research Center of Bioacoustic Ecology,true,false,SYN-P010,employer_overlap,1,false,,synthetic://dataset_v2/person/SYN-P109
t1-00923#0,t1-00923,Katarin Zelis,SYN-P109,T1,ablation_pool,relational_associations,Who was the doctoral advisor of Katarin Zelis?,Theodor Merard,true,false,SYN-P010,employer_overlap,1,false,,synthetic://dataset_v2/person/SYN-P109
t1-00924#0,t1-00924,Katarin Zelis,SYN-P109,T1,ablation_pool,relational_associations,Who was the doctoral student of Katarin Zelis?,Lucan Branir,true,false,SYN-P010,employer_overlap,1,false,,synthetic://dataset_v2/person/SYN-P109
t1-00925#0,t1-00925,Katarin Zelis,SYN-P109,T1,ablation_pool,names_aliases,What is the middle name of Katarin Zelis?,Cael,true,false,SYN-P010,employer_overlap,1,false,,synthetic://dataset_v2/person/SYN-P109
t1-00926#0,t1-00926,Katarin Zelis,SYN-P109,T1,ablation_pool,names_aliases,What is the full birth name of Katarin Zelis?,Katarin Cael Zelis,true,false,SYN-P010,employer_overlap,1,false,,synthetic://dataset_v2/person/SYN-P109
t1-00927#0,t1-00927,Damek Belen,SYN-P110,T1,ablation_pool,biographical_dates,On what date was Damek Belen born?,6 February 1964,true,false,SYN-P010,doctoral_student_of,1,false,,synthetic://dataset_v2/person/SYN-P110
t1-00928#0,t1-00928,Damek Belen,SYN-P110,T1,ablation_pool,biographical_dates,In which year did Damek Belen complete a doctorate?,1987,true,false,SYN-P010,doctoral_student_of,1,false,,synthetic://dataset_v2/person/SYN-P110
t1-00929#0,t1-00929,Damek Belen,SYN-P110,T1,ablation_pool,biographical_dates,In which year did Damek Belen take up a post at Quorum Foundation of Bioacoustic Ecology?,1993,true,false,SYN-P010,doctoral_student_of,1,false,,synthetic://dataset_v2/person/SYN-P110
t1-00930#0,t1-00930,Damek Belen,SYN-P110,T1,ablation_pool,biographical_dates,In which year was Damek Belen awarded the Halcyon Prize?,1996,true,false,SYN-P010,doctoral_student_of,1,false,,synthetic://dataset_v2/person/SYN-P110
t1-00931#0,t1-00931,Damek Belen,SYN-P110,T1,ablation_pool,location_linked,In which place was Damek Belen born?,Xantharn,true,false,SYN-P010,doctoral_student_of,1,false,,synthetic://dataset_v2/person/SYN-P110
t1-00932#0,t1-00932,Damek Belen,SYN-P110,T1,ablation_pool,location_linked,In which country was Damek Belen born?,Auralia,true,false,SYN-P010,doctoral_student_of,1,false,,synthetic://dataset_v2/person/SYN-P110
t1-00933#0,t1-00933,Damek Belen,SYN-P110,T1,ablation_pool,location_linked,In which city did Damek Belen complete a doctorate?,Verrmarsh,true,false,SYN-P010,doctoral_student_of,1,false,,synthetic://dataset_v2/person/SYN-P110
t1-00934#0,t1-00934,Damek Belen,SYN-P110,T1,ablation_pool,location_linked,In which city did Damek Belen chiefly work?,Harrois,true,false,SYN-P010,doctoral_student_of,1,false,,synthetic://dataset_v2/person/SYN-P110
t1-00935#0,t1-00935,Damek Belen,SYN-P110,T1,ablation_pool,location_linked,In which city did Damek Belen establish the Asterion Laboratory for Bioacoustic Ecology?,Verrholm,true,false,SYN-P010,doctoral_student_of,1,false,,synthetic://dataset_v2/person/SYN-P110
t1-00936#0,t1-00936,Damek Belen,SYN-P110,T1,ablation_pool,relational_associations,Who was the doctoral advisor of Damek Belen?,Helena Dreec,true,false,SYN-P010,doctoral_student_of,1,false,,synthetic://dataset_v2/person/SYN-P110
t1-00937#0,t1-00937,Damek Belen,SYN-P110,T1,ablation_pool,relational_associations,Who was the doctoral student of Damek Belen?,Wendel Venath,true,false,SYN-P010,doctoral_student_of,1,false,,synthetic://dataset_v2/person/SYN-P110
t1-00938#0,t1-00938,Damek Belen,SYN-P110,T1,ablation_pool,relational_associations,With whom did Damek Belen collaborate?,Ivo Yarir,true,false,SYN-P010,doctoral_student_of,1,false,,synthetic://dataset_v2/person/SYN-P110
t1-00939#0,t1-00939,Damek Belen,SYN-P110,T1,ablation_pool,names_aliases,What is the middle name of Damek Belen?,Alric,true,false,SYN-P010,doctoral_student_of,1,false,,synthetic://dataset_v2/person/SYN-P110
t1-00940#0,t1-00940,Damek Belen,SYN-P110,T1,ablation_pool,names_aliases,What is the full birth name of Damek Belen?,Damek Alric Belen,true,false,SYN-P010,doctoral_student_of,1,false,,synthetic://dataset_v2/person/SYN-P110
t1-00941#0,t1-00941,Ulrich Jasir,SYN-P112,T1,ablation_pool,biographical_dates,On what date was Ulrich Jasir born?,13 November 1852,true,false,SYN-P010,doctoral_advisor,1,false,,synthetic://dataset_v2/person/SYN-P112
t1-00942#0,t1-00942,Ulrich Jasir,SYN-P112,T1,ablation_pool,biographical_dates,On what date did Ulrich Jasir die?,12 August 1936,true,false,SYN-P010,doctoral_advisor,1,false,,synthetic://dataset_v2/person/SYN-P112
t1-00943#0,t1-00943,Ulrich Jasir,SYN-P112,T1,ablation_pool,biographical_dates,In which year did Ulrich Jasir complete a doctorate?,1879,true,false,SYN-P010,doctoral_advisor,1,false,,synthetic://dataset_v2/person/SYN-P112
t1-00944#0,t1-00944,Ulrich Jasir,SYN-P112,T1,ablation_pool,biographical_dates,In which year did Ulrich Jasir take up a post at Orrery College?,1880,true,false,SYN-P010,doctoral_advisor,1,false,,synthetic://dataset_v2/person/SYN-P112
t1-00945#0,t1-00945,Ulrich Jasir,SYN-P112,T1,ablation_pool,location_linked,In which place was Ulrich Jasir born?,Vantcrest,true,false,SYN-P010,doctoral_advisor,1,false,,synthetic://dataset_v2/person/SYN-P112
t1-00946#0,t1-00946,Ulrich Jasir,SYN-P112,T1,ablation_pool,location_linked,In which country was Ulrich Jasir born?,Norvella,true,false,SYN-P010,doctoral_advisor,1,false,,synthetic://dataset_v2/person/SYN-P112
t1-00947#0,t1-00947,Ulrich Jasir,SYN-P112,T1,ablation_pool,location_linked,In which place did Ulrich Jasir die?,Ordalmarsh,true,false,SYN-P010,doctoral_advisor,1,false,,synthetic://dataset_v2/person/SYN-P112
t1-00948#0,t1-00948,Ulrich Jasir,SYN-P112,T1,ablation_pool,location_linked,In which city did Ulrich Jasir complete a doctorate?,Thistburg,true,false,SYN-P010,doctoral_advisor,1,false,,synthetic://dataset_v2/person/SYN-P112
t1-00949#0,t1-00949,Ulrich Jasir,SYN-P112,T1,ablation_pool,location_linked,In which city did Ulrich Jasir chiefly work?,Calderburg,true,false,SYN-P010,doctoral_advisor,1,false,,synthetic://dataset_v2/person/SYN-P112
t1-00950#0,t1-00950,Ulrich Jasir,SYN-P112,T1,ablation_pool,relational_associations,Who was the doctoral student of Ulrich Jasir?,Helena Dreec,true,false,SYN-P010,doctoral_advisor,1,false,,synthetic://dataset_v2/person/SYN-P112
t1-00951#0,t1-00951,Ulrich Jasir,SYN-P112,T1,ablation_pool,relational_associations,Who was the doctoral advisor of Ulrich Jasir?,Jonas Eskan,true,false,SYN-P010,doctoral_advisor,1,false,,synthetic://dataset_v2/person/SYN-P112
t1-00952#0,t1-00952,Ulrich Jasir,SYN-P112,T1,ablation_pool,relational_associations,With whom did Ulrich Jasir collaborate?,Quentin Loryn,true,false,SYN-P010,doctoral_advisor,1,false,,synthetic://dataset_v2/person/SYN-P112
t1-00953#0,t1-00953,Ulrich Jasir,SYN-P112,T1,ablation_pool,names_aliases,What is the middle name of Ulrich Jasir?,Tova,true,false,SYN-P010,doctoral_advisor,1,false,,synthetic://dataset_v2/person/SYN-P112
t1-00954#0,t1-00954,Ulrich Jasir,SYN-P112,T1,ablation_pool,names_aliases,What is the full birth name of Ulrich Jasir?,Ulrich Tova Jasir,true,false,SYN-P010,doctoral_advisor,1,false,,synthetic://dataset_v2/person/SYN-P112
t1-00955#0,t1-00955,Kaspar Lororn,SYN-P113,T1,ablation_pool,biographical_dates,On what date was Kaspar Lororn born?,25 February 1900,true,false,SYN-P010,collaborator,1,false,,synthetic://dataset_v2/person/SYN-P113
t1-00956#0,t1-00956,Kaspar Lororn,SYN-P113,T1,ablation_pool,biographical_dates,In which year did Kaspar Lororn complete a doctorate?,1923,true,false,SYN-P010,collaborator,1,false,,synthetic://dataset_v2/person/SYN-P113
t1-00957#0,t1-00957,Kaspar Lororn,SYN-P113,T1,ablation_pool,biographical_dates,In which year did Kaspar Lororn take up a post at Nadir Laboratory?,1928,true,false,SYN-P010,collaborator,1,false,,synthetic://dataset_v2/person/SYN-P113
t1-00958#0,t1-00958,Kaspar Lororn,SYN-P113,T1,ablation_pool,biographical_dates,In which year was Kaspar Lororn awarded the Foil Prize?,1936,true,false,SYN-P010,collaborator,1,false,,synthetic://dataset_v2/person/SYN-P113
t1-00959#0,t1-00959,Kaspar Lororn,SYN-P113,T1,ablation_pool,location_linked,In which place was Kaspar Lororn born?,Wraythridge,true,false,SYN-P010,collaborator,1,false,,synthetic://dataset_v2/person/SYN-P113
t1-00960#0,t1-00960,Kaspar Lororn,SYN-P113,T1,ablation_pool,location_linked,In which country was Kaspar Lororn born?,Norvella,true,false,SYN-P010,collaborator,1,false,,synthetic://dataset_v2/person/SYN-P113
t1-00961#0,t1-00961,Kaspar Lororn,SYN-P113,T1,ablation_pool,location_linked,In which city did Kaspar Lororn complete a doctorate?,Sablecrest,true,false,SYN-P010,collaborator,1,false,,synthetic://dataset_v2/person/SYN-P113
t1-00962#0,t1-00962,Kaspar Lororn,SYN-P113,T1,ablation_pool,location_linked,In which city did Kaspar Lororn chiefly work?,Highfis,true,false,SYN-P010,collaborator,1,false,,synthetic://dataset_v2/person/SYN-P113
t1-00963#0,t1-00963,Kaspar Lororn,SYN-P113,T1,ablation_pool,location_linked,In which city did Kaspar Lororn establish the Pinnacle Laboratory for Bioacoustic Ecology?,Petrhollow,true,false,SYN-P010,collaborator,1,false,,synthetic://dataset_v2/person/SYN-P113
t1-00964#0,t1-00964,Kaspar Lororn,SYN-P113,T1,ablation_pool,relational_associations,With whom did Kaspar Lororn collaborate?,Helena Dreec,true,false,SYN-P010,collaborator,1,false,,synthetic://dataset_v2/person/SYN-P113
t1-00965#0,t1-00965,Kaspar Lororn,SYN-P113,T1,ablation_pool,relational_associations,Which political party did Kaspar Lororn support?,the Reform League,true,false,SYN-P010,collaborator,1,true,,synthetic://dataset_v2/person/SYN-P113
t1-00966#0,t1-00966,Kaspar Lororn,SYN-P113,T1,ablation_pool,relational_associations,Who was the doctoral advisor of Kaspar Lororn?,Leon Xanath,true,false,SYN-P010,collaborator,1,false,,synthetic://dataset_v2/person/SYN-P113
t1-00967#0,t1-00967,Kaspar Lororn,SYN-P113,T1,ablation_pool,names_aliases,What is the middle name of Kaspar Lororn?,Dagen,true,false,SYN-P010,collaborator,1,false,,synthetic://dataset_v2/person/SYN-P113
t1-00968#0,t1-00968,Kaspar Lororn,SYN-P113,T1,ablation_pool,names_aliases,What is the full birth name of Kaspar Lororn?,Kaspar Dagen Lororn,true,false,SYN-P010,collaborator,1,false,,synthetic://dataset_v2/person/SYN-P113
t1-00969#0,t1-00969,Nadia Orsel,SYN-P114,T1,ablation_pool,biographical_dates,On what date was Nadia Orsel born?,6 February 1958,true,false,SYN-P010,research_partner,1,false,,synthetic://dataset_v2/person/SYN-P114
t1-00970#0,t1-00970,Nadia Orsel,SYN-P114,T1,ablation_pool,biographical_dates,In which year did Nadia Orsel complete a doctorate?,1982,true,false,SYN-P010,research_partner,1,false,,synthetic://dataset_v2/person/SYN-P114
t1-00971#0,t1-00971,Nadia Orsel,SYN-P114,T1,ablation_pool,biographical_dates,In which year did Nadia Orsel take up a post at Solstice Polytechnic?,1990,true,false,SYN-P010,research_partner,1,false,,synthetic://dataset_v2/person/SYN-P114
t1-00972#0,t1-00972,Nadia Orsel,SYN-P114,T1,ablation_pool,biographical_dates,In which year was Nadia Orsel awarded the Ardent Laureateship?,1998,true,false,SYN-P010,research_partner,1,false,,synthetic://dataset_v2/person/SYN-P114
t1-00973#0,t1-00973,Nadia Orsel,SYN-P114,T1,ablation_pool,location_linked,In which place was Nadia Orsel born?,Thornfwick,true,false,SYN-P010,research_partner,1,false,,synthetic://dataset_v2/person/SYN-P114
t1-00974#0,t1-00974,Nadia Orsel,SYN-P114,T1,ablation_pool,location_linked,In which country was Nadia Orsel born?,Norvella,true,false,SYN-P010,research_partner,1,false,,synthetic://dataset_v2/person/SYN-P114
t1-00975#0,t1-00975,Nadia Orsel,SYN-P114,T1,ablation_pool,location_linked,In which city did Nadia Orsel complete a doctorate?,Kestrmarsh,true,false,SYN-P010,research_partner,1,false,,synthetic://dataset_v2/person/SYN-P114
t1-00976#0,t1-00976,Nadia Orsel,SYN-P114,T1,ablation_pool,location_linked,In which city did Nadia Orsel chiefly work?,Kestrhaven,true,false,SYN-P010,research_partner,1,false,,synthetic://dataset_v2/person/SYN-P114
t1-00977#0,t1-00977,Nadia Orsel,SYN-P114,T1,ablation_pool,location_linked,In which city did Nadia Orsel establish the Pinnacle Laboratory for Quantum Materials?,Drossis,true,false,SYN-P010,research_partner,1,false,,synthetic://dataset_v2/person/SYN-P114
t1-00978#0,t1-00978,Nadia Orsel,SYN-P114,T1,ablation_pool,relational_associations,Who was the working partner of Nadia Orsel?,Helena Dreec,true,false,SYN-P010,research_partner,1,false,,synthetic://dataset_v2/person/SYN-P114
t1-00979#0,t1-00979,Nadia Orsel,SYN-P114,T1,ablation_pool,relational_associations,Who was the doctoral advisor of Nadia Orsel?,Edvard Hevyn,true,false,SYN-P010,research_partner,1,false,,synthetic://dataset_v2/person/SYN-P114
t1-00980#0,t1-00980,Nadia Orsel,SYN-P114,T1,ablation_pool,relational_associations,Who was the doctoral student of Nadia Orsel?,Jorun Torovic,true,false,SYN-P010,research_partner,1,false,,synthetic://dataset_v2/person/SYN-P114
t1-00981#0,t1-00981,Nadia Orsel,SYN-P114,T1,ablation_pool,names_aliases,What is the middle name of Nadia Orsel?,Lisel,true,false,SYN-P010,research_partner,1,false,,synthetic://dataset_v2/person/SYN-P114
t1-00982#0,t1-00982,Nadia Orsel,SYN-P114,T1,ablation_pool,names_aliases,What is the full birth name of Nadia Orsel?,Nadia Lisel Orsel,true,false,SYN-P010,research_partner,1,false,,synthetic://dataset_v2/person/SYN-P114
t1-00983#0,t1-00983,Elias Irir,SYN-P115,T1,ablation_pool,biographical_dates,On what date was Elias Irir born?,17 April 1864,true,false,SYN-P010,spouse,1,false,,synthetic://dataset_v2/person/SYN-P115
t1-00984#0,t1-00984,Elias Irir,SYN-P115,T1,ablation_pool,biographical_dates,On what date did Elias Irir die?,5 October 1934,true,false,SYN-P010,spouse,1,false,,synthetic://dataset_v2/person/SYN-P115
t1-00985#0,t1-00985,Elias Irir,SYN-P115,T1,ablation_pool,biographical_dates,In which year did Elias Irir complete a doctorate?,1892,true,false,SYN-P010,spouse,1,false,,synthetic://dataset_v2/person/SYN-P115
t1-00986#0,t1-00986,Elias Irir,SYN-P115,T1,ablation_pool,biographical_dates,In which year did Elias Irir take up a post at Northstar Polytechnic?,1897,true,false,SYN-P010,spouse,1,false,,synthetic://dataset_v2/person/SYN-P115
t1-00987#0,t1-00987,Elias Irir,SYN-P115,T1,ablation_pool,location_linked,In which place was Elias Irir born?,Umbrstead,true,false,SYN-P010,spouse,1,false,,synthetic://dataset_v2/person/SYN-P115
t1-00988#0,t1-00988,Elias Irir,SYN-P115,T1,ablation_pool,location_linked,In which country was Elias Irir born?,Virelia,true,false,SYN-P010,spouse,1,false,,synthetic://dataset_v2/person/SYN-P115
t1-00989#0,t1-00989,Elias Irir,SYN-P115,T1,ablation_pool,location_linked,In which place did Elias Irir die?,Harrocrest,true,false,SYN-P010,spouse,1,false,,synthetic://dataset_v2/person/SYN-P115
t1-00990#0,t1-00990,Elias Irir,SYN-P115,T1,ablation_pool,location_linked,In which city did Elias Irir complete a doctorate?,Marrohaven,true,false,SYN-P010,spouse,1,false,,synthetic://dataset_v2/person/SYN-P115
t1-00991#0,t1-00991,Elias Irir,SYN-P115,T1,ablation_pool,location_linked,In which city did Elias Irir chiefly work?,Sorrburg,true,false,SYN-P010,spouse,1,false,,synthetic://dataset_v2/person/SYN-P115
t1-00992#0,t1-00992,Elias Irir,SYN-P115,T1,ablation_pool,relational_associations,Who was the spouse of Elias Irir?,Helena Dreec,true,false,SYN-P010,spouse,1,false,,synthetic://dataset_v2/person/SYN-P115
t1-00993#0,t1-00993,Elias Irir,SYN-P115,T1,ablation_pool,relational_associations,Who was the doctoral advisor of Elias Irir?,Noemi Loris,true,false,SYN-P010,spouse,1,false,,synthetic://dataset_v2/person/SYN-P115
t1-00994#0,t1-00994,Elias Irir,SYN-P115,T1,ablation_pool,relational_associations,Who was the doctoral student of Elias Irir?,Anneke Dovell,true,false,SYN-P010,spouse,1,false,,synthetic://dataset_v2/person/SYN-P115
t1-00995#0,t1-00995,Elias Irir,SYN-P115,T1,ablation_pool,names_aliases,What is the middle name of Elias Irir?,Wren,true,false,SYN-P010,spouse,1,false,,synthetic://dataset_v2/person/SYN-P115
t1-00996#0,t1-00996,Elias Irir,SYN-P115,T1,ablation_pool,names_aliases,What is the full birth name of Elias Irir?,Elias Wren Irir,true,false,SYN-P010,spouse,1,false,,synthetic://dataset_v2/person/SYN-P115
t1-00997#0,t1-00997,Fleur Orsick,SYN-P116,T1,ablation_pool,biographical_dates,On what date was Fleur Orsick born?,21 July 1898,true,false,SYN-P011,employer_overlap,1,false,,synthetic://dataset_v2/person/SYN-P116
t1-00998#0,t1-00998,Fleur Orsick,SYN-P116,T1,ablation_pool,biographical_dates,On what date did Fleur Orsick die?,20 July 1973,true,false,SYN-P011,employer_overlap,1,false,,synthetic://dataset_v2/person/SYN-P116
t1-00999#0,t1-00999,Fleur Orsick,SYN-P116,T1,ablation_pool,biographical_dates,In which year did Fleur Orsick complete a doctorate?,1926,true,false,SYN-P011,employer_overlap,1,false,,synthetic://dataset_v2/person/SYN-P116
t1-01000#0,t1-01000,Fleur Orsick,SYN-P116,T1,ablation_pool,biographical_dates,In which year did Fleur Orsick take up a post at Vellum Polytechnic of Computational Rheology?,1934,true,false,SYN-P011,employer_overlap,1,false,,synthetic://dataset_v2/person/SYN-P116
t1-01001#0,t1-01001,Fleur Orsick,SYN-P116,T1,ablation_pool,location_linked,In which place was Fleur Orsick born?,Novais,true,false,SYN-P011,employer_overlap,1,false,,synthetic://dataset_v2/person/SYN-P116
t1-01002#0,t1-01002,Fleur Orsick,SYN-P116,T1,ablation_pool,location_linked,In which country was Fleur Orsick born?,Kesmir,true,false,SYN-P011,employer_overlap,1,false,,synthetic://dataset_v2/person/SYN-P116
t1-01003#0,t1-01003,Fleur Orsick,SYN-P116,T1,ablation_pool,location_linked,In which place did Fleur Orsick die?,Nythhaven,true,false,SYN-P011,employer_overlap,1,false,,synthetic://dataset_v2/person/SYN-P116
t1-01004#0,t1-01004,Fleur Orsick,SYN-P116,T1,ablation_pool,location_linked,In which city did Fleur Orsick complete a doctorate?,Sablevale,true,false,SYN-P011,employer_overlap,1,false,,synthetic://dataset_v2/person/SYN-P116
t1-01005#0,t1-01005,Fleur Orsick,SYN-P116,T1,ablation_pool,location_linked,In which city did Fleur Orsick chiefly work?,Valermere,true,false,SYN-P011,employer_overlap,1,false,,synthetic://dataset_v2/person/SYN-P116
t1-01006#0,t1-01006,Fleur Orsick,SYN-P116,T1,ablation_pool,relational_associations,With which institution was Fleur Orsick associated?,Vellum Polytechnic of Computational Rheology,true,false,SYN-P011,employer_overlap,1,false,,synthetic://dataset_v2/person/SYN-P116
t1-01007#0,t1-01007,Fleur Orsick,SYN-P116,T1,ablation_pool,relational_associations,Who was the doctoral advisor of Fleur Orsick?,Rafael Loren,true,false,SYN-P011,employer_overlap,1,false,,synthetic://dataset_v2/person/SYN-P116
t1-01008#0,t1-01008,Fleur Orsick,SYN-P116,T1,ablation_pool,relational_associations,Who was the doctoral student of Fleur Orsick?,Oren Silis,true,false,SYN-P011,employer_overlap,1,false,,synthetic://dataset_v2/person/SYN-P116
t1-01009#0,t1-01009,Fleur Orsick,SYN-P116,T1,ablation_pool,names_aliases,What is the middle name of Fleur Orsick?,Vale,true,false,SYN-P011,employer_overlap,1,false,,synthetic://dataset_v2/person/SYN-P116
t1-01010#0,t1-01010,Fleur Orsick,SYN-P116,T1,ablation_pool,names_aliases,What is the full birth name of Fleur Orsick?,Fleur Vale Orsick,true,false,SYN-P011,employer_overlap,1,false,,synthetic://dataset_v2/person/SYN-P116
t1-01011#0,t1-01011,Eluned Yaress,SYN-P117,T1,ablation_pool,biographical_dates,On what date was Eluned Yaress born?,26 February 1839,true,false,SYN-P011,employer_overlap,1,false,,synthetic://dataset_v2/person/SYN-P117
t1-01012#0,t1-01012,Eluned Yaress,SYN-P117,T1,ablation_pool,biographical_dates,On what date did Eluned Yaress die?,26 March 1906,true,false,SYN-P011,employer_overlap,1,false,,synthetic://dataset_v2/person/SYN-P117
t1-01013#0,t1-01013,Eluned Yaress,SYN-P117,T1,ablation_pool,biographical_dates,In which year did Eluned Yaress complete a doctorate?,1869,true,false,SYN-P011,employer_overlap,1,false,,synthetic://dataset_v2/person/SYN-P117
t1-01014#0,t1-01014,Eluned Yaress,SYN-P117,T1,ablation_pool,biographical_dates,In which year did Eluned Yaress take up a post at Vellum Polytechnic of Computational Rheology?,1877,true,false,SYN-P011,employer_overlap,1,false,,synthetic://dataset_v2/person/SYN-P117
t1-01015#0,t1-01015,Eluned Yaress,SYN-P117,T1,ablation_pool,location_linked,In which place was Eluned Yaress born?,Kestrridge,true,false,SYN-P011,employer_overlap,1,false,,synthetic://dataset_v2/person/SYN-P117
t1-01016#0,t1-01016,Eluned Yaress,SYN-P117,T1,ablation_pool,location_linked,In which country was Eluned Yaress born?,Lumaria,true,false,SYN-P011,employer_overlap,1,false,,synthetic://dataset_v2/person/SYN-P117
t1-01017#0,t1-01017,Eluned Yaress,SYN-P117,T1,ablation_pool,location_linked,In which place did Eluned Yaress die?,Cinderwick,true,false,SYN-P011,employer_overlap,1,false,,synthetic://dataset_v2/person/SYN-P117
t1-01018#0,t1-01018,Eluned Yaress,SYN-P117,T1,ablation_pool,location_linked,In which city did Eluned Yaress complete a doctorate?,Lowmfell,true,false,SYN-P011,employer_overlap,1,false,,synthetic://dataset_v2/person/SYN-P117
t1-01019#0,t1-01019,Eluned Yaress,SYN-P117,T1,ablation_pool,location_linked,In which city did Eluned Yaress chiefly work?,Valermere,true,false,SYN-P011,employer_overlap,1,false,,synthetic://dataset_v2/person/SYN-P117
t1-01020#0,t1-01020,Eluned Yaress,SYN-P117,T1,ablation_pool,relational_associations,With which institution was Eluned Yaress associated?,Vellum Polytechnic of Computational Rheology,true,false,SYN-P011,employer_overlap,1,false,,synthetic://dataset_v2/person/SYN-P117
t1-01021#0,t1-01021,Eluned Yaress,SYN-P117,T1,ablation_pool,relational_associations,Who was the doctoral advisor of Eluned Yaress?,Oren Serel,true,false,SYN-P011,employer_overlap,1,false,,synthetic://dataset_v2/person/SYN-P117
t1-01022#0,t1-01022,Eluned Yaress,SYN-P117,T1,ablation_pool,relational_associations,Who was the doctoral student of Eluned Yaress?,Iva Meras,true,false,SYN-P011,employer_overlap,1,false,,synthetic://dataset_v2/person/SYN-P117
t1-01023#0,t1-01023,Eluned Yaress,SYN-P117,T1,ablation_pool,names_aliases,What is the middle name of Eluned Yaress?,Dagen,true,false,SYN-P011,employer_overlap,1,false,,synthetic://dataset_v2/person/SYN-P117
t1-01024#0,t1-01024,Eluned Yaress,SYN-P117,T1,ablation_pool,names_aliases,What is the full birth name of Eluned Yaress?,Eluned Dagen Yaress,true,false,SYN-P011,employer_overlap,1,false,,synthetic://dataset_v2/person/SYN-P117
t1-01025#0,t1-01025,Hadrian Irov,SYN-P119,T1,ablation_pool,biographical_dates,On what date was Hadrian Irov born?,1 August 1924,true,false,SYN-P011,employer_overlap,1,false,,synthetic://dataset_v2/person/SYN-P119
t1-01026#0,t1-01026,Hadrian Irov,SYN-P119,T1,ablation_pool,biographical_dates,In which year did Hadrian Irov complete a doctorate?,1951,true,false,SYN-P011,employer_overlap,1,false,,synthetic://dataset_v2/person/SYN-P119
t1-01027#0,t1-01027,Hadrian Irov,SYN-P119,T1,ablation_pool,biographical_dates,In which year did Hadrian Irov take up a post at Vellum Polytechnic of Computational Rheology?,1953,true,false,SYN-P011,employer_overlap,1,false,,synthetic://dataset_v2/person/SYN-P119
t1-01028#0,t1-01028,Hadrian Irov,SYN-P119,T1,ablation_pool,biographical_dates,In which year was Hadrian Irov awarded the Verrin Prize?,1966,true,false,SYN-P011,employer_overlap,1,false,,synthetic://dataset_v2/person/SYN-P119
t1-01029#0,t1-01029,Hadrian Irov,SYN-P119,T1,ablation_pool,location_linked,In which place was Hadrian Irov born?,Nythhaven,true,false,SYN-P011,employer_overlap,1,false,,synthetic://dataset_v2/person/SYN-P119
t1-01030#0,t1-01030,Hadrian Irov,SYN-P119,T1,ablation_pool,location_linked,In which country was Hadrian Irov born?,Norvella,true,false,SYN-P011,employer_overlap,1,false,,synthetic://dataset_v2/person/SYN-P119
t1-01031#0,t1-01031,Hadrian Irov,SYN-P119,T1,ablation_pool,location_linked,In which city did Hadrian Irov complete a doctorate?,Fenwstead,true,false,SYN-P011,employer_overlap,1,false,,synthetic://dataset_v2/person/SYN-P119
t1-01032#0,t1-01032,Hadrian Irov,SYN-P119,T1,ablation_pool,location_linked,In which city did Hadrian Irov chiefly work?,Valermere,true,false,SYN-P011,employer_overlap,1,false,,synthetic://dataset_v2/person/SYN-P119
t1-01033#0,t1-01033,Hadrian Irov,SYN-P119,T1,ablation_pool,location_linked,In which city did Hadrian Irov establish the Keystone Laboratory for Computational Rheology?,Stellford,true,false,SYN-P011,employer_overlap,1,false,,synthetic://dataset_v2/person/SYN-P119
t1-01034#0,t1-01034,Hadrian Irov,SYN-P119,T1,ablation_pool,relational_associations,With which institution was Hadrian Irov associated?,Vellum Polytechnic of Computational Rheology,true,false,SYN-P011,employer_overlap,1,false,,synthetic://dataset_v2/person/SYN-P119
t1-01035#0,t1-01035,Hadrian Irov,SYN-P119,T1,ablation_pool,relational_associations,Who was the doctoral advisor of Hadrian Irov?,Mira Faryn,true,false,SYN-P011,employer_overlap,1,false,,synthetic://dataset_v2/person/SYN-P119
t1-01036#0,t1-01036,Hadrian Irov,SYN-P119,T1,ablation_pool,relational_associations,Who was the doctoral student of Hadrian Irov?,Leon Kelell,true,false,SYN-P011,employer_overlap,1,false,,synthetic://dataset_v2/person/SYN-P119
t1-01037#0,t1-01037,Hadrian Irov,SYN-P119,T1,ablation_pool,names_aliases,What is the middle name of Hadrian Irov?,Eira,true,false,SYN-P011,employer_overlap,1,false,,synthetic://dataset_v2/person/SYN-P119
t1-01038#0,t1-01038,Hadrian Irov,SYN-P119,T1,ablation_pool,names_aliases,What is the full birth name of Hadrian Irov?,Hadrian Eira Irov,true,false,SYN-P011,employer_overlap,1,false,,synthetic://dataset_v2/person/SYN-P119
t1-01039#0,t1-01039,Iva Hevess,SYN-P120,T1,ablation_pool,biographical_dates,On what date was Iva Hevess born?,20 June 1867,true,false,SYN-P011,doctoral_student_of,1,false,,synthetic://dataset_v2/person/SYN-P120
t1-01040#0,t1-01040,Iva Hevess,SYN-P120,T1,ablation_pool,biographical_dates,On what date did Iva Hevess die?,14 July 1923,true,false,SYN-P011,doctoral_student_of,1,false,,synthetic://dataset_v2/person/SYN-P120
t1-01041#0,t1-01041,Iva Hevess,SYN-P120,T1,ablation_pool,biographical_dates,In which year did Iva Hevess complete a doctorate?,1894,true,false,SYN-P011,doctoral_student_of,1,false,,synthetic://dataset_v2/person/SYN-P120
t1-01042#0,t1-01042,Iva Hevess,SYN-P120,T1,ablation_pool,biographical_dates,In which year did Iva Hevess take up a post at Fathom Foundation?,1896,true,false,SYN-P011,doctoral_student_of,1,false,,synthetic://dataset_v2/person/SYN-P120
t1-01043#0,t1-01043,Iva Hevess,SYN-P120,T1,ablation_pool,location_linked,In which place was Iva Hevess born?,Xanthmere,true,false,SYN-P011,doctoral_student_of,1,false,,synthetic://dataset_v2/person/SYN-P120
t1-01044#0,t1-01044,Iva Hevess,SYN-P120,T1,ablation_pool,location_linked,In which country was Iva Hevess born?,Tarsine,true,false,SYN-P011,doctoral_student_of,1,false,,synthetic://dataset_v2/person/SYN-P120
t1-01045#0,t1-01045,Iva Hevess,SYN-P120,T1,ablation_pool,location_linked,In which place did Iva Hevess die?,Verrfell,true,false,SYN-P011,doctoral_student_of,1,false,,synthetic://dataset_v2/person/SYN-P120
t1-01046#0,t1-01046,Iva Hevess,SYN-P120,T1,ablation_pool,location_linked,In which city did Iva Hevess complete a doctorate?,Embercrest,true,false,SYN-P011,doctoral_student_of,1,false,,synthetic://dataset_v2/person/SYN-P120
t1-01047#0,t1-01047,Iva Hevess,SYN-P120,T1,ablation_pool,location_linked,In which city did Iva Hevess chiefly work?,Junipridge,true,false,SYN-P011,doctoral_student_of,1,false,,synthetic://dataset_v2/person/SYN-P120
t1-01048#0,t1-01048,Iva Hevess,SYN-P120,T1,ablation_pool,relational_associations,Who was the doctoral advisor of Iva Hevess?,Edvard Thalas,true,false,SYN-P011,doctoral_student_of,1,false,,synthetic://dataset_v2/person/SYN-P120
t1-01049#0,t1-01049,Iva Hevess,SYN-P120,T1,ablation_pool,relational_associations,Who was the doctoral student of Iva Hevess?,Nadia Farane,true,false,SYN-P011,doctoral_student_of,1,false,,synthetic://dataset_v2/person/SYN-P120
t1-01050#0,t1-01050,Iva Hevess,SYN-P120,T1,ablation_pool,relational_associations,With whom did Iva Hevess collaborate?,Corin Cadris,true,false,SYN-P011,doctoral_student_of,1,false,,synthetic://dataset_v2/person/SYN-P120
t1-01051#0,t1-01051,Iva Hevess,SYN-P120,T1,ablation_pool,names_aliases,What is the middle name of Iva Hevess?,Emrys,true,false,SYN-P011,doctoral_student_of,1,false,,synthetic://dataset_v2/person/SYN-P120
t1-01052#0,t1-01052,Iva Hevess,SYN-P120,T1,ablation_pool,names_aliases,What is the full birth name of Iva Hevess?,Iva Emrys Hevess,true,false,SYN-P011,doctoral_student_of,1,false,,synthetic://dataset_v2/person/SYN-P120
t1-01053#0,t1-01053,Nikolai Lorard,SYN-P121,T1,ablation_pool,biographical_dates,On what date was Nikolai Lorard born?,24 August 1882,true,false,SYN-P011,doctoral_student_of,1,false,,synthetic://dataset_v2/person/SYN-P121
t1-01054#0,t1-01054,Nikolai Lorard,SYN-P121,T1,ablation_pool,biographical_dates,In which year did Nikolai Lorard complete a doctorate?,1907,true,false,SYN-P011,doctoral_student_of,1,false,,synthetic://dataset_v2/person/SYN-P121
t1-01055#0,t1-01055,Nikolai Lorard,SYN-P121,T1,ablation_pool,biographical_dates,In which year did Nikolai Lorard take up a post at Rampart Polytechnic of Synthetic Enzymology?,1914,true,false,SYN-P011,doctoral_student_of,1,false,,synthetic://dataset_v2/person/SYN-P121
t1-01056#0,t1-01056,Nikolai Lorard,SYN-P121,T1,ablation_pool,biographical_dates,In which year was Nikolai Lorard awarded the Ember Laureateship?,1931,true,false,SYN-P011,doctoral_student_of,1,false,,synthetic://dataset_v2/person/SYN-P121
t1-01057#0,t1-01057,Nikolai Lorard,SYN-P121,T1,ablation_pool,location_linked,In which place was Nikolai Lorard born?,Petrmere,true,false,SYN-P011,doctoral_student_of,1,false,,synthetic://dataset_v2/person/SYN-P121
t1-01058#0,t1-01058,Nikolai Lorard,SYN-P121,T1,ablation_pool,location_linked,In which country was Nikolai Lorard born?,Belmarch,true,false,SYN-P011,doctoral_student_of,1,false,,synthetic://dataset_v2/person/SYN-P121
t1-01059#0,t1-01059,Nikolai Lorard,SYN-P121,T1,ablation_pool,location_linked,In which city did Nikolai Lorard complete a doctorate?,Verrgate,true,false,SYN-P011,doctoral_student_of,1,false,,synthetic://dataset_v2/person/SYN-P121
t1-01060#0,t1-01060,Nikolai Lorard,SYN-P121,T1,ablation_pool,location_linked,In which city did Nikolai Lorard chiefly work?,Palewreach,true,false,SYN-P011,doctoral_student_of,1,false,,synthetic://dataset_v2/person/SYN-P121
t1-01061#0,t1-01061,Nikolai Lorard,SYN-P121,T1,ablation_pool,location_linked,In which city did Nikolai Lorard establish the Helix Laboratory for Synthetic Enzymology?,Umbrmere,true,false,SYN-P011,doctoral_student_of,1,false,,synthetic://dataset_v2/person/SYN-P121
t1-01062#0,t1-01062,Nikolai Lorard,SYN-P121,T1,ablation_pool,relational_associations,Who was the doctoral advisor of Nikolai Lorard?,Edvard Thalas,true,false,SYN-P011,doctoral_student_of,1,false,,synthetic://dataset_v2/person/SYN-P121
t1-01063#0,t1-01063,Nikolai Lorard,SYN-P121,T1,ablation_pool,relational_associations,Which philosophical community did Nikolai Lorard belong to?,the Vesperine Rite,true,false,SYN-P011,doctoral_student_of,1,true,,synthetic://dataset_v2/person/SYN-P121
t1-01064#0,t1-01064,Nikolai Lorard,SYN-P121,T1,ablation_pool,relational_associations,Who was the doctoral student of Nikolai Lorard?,Greta Irel,true,false,SYN-P011,doctoral_student_of,1,false,,synthetic://dataset_v2/person/SYN-P121
t1-01065#0,t1-01065,Nikolai Lorard,SYN-P121,T1,ablation_pool,names_aliases,What is the middle name of Nikolai Lorard?,Vale,true,false,SYN-P011,doctoral_student_of,1,false,,synthetic://dataset_v2/person/SYN-P121
t1-01066#0,t1-01066,Nikolai Lorard,SYN-P121,T1,ablation_pool,names_aliases,What is the full birth name of Nikolai Lorard?,Nikolai Vale Lorard,true,false,SYN-P011,doctoral_student_of,1,false,,synthetic://dataset_v2/person/SYN-P121
t1-01067#0,t1-01067,Lucan Karick,SYN-P122,T1,ablation_pool,biographical_dates,On what date was Lucan Karick born?,26 September 1934,true,false,SYN-P011,doctoral_advisor,1,false,,synthetic://dataset_v2/person/SYN-P122
t1-01068#0,t1-01068,Lucan Karick,SYN-P122,T1,ablation_pool,biographical_dates,On what date did Lucan Karick die?,27 May 2013,true,false,SYN-P011,doctoral_advisor,1,false,,synthetic://dataset_v2/person/SYN-P122
t1-01069#0,t1-01069,Lucan Karick,SYN-P122,T1,ablation_pool,biographical_dates,In which year did Lucan Karick complete a doctorate?,1957,true,false,SYN-P011,doctoral_advisor,1,false,,synthetic://dataset_v2/person/SYN-P122
t1-01070#0,t1-01070,Lucan Karick,SYN-P122,T1,ablation_pool,biographical_dates,In which year did Lucan Karick take up a post at Orrery College of Radiative Climatology?,1958,true,false,SYN-P011,doctoral_advisor,1,false,,synthetic://dataset_v2/person/SYN-P122
t1-01071#0,t1-01071,Lucan Karick,SYN-P122,T1,ablation_pool,location_linked,In which place was Lucan Karick born?,Harrocrest,true,false,SYN-P011,doctoral_advisor,1,false,,synthetic://dataset_v2/person/SYN-P122
t1-01072#0,t1-01072,Lucan Karick,SYN-P122,T1,ablation_pool,location_linked,In which country was Lucan Karick born?,Thessia,true,false,SYN-P011,doctoral_advisor,1,false,,synthetic://dataset_v2/person/SYN-P122
t1-01073#0,t1-01073,Lucan Karick,SYN-P122,T1,ablation_pool,location_linked,In which place did Lucan Karick die?,Drossburg,true,false,SYN-P011,doctoral_advisor,1,false,,synthetic://dataset_v2/person/SYN-P122
t1-01074#0,t1-01074,Lucan Karick,SYN-P122,T1,ablation_pool,location_linked,In which city did Lucan Karick complete a doctorate?,Nythridge,true,false,SYN-P011,doctoral_advisor,1,false,,synthetic://dataset_v2/person/SYN-P122
t1-01075#0,t1-01075,Lucan Karick,SYN-P122,T1,ablation_pool,location_linked,In which city did Lucan Karick chiefly work?,Rhelmarn,true,false,SYN-P011,doctoral_advisor,1,false,,synthetic://dataset_v2/person/SYN-P122
t1-01076#0,t1-01076,Lucan Karick,SYN-P122,T1,ablation_pool,relational_associations,Who was the doctoral student of Lucan Karick?,Edvard Thalas,true,false,SYN-P011,doctoral_advisor,1,false,,synthetic://dataset_v2/person/SYN-P122
t1-01077#0,t1-01077,Lucan Karick,SYN-P122,T1,ablation_pool,relational_associations,Who was the doctoral advisor of Lucan Karick?,Elena Torell,true,false,SYN-P011,doctoral_advisor,1,false,,synthetic://dataset_v2/person/SYN-P122
t1-01078#0,t1-01078,Lucan Karick,SYN-P122,T1,ablation_pool,relational_associations,With whom did Lucan Karick collaborate?,Beatrix Eskess,true,false,SYN-P011,doctoral_advisor,1,false,,synthetic://dataset_v2/person/SYN-P122
t1-01079#0,t1-01079,Lucan Karick,SYN-P122,T1,ablation_pool,names_aliases,What is the middle name of Lucan Karick?,Fira,true,false,SYN-P011,doctoral_advisor,1,false,,synthetic://dataset_v2/person/SYN-P122
t1-01080#0,t1-01080,Lucan Karick,SYN-P122,T1,ablation_pool,names_aliases,What is the full birth name of Lucan Karick?,Lucan Fira Karick,true,false,SYN-P011,doctoral_advisor,1,false,,synthetic://dataset_v2/person/SYN-P122
t1-01081#0,t1-01081,Tobias Yaran,SYN-P123,T1,ablation_pool,biographical_dates,On what date was Tobias Yaran born?,3 August 1923,true,false,SYN-P011,collaborator,1,false,,synthetic://dataset_v2/person/SYN-P123
t1-01082#0,t1-01082,Tobias Yaran,SYN-P123,T1,ablation_pool,biographical_dates,In which year did Tobias Yaran complete a doctorate?,1952,true,false,SYN-P011,collaborator,1,false,,synthetic://dataset_v2/person/SYN-P123
t1-01083#0,t1-01083,Tobias Yaran,SYN-P123,T1,ablation_pool,biographical_dates,In which year did Tobias Yaran take up a post at Mantle Observatory of Cryogenic Photonics?,1957,true,false,SYN-P011,collaborator,1,false,,synthetic://dataset_v2/person/SYN-P123
t1-01084#0,t1-01084,Tobias Yaran,SYN-P123,T1,ablation_pool,biographical_dates,In which year was Tobias Yaran awarded the Coronet Laureateship?,1974,true,false,SYN-P011,collaborator,1,false,,synthetic://dataset_v2/person/SYN-P123
t1-01085#0,t1-01085,Tobias Yaran,SYN-P123,T1,ablation_pool,location_linked,In which place was Tobias Yaran born?,Iskrmere,true,false,SYN-P011,collaborator,1,false,,synthetic://dataset_v2/person/SYN-P123
t1-01086#0,t1-01086,Tobias Yaran,SYN-P123,T1,ablation_pool,location_linked,In which country was Tobias Yaran born?,Serevane,true,false,SYN-P011,collaborator,1,false,,synthetic://dataset_v2/person/SYN-P123
t1-01087#0,t1-01087,Tobias Yaran,SYN-P123,T1,ablation_pool,location_linked,In which city did Tobias Yaran complete a doctorate?,Grayhhaven,true,false,SYN-P011,collaborator,1,false,,synthetic://dataset_v2/person/SYN-P123
t1-01088#0,t1-01088,Tobias Yaran,SYN-P123,T1,ablation_pool,location_linked,In which city did Tobias Yaran chiefly work?,Highfford,true,false,SYN-P011,collaborator,1,false,,synthetic://dataset_v2/person/SYN-P123
t1-01089#0,t1-01089,Tobias Yaran,SYN-P123,T1,ablation_pool,location_linked,In which city did Tobias Yaran establish the Beacon Laboratory for Cryogenic Photonics?,Zephport,true,false,SYN-P011,collaborator,1,false,,synthetic://dataset_v2/person/SYN-P123
t1-01090#0,t1-01090,Tobias Yaran,SYN-P123,T1,ablation_pool,relational_associations,With whom did Tobias Yaran collaborate?,Edvard Thalas,true,false,SYN-P011,collaborator,1,false,,synthetic://dataset_v2/person/SYN-P123
t1-01091#0,t1-01091,Tobias Yaran,SYN-P123,T1,ablation_pool,relational_associations,Who was the doctoral advisor of Tobias Yaran?,Beatrix Branay,true,false,SYN-P011,collaborator,1,false,,synthetic://dataset_v2/person/SYN-P123
t1-01092#0,t1-01092,Tobias Yaran,SYN-P123,T1,ablation_pool,relational_associations,Who was the doctoral student of Tobias Yaran?,Lucan Heven,true,false,SYN-P011,collaborator,1,false,,synthetic://dataset_v2/person/SYN-P123
t1-01093#0,t1-01093,Tobias Yaran,SYN-P123,T1,ablation_pool,names_aliases,What is the middle name of Tobias Yaran?,Cael,true,false,SYN-P011,collaborator,1,false,,synthetic://dataset_v2/person/SYN-P123
t1-01094#0,t1-01094,Tobias Yaran,SYN-P123,T1,ablation_pool,names_aliases,What is the full birth name of Tobias Yaran?,Tobias Cael Yaran,true,false,SYN-P011,collaborator,1,false,,synthetic://dataset_v2/person/SYN-P123
t1-01095#0,t1-01095,Halina Serard,SYN-P126,T1,ablation_pool,biographical_dates,On what date was Halina Serard born?,25 March 1888,true,false,SYN-P012,employer_overlap,1,false,,synthetic://dataset_v2/person/SYN-P126
t1-01096#0,t1-01096,Halina Serard,SYN-P126,T1,ablation_pool,biographical_dates,In which year did Halina Serard complete a doctorate?,1918,true,false,SYN-P012,employer_overlap,1,false,,synthetic://dataset_v2/person/SYN-P126
t1-01097#0,t1-01097,Halina Serard,SYN-P126,T1,ablation_pool,biographical_dates,In which year did Halina Serard take up a post at Asterion Polytechnic?,1922,true,false,SYN-P012,employer_overlap,1,false,,synthetic://dataset_v2/person/SYN-P126
t1-01098#0,t1-01098,Halina Serard,SYN-P126,T1,ablation_pool,biographical_dates,In which year was Halina Serard awarded the Gnomon Prize?,1926,true,false,SYN-P012,employer_overlap,1,false,,synthetic://dataset_v2/person/SYN-P126
t1-01099#0,t1-01099,Halina Serard,SYN-P126,T1,ablation_pool,location_linked,In which place was Halina Serard born?,Palewarn,true,false,SYN-P012,employer_overlap,1,false,,synthetic://dataset_v2/person/SYN-P126
t1-01100#0,t1-01100,Halina Serard,SYN-P126,T1,ablation_pool,location_linked,In which country was Halina Serard born?,Kesmir,true,false,SYN-P012,employer_overlap,1,false,,synthetic://dataset_v2/person/SYN-P126
t1-01101#0,t1-01101,Halina Serard,SYN-P126,T1,ablation_pool,location_linked,In which city did Halina Serard complete a doctorate?,Sorrmarsh,true,false,SYN-P012,employer_overlap,1,false,,synthetic://dataset_v2/person/SYN-P126
t1-01102#0,t1-01102,Halina Serard,SYN-P126,T1,ablation_pool,location_linked,In which city did Halina Serard chiefly work?,Ordalford,true,false,SYN-P012,employer_overlap,1,false,,synthetic://dataset_v2/person/SYN-P126
t1-01103#0,t1-01103,Halina Serard,SYN-P126,T1,ablation_pool,location_linked,In which city did Halina Serard establish the Alloy Laboratory for Spectral Number Theory?,Sablecrest,true,false,SYN-P012,employer_overlap,1,false,,synthetic://dataset_v2/person/SYN-P126
t1-01104#0,t1-01104,Halina Serard,SYN-P126,T1,ablation_pool,relational_associations,With which institution was Halina Serard associated?,Asterion Polytechnic,true,false,SYN-P012,employer_overlap,1,false,,synthetic://dataset_v2/person/SYN-P126
t1-01105#0,t1-01105,Halina Serard,SYN-P126,T1,ablation_pool,relational_associations,Who was the doctoral advisor of Halina Serard?,Jonas Corovic,true,false,SYN-P012,employer_overlap,1,false,,synthetic://dataset_v2/person/SYN-P126
t1-01106#0,t1-01106,Halina Serard,SYN-P126,T1,ablation_pool,relational_associations,Who was the doctoral student of Halina Serard?,Katarin Zelec,true,false,SYN-P012,employer_overlap,1,false,,synthetic://dataset_v2/person/SYN-P126
t1-01107#0,t1-01107,Halina Serard,SYN-P126,T1,ablation_pool,relational_associations,With whom did Halina Serard collaborate?,Noemi Serick,true,false,SYN-P012,employer_overlap,1,false,,synthetic://dataset_v2/person/SYN-P126
t1-01108#0,t1-01108,Halina Serard,SYN-P126,T1,ablation_pool,names_aliases,What is the middle name of Halina Serard?,Osric,true,false,SYN-P012,employer_overlap,1,false,,synthetic://dataset_v2/person/SYN-P126
t1-01109#0,t1-01109,Esme Wynick,SYN-P127,T1,ablation_pool,biographical_dates,On what date was Esme Wynick born?,5 January 1882,true,false,SYN-P012,employer_overlap,1,false,,synthetic://dataset_v2/person/SYN-P127
t1-01110#0,t1-01110,Esme Wynick,SYN-P127,T1,ablation_pool,biographical_dates,On what date did Esme Wynick die?,12 April 1941,true,false,SYN-P012,employer_overlap,1,false,,synthetic://dataset_v2/person/SYN-P127
t1-01111#0,t1-01111,Esme Wynick,SYN-P127,T1,ablation_pool,biographical_dates,In which year did Esme Wynick complete a doctorate?,1905,true,false,SYN-P012,employer_overlap,1,false,,synthetic://dataset_v2/person/SYN-P127
t1-01112#0,t1-01112,Esme Wynick,SYN-P127,T1,ablation_pool,biographical_dates,In which year did Esme Wynick take up a post at Asterion Polytechnic?,1912,true,false,SYN-P012,employer_overlap,1,false,,synthetic://dataset_v2/person/SYN-P127
t1-01113#0,t1-01113,Esme Wynick,SYN-P127,T1,ablation_pool,location_linked,In which place was Esme Wynick born?,Quillridge,true,false,SYN-P012,employer_overlap,1,false,,synthetic://dataset_v2/person/SYN-P127
t1-01114#0,t1-01114,Esme Wynick,SYN-P127,T1,ablation_pool,location_linked,In which country was Esme Wynick born?,Draviland,true,false,SYN-P012,employer_overlap,1,false,,synthetic://dataset_v2/person/SYN-P127
t1-01115#0,t1-01115,Esme Wynick,SYN-P127,T1,ablation_pool,location_linked,In which place did Esme Wynick die?,Yarrstead,true,false,SYN-P012,employer_overlap,1,false,,synthetic://dataset_v2/person/SYN-P127
t1-01116#0,t1-01116,Esme Wynick,SYN-P127,T1,ablation_pool,location_linked,In which city did Esme Wynick complete a doctorate?,Riftcrest,true,false,SYN-P012,employer_overlap,1,false,,synthetic://dataset_v2/person/SYN-P127
t1-01117#0,t1-01117,Esme Wynick,SYN-P127,T1,ablation_pool,location_linked,In which city did Esme Wynick chiefly work?,Ordalford,true,false,SYN-P012,employer_overlap,1,false,,synthetic://dataset_v2/person/SYN-P127
t1-01118#0,t1-01118,Esme Wynick,SYN-P127,T1,ablation_pool,relational_associations,With which institution was Esme Wynick associated?,Asterion Polytechnic,true,false,SYN-P012,employer_overlap,1,false,,synthetic://dataset_v2/person/SYN-P127
t1-01119#0,t1-01119,Esme Wynick,SYN-P127,T1,ablation_pool,relational_associations,Which philosophical community did Esme Wynick belong to?,the Ashgrove Meeting,true,false,SYN-P012,employer_overlap,1,true,,synthetic://dataset_v2/person/SYN-P127
t1-01120#0,t1-01120,Esme Wynick,SYN-P127,T1,ablation_pool,relational_associations,Who was the doctoral advisor of Esme Wynick?,Ingrid Irell,true,false,SYN-P012,employer_overlap,1,false,,synthetic://dataset_v2/person/SYN-P127
t1-01121#0,t1-01121,Esme Wynick,SYN-P127,T1,ablation_pool,relational_associations,Who was the doctoral student of Esme Wynick?,Ilse Orsen,true,false,SYN-P012,employer_overlap,1,false,,synthetic://dataset_v2/person/SYN-P127
t1-01122#0,t1-01122,Esme Wynick,SYN-P127,T1,ablation_pool,names_aliases,What is the middle name of Esme Wynick?,Cyril,true,false,SYN-P012,employer_overlap,1,false,,synthetic://dataset_v2/person/SYN-P127
t1-01123#0,t1-01123,Sabine Loras,SYN-P129,T1,ablation_pool,biographical_dates,On what date was Sabine Loras born?,16 December 1887,true,false,SYN-P012,employer_overlap,1,false,,synthetic://dataset_v2/person/SYN-P129
t1-01124#0,t1-01124,Sabine Loras,SYN-P129,T1,ablation_pool,biographical_dates,In which year did Sabine Loras complete a doctorate?,1915,true,false,SYN-P012,employer_overlap,1,false,,synthetic://dataset_v2/person/SYN-P129
t1-01125#0,t1-01125,Sabine Loras,SYN-P129,T1,ablation_pool,biographical_dates,In which year did Sabine Loras take up a post at Asterion Polytechnic?,1920,true,false,SYN-P012,employer_overlap,1,false,,synthetic://dataset_v2/person/SYN-P129
t1-01126#0,t1-01126,Sabine Loras,SYN-P129,T1,ablation_pool,biographical_dates,In which year was Sabine Loras awarded the Obelisk Prize?,1937,true,false,SYN-P012,employer_overlap,1,false,,synthetic://dataset_v2/person/SYN-P129
t1-01127#0,t1-01127,Sabine Loras,SYN-P129,T1,ablation_pool,location_linked,In which place was Sabine Loras born?,Lumencrest,true,false,SYN-P012,employer_overlap,1,false,,synthetic://dataset_v2/person/SYN-P129
t1-01128#0,t1-01128,Sabine Loras,SYN-P129,T1,ablation_pool,location_linked,In which country was Sabine Loras born?,Elarion,true,false,SYN-P012,employer_overlap,1,false,,synthetic://dataset_v2/person/SYN-P129
t1-01129#0,t1-01129,Sabine Loras,SYN-P129,T1,ablation_pool,location_linked,In which city did Sabine Loras complete a doctorate?,Ordalmere,true,false,SYN-P012,employer_overlap,1,false,,synthetic://dataset_v2/person/SYN-P129
t1-01130#0,t1-01130,Sabine Loras,SYN-P129,T1,ablation_pool,location_linked,In which city did Sabine Loras chiefly work?,Ordalford,true,false,SYN-P012,employer_overlap,1,false,,synthetic://dataset_v2/person/SYN-P129
t1-01131#0,t1-01131,Sabine Loras,SYN-P129,T1,ablation_pool,location_linked,In which city did Sabine Loras establish the Lodestar Laboratory for Spectral Number Theory?,Valerfell,true,false,SYN-P012,employer_overlap,1,false,,synthetic://dataset_v2/person/SYN-P129
t1-01132#0,t1-01132,Sabine Loras,SYN-P129,T1,ablation_pool,relational_associations,With which institution was Sabine Loras associated?,Asterion Polytechnic,true,false,SYN-P012,employer_overlap,1,false,,synthetic://dataset_v2/person/SYN-P129
t1-01133#0,t1-01133,Sabine Loras,SYN-P129,T1,ablation_pool,relational_associations,Who was the doctoral advisor of Sabine Loras?,Rosalind Coreth,true,false,SYN-P012,employer_overlap,1,false,,synthetic://dataset_v2/person/SYN-P129
t1-01134#0,t1-01134,Sabine Loras,SYN-P129,T1,ablation_pool,relational_associations,Who was the doctoral student of Sabine Loras?,Rosalind Novan,true,false,SYN-P012,employer_overlap,1,false,,synthetic://dataset_v2/person/SYN-P129
t1-01135#0,t1-01135,Sabine Loras,SYN-P129,T1,ablation_pool,relational_associations,With whom did Sabine Loras collaborate?,Giselle Elair,true,false,SYN-P012,employer_overlap,1,false,,synthetic://dataset_v2/person/SYN-P129
t1-01136#0,t1-01136,Sabine Loras,SYN-P129,T1,ablation_pool,names_aliases,What is the middle name of Sabine Loras?,Ione,true,false,SYN-P012,employer_overlap,1,false,,synthetic://dataset_v2/person/SYN-P129
t1-01137#0,t1-01137,Clea Ashess,SYN-P130,T1,ablation_pool,biographical_dates,On what date was Clea Ashess born?,24 March 1906,true,false,SYN-P012,doctoral_student_of,1,false,,synthetic://dataset_v2/person/SYN-P130
t1-01138#0,t1-01138,Clea Ashess,SYN-P130,T1,ablation_pool,biographical_dates,In which year did Clea Ashess complete a doctorate?,1935,true,false,SYN-P012,doctoral_student_of,1,false,,synthetic://dataset_v2/person/SYN-P130
t1-01139#0,t1-01139,Clea Ashess,SYN-P130,T1,ablation_pool,biographical_dates,In which year did Clea Ashess take up a post at Alloy Academy of Symbolic Topology?,1941,true,false,SYN-P012,doctoral_student_of,1,false,,synthetic://dataset_v2/person/SYN-P130
t1-01140#0,t1-01140,Clea Ashess,SYN-P130,T1,ablation_pool,biographical_dates,In which year was Clea Ashess awarded the Dial Medal?,1956,true,false,SYN-P012,doctoral_student_of,1,false,,synthetic://dataset_v2/person/SYN-P130
t1-01141#0,t1-01141,Clea Ashess,SYN-P130,T1,ablation_pool,location_linked,In which place was Clea Ashess born?,Thornfis,true,false,SYN-P012,doctoral_student_of,1,false,,synthetic://dataset_v2/person/SYN-P130
t1-01142#0,t1-01142,Clea Ashess,SYN-P130,T1,ablation_pool,location_linked,In which country was Clea Ashess born?,Tarsine,true,false,SYN-P012,doctoral_student_of,1,false,,synthetic://dataset_v2/person/SYN-P130
t1-01143#0,t1-01143,Clea Ashess,SYN-P130,T1,ablation_pool,location_linked,In which city did Clea Ashess complete a doctorate?,Iskrwick,true,false,SYN-P012,doctoral_student_of,1,false,,synthetic://dataset_v2/person/SYN-P130
t1-01144#0,t1-01144,Clea Ashess,SYN-P130,T1,ablation_pool,location_linked,In which city did Clea Ashess chiefly work?,Quillholm,true,false,SYN-P012,doctoral_student_of,1,false,,synthetic://dataset_v2/person/SYN-P130
t1-01145#0,t1-01145,Clea Ashess,SYN-P130,T1,ablation_pool,location_linked,In which city did Clea Ashess establish the Rampart Laboratory for Symbolic Topology?,Lowmhollow,true,false,SYN-P012,doctoral_student_of,1,false,,synthetic://dataset_v2/person/SYN-P130
t1-01146#0,t1-01146,Clea Ashess,SYN-P130,T1,ablation_pool,relational_associations,Who was the doctoral advisor of Clea Ashess?,Kirill Keleth,true,false,SYN-P012,doctoral_student_of,1,false,,synthetic://dataset_v2/person/SYN-P130
t1-01147#0,t1-01147,Clea Ashess,SYN-P130,T1,ablation_pool,relational_associations,Who was the doctoral student of Clea Ashess?,Edvard Pelas,true,false,SYN-P012,doctoral_student_of,1,false,,synthetic://dataset_v2/person/SYN-P130
t1-01148#0,t1-01148,Clea Ashess,SYN-P130,T1,ablation_pool,relational_associations,With whom did Clea Ashess collaborate?,Dagny Elaath,true,false,SYN-P012,doctoral_student_of,1,false,,synthetic://dataset_v2/person/SYN-P130
t1-01149#0,t1-01149,Clea Ashess,SYN-P130,T1,ablation_pool,relational_associations,Who was the working partner of Clea Ashess?,Emeric Karov,true,false,SYN-P012,doctoral_student_of,1,false,,synthetic://dataset_v2/person/SYN-P130
t1-01150#0,t1-01150,Clea Ashess,SYN-P130,T1,ablation_pool,names_aliases,What is the middle name of Clea Ashess?,Rhea,true,false,SYN-P012,doctoral_student_of,1,false,,synthetic://dataset_v2/person/SYN-P130
t1-01151#0,t1-01151,Ulrich Xanis,SYN-P131,T1,ablation_pool,biographical_dates,On what date was Ulrich Xanis born?,12 July 1949,true,false,SYN-P012,doctoral_student_of,1,false,,synthetic://dataset_v2/person/SYN-P131
t1-01152#0,t1-01152,Ulrich Xanis,SYN-P131,T1,ablation_pool,biographical_dates,On what date did Ulrich Xanis die?,26 December 2030,true,false,SYN-P012,doctoral_student_of,1,false,,synthetic://dataset_v2/person/SYN-P131
t1-01153#0,t1-01153,Ulrich Xanis,SYN-P131,T1,ablation_pool,biographical_dates,In which year did Ulrich Xanis complete a doctorate?,1973,true,false,SYN-P012,doctoral_student_of,1,false,,synthetic://dataset_v2/person/SYN-P131
t1-01154#0,t1-01154,Ulrich Xanis,SYN-P131,T1,ablation_pool,biographical_dates,In which year did Ulrich Xanis take up a post at Meridian Polytechnic?,1977,true,false,SYN-P012,doctoral_student_of,1,false,,synthetic://dataset_v2/person/SYN-P131
t1-01155#0,t1-01155,Ulrich Xanis,SYN-P131,T1,ablation_pool,location_linked,In which place was Ulrich Xanis born?,Ordalhollow,true,false,SYN-P012,doctoral_student_of,1,false,,synthetic://dataset_v2/person/SYN-P131
t1-01156#0,t1-01156,Ulrich Xanis,SYN-P131,T1,ablation_pool,location_linked,In which country was Ulrich Xanis born?,Thessia,true,false,SYN-P012,doctoral_student_of,1,false,,synthetic://dataset_v2/person/SYN-P131
t1-01157#0,t1-01157,Ulrich Xanis,SYN-P131,T1,ablation_pool,location_linked,In which place did Ulrich Xanis die?,Lumenis,true,false,SYN-P012,doctoral_student_of,1,false,,synthetic://dataset_v2/person/SYN-P131
t1-01158#0,t1-01158,Ulrich Xanis,SYN-P131,T1,ablation_pool,location_linked,In which city did Ulrich Xanis complete a doctorate?,Quillhaven,true,false,SYN-P012,doctoral_student_of,1,false,,synthetic://dataset_v2/person/SYN-P131
t1-01159#0,t1-01159,Ulrich Xanis,SYN-P131,T1,ablation_pool,location_linked,In which city did Ulrich Xanis chiefly work?,Sorrridge,true,false,SYN-P012,doctoral_student_of,1,false,,synthetic://dataset_v2/person/SYN-P131
t1-01160#0,t1-01160,Ulrich Xanis,SYN-P131,T1,ablation_pool,relational_associations,Who was the doctoral advisor of Ulrich Xanis?,Kirill Keleth,true,false,SYN-P012,doctoral_student_of,1,false,,synthetic://dataset_v2/person/SYN-P131
t1-01161#0,t1-01161,Ulrich Xanis,SYN-P131,T1,ablation_pool,relational_associations,Who was the doctoral student of Ulrich Xanis?,Xenia Fenine,true,false,SYN-P012,doctoral_student_of,1,false,,synthetic://dataset_v2/person/SYN-P131
t1-01162#0,t1-01162,Ulrich Xanis,SYN-P131,T1,ablation_pool,relational_associations,With whom did Ulrich Xanis collaborate?,Tobias Zeline,true,false,SYN-P012,doctoral_student_of,1,false,,synthetic://dataset_v2/person/SYN-P131
t1-01163#0,t1-01163,Ulrich Xanis,SYN-P131,T1,ablation_pool,relational_associations,Who was the working partner of Ulrich Xanis?,Zoran Eskane,true,false,SYN-P012,doctoral_student_of,1,false,,synthetic://dataset_v2/person/SYN-P131
t1-01164#0,t1-01164,Ulrich Xanis,SYN-P131,T1,ablation_pool,names_aliases,What is the middle name of Ulrich Xanis?,Gwyn,true,false,SYN-P012,doctoral_student_of,1,false,,synthetic://dataset_v2/person/SYN-P131
t1-01165#0,t1-01165,Yorick Elaen,SYN-P133,T1,ablation_pool,biographical_dates,On what date was Yorick Elaen born?,23 June 1866,true,false,SYN-P012,collaborator,1,false,,synthetic://dataset_v2/person/SYN-P133
t1-01166#0,t1-01166,Yorick Elaen,SYN-P133,T1,ablation_pool,biographical_dates,In which year did Yorick Elaen complete a doctorate?,1892,true,false,SYN-P012,collaborator,1,false,,synthetic://dataset_v2/person/SYN-P133
t1-01167#0,t1-01167,Yorick Elaen,SYN-P133,T1,ablation_pool,biographical_dates,In which year did Yorick Elaen take up a post at Meridian College of Statistical Cosmology?,1895,true,false,SYN-P012,collaborator,1,false,,synthetic://dataset_v2/person/SYN-P133
t1-01168#0,t1-01168,Yorick Elaen,SYN-P133,T1,ablation_pool,biographical_dates,In which year was Yorick Elaen awarded the Dial Prize?,1898,true,false,SYN-P012,collaborator,1,false,,synthetic://dataset_v2/person/SYN-P133
t1-01169#0,t1-01169,Yorick Elaen,SYN-P133,T1,ablation_pool,location_linked,In which place was Yorick Elaen born?,Marrostead,true,false,SYN-P012,collaborator,1,false,,synthetic://dataset_v2/person/SYN-P133
t1-01170#0,t1-01170,Yorick Elaen,SYN-P133,T1,ablation_pool,location_linked,In which country was Yorick Elaen born?,Virelia,true,false,SYN-P012,collaborator,1,false,,synthetic://dataset_v2/person/SYN-P133
t1-01171#0,t1-01171,Yorick Elaen,SYN-P133,T1,ablation_pool,location_linked,In which city did Yorick Elaen complete a doctorate?,Lumenfell,true,false,SYN-P012,collaborator,1,false,,synthetic://dataset_v2/person/SYN-P133
t1-01172#0,t1-01172,Yorick Elaen,SYN-P133,T1,ablation_pool,location_linked,In which city did Yorick Elaen chiefly work?,Vantstead,true,false,SYN-P012,collaborator,1,false,,synthetic://dataset_v2/person/SYN-P133
t1-01173#0,t1-01173,Yorick Elaen,SYN-P133,T1,ablation_pool,location_linked,In which city did Yorick Elaen establish the Keystone Laboratory for Statistical Cosmology?,Xanthwick,true,false,SYN-P012,collaborator,1,false,,synthetic://dataset_v2/person/SYN-P133
t1-01174#0,t1-01174,Yorick Elaen,SYN-P133,T1,ablation_pool,relational_associations,With whom did Yorick Elaen collaborate?,Kirill Keleth,true,false,SYN-P012,collaborator,1,false,,synthetic://dataset_v2/person/SYN-P133
t1-01175#0,t1-01175,Yorick Elaen,SYN-P133,T1,ablation_pool,relational_associations,Who was the doctoral advisor of Yorick Elaen?,Elena Karell,true,false,SYN-P012,collaborator,1,false,,synthetic://dataset_v2/person/SYN-P133
t1-01176#0,t1-01176,Yorick Elaen,SYN-P133,T1,ablation_pool,relational_associations,Who was the doctoral student of Yorick Elaen?,Juliana Silard,true,false,SYN-P012,collaborator,1,false,,synthetic://dataset_v2/person/SYN-P133
t1-01177#0,t1-01177,Yorick Elaen,SYN-P133,T1,ablation_pool,relational_associations,Who was the working partner of Yorick Elaen?,Marcus Galan,true,false,SYN-P012,collaborator,1,false,,synthetic://dataset_v2/person/SYN-P133
t1-01178#0,t1-01178,Yorick Elaen,SYN-P133,T1,ablation_pool,names_aliases,What is the middle name of Yorick Elaen?,Sten,true,false,SYN-P012,collaborator,1,false,,synthetic://dataset_v2/person/SYN-P133
t1-01179#0,t1-01179,Ilan Dreec,SYN-P134,T1,ablation_pool,biographical_dates,On what date was Ilan Dreec born?,7 September 1835,true,false,SYN-P012,research_partner,1,false,,synthetic://dataset_v2/person/SYN-P134
t1-01180#0,t1-01180,Ilan Dreec,SYN-P134,T1,ablation_pool,biographical_dates,On what date did Ilan Dreec die?,28 March 1904,true,false,SYN-P012,research_partner,1,false,,synthetic://dataset_v2/person/SYN-P134
t1-01181#0,t1-01181,Ilan Dreec,SYN-P134,T1,ablation_pool,biographical_dates,In which year did Ilan Dreec complete a doctorate?,1862,true,false,SYN-P012,research_partner,1,false,,synthetic://dataset_v2/person/SYN-P134
t1-01182#0,t1-01182,Ilan Dreec,SYN-P134,T1,ablation_pool,biographical_dates,In which year did Ilan Dreec take up a post at Northstar Research Center?,1863,true,false,SYN-P012,research_partner,1,false,,synthetic://dataset_v2/person/SYN-P134
t1-01183#0,t1-01183,Ilan Dreec,SYN-P134,T1,ablation_pool,location_linked,In which place was Ilan Dreec born?,Grayhhaven,true,false,SYN-P012,research_partner,1,false,,synthetic://dataset_v2/person/SYN-P134
t1-01184#0,t1-01184,Ilan Dreec,SYN-P134,T1,ablation_pool,location_linked,In which country was Ilan Dreec born?,Lumaria,true,false,SYN-P012,research_partner,1,false,,synthetic://dataset_v2/person/SYN-P134
t1-01185#0,t1-01185,Ilan Dreec,SYN-P134,T1,ablation_pool,location_linked,In which place did Ilan Dreec die?,Cindercrest,true,false,SYN-P012,research_partner,1,false,,synthetic://dataset_v2/person/SYN-P134
t1-01186#0,t1-01186,Ilan Dreec,SYN-P134,T1,ablation_pool,location_linked,In which city did Ilan Dreec complete a doctorate?,Stellstead,true,false,SYN-P012,research_partner,1,false,,synthetic://dataset_v2/person/SYN-P134
t1-01187#0,t1-01187,Ilan Dreec,SYN-P134,T1,ablation_pool,location_linked,In which city did Ilan Dreec chiefly work?,Xantharn,true,false,SYN-P012,research_partner,1,false,,synthetic://dataset_v2/person/SYN-P134
t1-01188#0,t1-01188,Ilan Dreec,SYN-P134,T1,ablation_pool,relational_associations,Who was the working partner of Ilan Dreec?,Kirill Keleth,true,false,SYN-P012,research_partner,1,false,,synthetic://dataset_v2/person/SYN-P134
t1-01189#0,t1-01189,Ilan Dreec,SYN-P134,T1,ablation_pool,relational_associations,Which political party did Ilan Dreec support?,the Tidewater Coalition,true,false,SYN-P012,research_partner,1,true,,synthetic://dataset_v2/person/SYN-P134
t1-01190#0,t1-01190,Ilan Dreec,SYN-P134,T1,ablation_pool,relational_associations,Who was the doctoral advisor of Ilan Dreec?,Iva Beline,true,false,SYN-P012,research_partner,1,false,,synthetic://dataset_v2/person/SYN-P134
t1-01191#0,t1-01191,Ilan Dreec,SYN-P134,T1,ablation_pool,relational_associations,Who was the doctoral student of Ilan Dreec?,Ilse Wynell,true,false,SYN-P012,research_partner,1,false,,synthetic://dataset_v2/person/SYN-P134
t1-01192#0,t1-01192,Ilan Dreec,SYN-P134,T1,ablation_pool,names_aliases,What is the middle name of Ilan Dreec?,Jarek,true,false,SYN-P012,research_partner,1,false,,synthetic://dataset_v2/person/SYN-P134
t1-01193#0,t1-01193,Casper Keleth,SYN-P136,T1,ablation_pool,biographical_dates,On what date was Casper Keleth born?,10 November 1839,true,false,SYN-P013,employer_overlap,1,false,,synthetic://dataset_v2/person/SYN-P136
t1-01194#0,t1-01194,Casper Keleth,SYN-P136,T1,ablation_pool,biographical_dates,In which year did Casper Keleth complete a doctorate?,1863,true,false,SYN-P013,employer_overlap,1,false,,synthetic://dataset_v2/person/SYN-P136
t1-01195#0,t1-01195,Casper Keleth,SYN-P136,T1,ablation_pool,biographical_dates,In which year did Casper Keleth take up a post at Meridian Foundation of Radiative Climatology?,1871,true,false,SYN-P013,employer_overlap,1,false,,synthetic://dataset_v2/person/SYN-P136
t1-01196#0,t1-01196,Casper Keleth,SYN-P136,T1,ablation_pool,biographical_dates,In which year was Casper Keleth awarded the Quiver Award?,1891,true,false,SYN-P013,employer_overlap,1,false,,synthetic://dataset_v2/person/SYN-P136
t1-01197#0,t1-01197,Casper Keleth,SYN-P136,T1,ablation_pool,location_linked,In which place was Casper Keleth born?,Highfgate,true,false,SYN-P013,employer_overlap,1,false,,synthetic://dataset_v2/person/SYN-P136
t1-01198#0,t1-01198,Casper Keleth,SYN-P136,T1,ablation_pool,location_linked,In which country was Casper Keleth born?,Calibris,true,false,SYN-P013,employer_overlap,1,false,,synthetic://dataset_v2/person/SYN-P136
t1-01199#0,t1-01199,Casper Keleth,SYN-P136,T1,ablation_pool,location_linked,In which city did Casper Keleth complete a doctorate?,Harroholm,true,false,SYN-P013,employer_overlap,1,false,,synthetic://dataset_v2/person/SYN-P136
t1-01200#0,t1-01200,Casper Keleth,SYN-P136,T1,ablation_pool,location_linked,In which city did Casper Keleth chiefly work?,Kestrholm,true,false,SYN-P013,employer_overlap,1,false,,synthetic://dataset_v2/person/SYN-P136
t1-01201#0,t1-01201,Casper Keleth,SYN-P136,T1,ablation_pool,location_linked,In which city did Casper Keleth establish the Rampart Laboratory for Radiative Climatology?,Umbrvale,true,false,SYN-P013,employer_overlap,1,false,,synthetic://dataset_v2/person/SYN-P136
t1-01202#0,t1-01202,Casper Keleth,SYN-P136,T1,ablation_pool,relational_associations,With which institution was Casper Keleth associated?,Meridian Foundation of Radiative Climatology,true,false,SYN-P013,employer_overlap,1,false,,synthetic://dataset_v2/person/SYN-P136
t1-01203#0,t1-01203,Casper Keleth,SYN-P136,T1,ablation_pool,relational_associations,Who was the doctoral advisor of Casper Keleth?,Oren Thalell,true,false,SYN-P013,employer_overlap,1,false,,synthetic://dataset_v2/person/SYN-P136
t1-01204#0,t1-01204,Casper Keleth,SYN-P136,T1,ablation_pool,relational_associations,Who was the doctoral student of Casper Keleth?,Hadrian Marel,true,false,SYN-P013,employer_overlap,1,false,,synthetic://dataset_v2/person/SYN-P136
t1-01205#0,t1-01205,Casper Keleth,SYN-P136,T1,ablation_pool,relational_associations,With whom did Casper Keleth collaborate?,Anneke Serov,true,false,SYN-P013,employer_overlap,1,false,,synthetic://dataset_v2/person/SYN-P136
t1-01206#0,t1-01206,Casper Keleth,SYN-P136,T1,ablation_pool,names_aliases,What is the middle name of Casper Keleth?,Brenna,true,false,SYN-P013,employer_overlap,1,false,,synthetic://dataset_v2/person/SYN-P136
t1-01207#0,t1-01207,Ilan Haldess,SYN-P139,T1,ablation_pool,biographical_dates,On what date was Ilan Haldess born?,20 August 1895,true,false,SYN-P013,employer_overlap,1,false,,synthetic://dataset_v2/person/SYN-P139
t1-01208#0,t1-01208,Ilan Haldess,SYN-P139,T1,ablation_pool,biographical_dates,On what date did Ilan Haldess die?,5 June 1971,true,false,SYN-P013,employer_overlap,1,false,,synthetic://dataset_v2/person/SYN-P139
t1-01209#0,t1-01209,Ilan Haldess,SYN-P139,T1,ablation_pool,biographical_dates,In which year did Ilan Haldess complete a doctorate?,1922,true,false,SYN-P013,employer_overlap,1,false,,synthetic://dataset_v2/person/SYN-P139
t1-01210#0,t1-01210,Ilan Haldess,SYN-P139,T1,ablation_pool,biographical_dates,In which year did Ilan Haldess take up a post at Meridian Foundation of Radiative Climatology?,1923,true,false,SYN-P013,employer_overlap,1,false,,synthetic://dataset_v2/person/SYN-P139
t1-01211#0,t1-01211,Ilan Haldess,SYN-P139,T1,ablation_pool,location_linked,In which place was Ilan Haldess born?,Lowmis,true,false,SYN-P013,employer_overlap,1,false,,synthetic://dataset_v2/person/SYN-P139
t1-01212#0,t1-01212,Ilan Haldess,SYN-P139,T1,ablation_pool,location_linked,In which country was Ilan Haldess born?,Virelia,true,false,SYN-P013,employer_overlap,1,false,,synthetic://dataset_v2/person/SYN-P139
t1-01213#0,t1-01213,Ilan Haldess,SYN-P139,T1,ablation_pool,location_linked,In which place did Ilan Haldess die?,Verrwick,true,false,SYN-P013,employer_overlap,1,false,,synthetic://dataset_v2/person/SYN-P139
t1-01214#0,t1-01214,Ilan Haldess,SYN-P139,T1,ablation_pool,location_linked,In which city did Ilan Haldess complete a doctorate?,Iskrstead,true,false,SYN-P013,employer_overlap,1,false,,synthetic://dataset_v2/person/SYN-P139
t1-01215#0,t1-01215,Ilan Haldess,SYN-P139,T1,ablation_pool,location_linked,In which city did Ilan Haldess chiefly work?,Kestrholm,true,false,SYN-P013,employer_overlap,1,false,,synthetic://dataset_v2/person/SYN-P139
t1-01216#0,t1-01216,Ilan Haldess,SYN-P139,T1,ablation_pool,relational_associations,With which institution was Ilan Haldess associated?,Meridian Foundation of Radiative Climatology,true,false,SYN-P013,employer_overlap,1,false,,synthetic://dataset_v2/person/SYN-P139
t1-01217#0,t1-01217,Ilan Haldess,SYN-P139,T1,ablation_pool,relational_associations,Who was the doctoral advisor of Ilan Haldess?,Rowan Lorir,true,false,SYN-P013,employer_overlap,1,false,,synthetic://dataset_v2/person/SYN-P139
t1-01218#0,t1-01218,Ilan Haldess,SYN-P139,T1,ablation_pool,relational_associations,Who was the doctoral student of Ilan Haldess?,Bertram Quenov,true,false,SYN-P013,employer_overlap,1,false,,synthetic://dataset_v2/person/SYN-P139
t1-01219#0,t1-01219,Ilan Haldess,SYN-P139,T1,ablation_pool,relational_associations,With whom did Ilan Haldess collaborate?,Pieter Eskorn,true,false,SYN-P013,employer_overlap,1,false,,synthetic://dataset_v2/person/SYN-P139
t1-01220#0,t1-01220,Ilan Haldess,SYN-P139,T1,ablation_pool,names_aliases,What is the middle name of Ilan Haldess?,Aven,true,false,SYN-P013,employer_overlap,1,false,,synthetic://dataset_v2/person/SYN-P139
t1-01221#0,t1-01221,Ilan Yareth,SYN-P140,T1,ablation_pool,biographical_dates,On what date was Ilan Yareth born?,25 October 1934,true,false,SYN-P013,doctoral_student_of,1,false,,synthetic://dataset_v2/person/SYN-P140
t1-01222#0,t1-01222,Ilan Yareth,SYN-P140,T1,ablation_pool,biographical_dates,On what date did Ilan Yareth die?,15 September 2016,true,false,SYN-P013,doctoral_student_of,1,false,,synthetic://dataset_v2/person/SYN-P140
t1-01223#0,t1-01223,Ilan Yareth,SYN-P140,T1,ablation_pool,biographical_dates,In which year did Ilan Yareth complete a doctorate?,1961,true,false,SYN-P013,doctoral_student_of,1,false,,synthetic://dataset_v2/person/SYN-P140
t1-01224#0,t1-01224,Ilan Yareth,SYN-P140,T1,ablation_pool,biographical_dates,In which year did Ilan Yareth take up a post at Equinox College?,1963,true,false,SYN-P013,doctoral_student_of,1,false,,synthetic://dataset_v2/person/SYN-P140
t1-01225#0,t1-01225,Ilan Yareth,SYN-P140,T1,ablation_pool,location_linked,In which place was Ilan Yareth born?,Fenwburg,true,false,SYN-P013,doctoral_student_of,1,false,,synthetic://dataset_v2/person/SYN-P140
t1-01226#0,t1-01226,Ilan Yareth,SYN-P140,T1,ablation_pool,location_linked,In which country was Ilan Yareth born?,Virelia,true,false,SYN-P013,doctoral_student_of,1,false,,synthetic://dataset_v2/person/SYN-P140
t1-01227#0,t1-01227,Ilan Yareth,SYN-P140,T1,ablation_pool,location_linked,In which place did Ilan Yareth die?,Verrfell,true,false,SYN-P013,doctoral_student_of,1,false,,synthetic://dataset_v2/person/SYN-P140
t1-01228#0,t1-01228,Ilan Yareth,SYN-P140,T1,ablation_pool,location_linked,In which city did Ilan Yareth complete a doctorate?,Zephridge,true,false,SYN-P013,doctoral_student_of,1,false,,synthetic://dataset_v2/person/SYN-P140
t1-01229#0,t1-01229,Ilan Yareth,SYN-P140,T1,ablation_pool,location_linked,In which city did Ilan Yareth chiefly work?,Umbrstead,true,false,SYN-P013,doctoral_student_of,1,false,,synthetic://dataset_v2/person/SYN-P140
t1-01230#0,t1-01230,Ilan Yareth,SYN-P140,T1,ablation_pool,relational_associations,Who was the doctoral advisor of Ilan Yareth?,Ivo Ashov,true,false,SYN-P013,doctoral_student_of,1,false,,synthetic://dataset_v2/person/SYN-P140
t1-01231#0,t1-01231,Ilan Yareth,SYN-P140,T1,ablation_pool,relational_associations,Who was the doctoral student of Ilan Yareth?,Henrik Dovov,true,false,SYN-P013,doctoral_student_of,1,false,,synthetic://dataset_v2/person/SYN-P140
t1-01232#0,t1-01232,Ilan Yareth,SYN-P140,T1,ablation_pool,relational_associations,With whom did Ilan Yareth collaborate?,Casper Corov,true,false,SYN-P013,doctoral_student_of,1,false,,synthetic://dataset_v2/person/SYN-P140
t1-01233#0,t1-01233,Ilan Yareth,SYN-P140,T1,ablation_pool,relational_associations,Who was the working partner of Ilan Yareth?,Wilhelmina Wynay,true,false,SYN-P013,doctoral_student_of,1,false,,synthetic://dataset_v2/person/SYN-P140
t1-01234#0,t1-01234,Ilan Yareth,SYN-P140,T1,ablation_pool,names_aliases,What is the middle name of Ilan Yareth?,Aven,true,false,SYN-P013,doctoral_student_of,1,false,,synthetic://dataset_v2/person/SYN-P140
t1-01235#0,t1-01235,Ilan Irovic,SYN-P141,T1,ablation_pool,biographical_dates,On what date was Ilan Irovic born?,16 March 1851,true,false,SYN-P013,doctoral_student_of,1,false,,synthetic://dataset_v2/person/SYN-P141
t1-01236#0,t1-01236,Ilan Irovic,SYN-P141,T1,ablation_pool,biographical_dates,On what date did Ilan Irovic die?,24 September 1941,true,false,SYN-P013,doctoral_student_of,1,false,,synthetic://dataset_v2/person/SYN-P141
t1-01237#0,t1-01237,Ilan Irovic,SYN-P141,T1,ablation_pool,biographical_dates,In which year did Ilan Irovic complete a doctorate?,1877,true,false,SYN-P013,doctoral_student_of,1,false,,synthetic://dataset_v2/person/SYN-P141
t1-01238#0,t1-01238,Ilan Irovic,SYN-P141,T1,ablation_pool,biographical_dates,In which year did Ilan Irovic take up a post at Nadir Laboratory of Synthetic Enzymology?,1885,true,false,SYN-P013,doctoral_student_of,1,false,,synthetic://dataset_v2/person/SYN-P141
t1-01239#0,t1-01239,Ilan Irovic,SYN-P141,T1,ablation_pool,location_linked,In which place was Ilan Irovic born?,Lumenfell,true,false,SYN-P013,doctoral_student_of,1,false,,synthetic://dataset_v2/person/SYN-P141
t1-01240#0,t1-01240,Ilan Irovic,SYN-P141,T1,ablation_pool,location_linked,In which country was Ilan Irovic born?,Norvella,true,false,SYN-P013,doctoral_student_of,1,false,,synthetic://dataset_v2/person/SYN-P141
t1-01241#0,t1-01241,Ilan Irovic,SYN-P141,T1,ablation_pool,location_linked,In which place did Ilan Irovic die?,Harrohaven,true,false,SYN-P013,doctoral_student_of,1,false,,synthetic://dataset_v2/person/SYN-P141
t1-01242#0,t1-01242,Ilan Irovic,SYN-P141,T1,ablation_pool,location_linked,In which city did Ilan Irovic complete a doctorate?,Riftfell,true,false,SYN-P013,doctoral_student_of,1,false,,synthetic://dataset_v2/person/SYN-P141
t1-01243#0,t1-01243,Ilan Irovic,SYN-P141,T1,ablation_pool,location_linked,In which city did Ilan Irovic chiefly work?,Palewstead,true,false,SYN-P013,doctoral_student_of,1,false,,synthetic://dataset_v2/person/SYN-P141
t1-01244#0,t1-01244,Ilan Irovic,SYN-P141,T1,ablation_pool,relational_associations,Who was the doctoral advisor of Ilan Irovic?,Ivo Ashov,true,false,SYN-P013,doctoral_student_of,1,false,,synthetic://dataset_v2/person/SYN-P141
t1-01245#0,t1-01245,Ilan Irovic,SYN-P141,T1,ablation_pool,relational_associations,Who was the doctoral student of Ilan Irovic?,Aurelie Joryn,true,false,SYN-P013,doctoral_student_of,1,false,,synthetic://dataset_v2/person/SYN-P141
t1-01246#0,t1-01246,Ilan Irovic,SYN-P141,T1,ablation_pool,relational_associations,With whom did Ilan Irovic collaborate?,Lucan Queneth,true,false,SYN-P013,doctoral_student_of,1,false,,synthetic://dataset_v2/person/SYN-P141
t1-01247#0,t1-01247,Ilan Irovic,SYN-P141,T1,ablation_pool,relational_associations,Who was the working partner of Ilan Irovic?,Quentin Thalyn,true,false,SYN-P013,doctoral_student_of,1,false,,synthetic://dataset_v2/person/SYN-P141
t1-01248#0,t1-01248,Ilan Irovic,SYN-P141,T1,ablation_pool,names_aliases,What is the middle name of Ilan Irovic?,Eira,true,false,SYN-P013,doctoral_student_of,1,false,,synthetic://dataset_v2/person/SYN-P141
t1-01249#0,t1-01249,Yorick Wynorn,SYN-P142,T1,ablation_pool,biographical_dates,On what date was Yorick Wynorn born?,21 November 1943,true,false,SYN-P013,doctoral_advisor,1,false,,synthetic://dataset_v2/person/SYN-P142
t1-01250#0,t1-01250,Yorick Wynorn,SYN-P142,T1,ablation_pool,biographical_dates,On what date did Yorick Wynorn die?,8 January 2009,true,false,SYN-P013,doctoral_advisor,1,false,,synthetic://dataset_v2/person/SYN-P142
t1-01251#0,t1-01251,Yorick Wynorn,SYN-P142,T1,ablation_pool,biographical_dates,In which year did Yorick Wynorn complete a doctorate?,1968,true,false,SYN-P013,doctoral_advisor,1,false,,synthetic://dataset_v2/person/SYN-P142
t1-01252#0,t1-01252,Yorick Wynorn,SYN-P142,T1,ablation_pool,biographical_dates,In which year did Yorick Wynorn take up a post at Pinnacle Academy?,1975,true,false,SYN-P013,doctoral_advisor,1,false,,synthetic://dataset_v2/person/SYN-P142
t1-01253#0,t1-01253,Yorick Wynorn,SYN-P142,T1,ablation_pool,location_linked,In which place was Yorick Wynorn born?,Amberford,true,false,SYN-P013,doctoral_advisor,1,false,,synthetic://dataset_v2/person/SYN-P142
t1-01254#0,t1-01254,Yorick Wynorn,SYN-P142,T1,ablation_pool,location_linked,In which country was Yorick Wynorn born?,Serevane,true,false,SYN-P013,doctoral_advisor,1,false,,synthetic://dataset_v2/person/SYN-P142
t1-01255#0,t1-01255,Yorick Wynorn,SYN-P142,T1,ablation_pool,location_linked,In which place did Yorick Wynorn die?,Harrostead,true,false,SYN-P013,doctoral_advisor,1,false,,synthetic://dataset_v2/person/SYN-P142
t1-01256#0,t1-01256,Yorick Wynorn,SYN-P142,T1,ablation_pool,location_linked,In which city did Yorick Wynorn complete a doctorate?,Junipridge,true,false,SYN-P013,doctoral_advisor,1,false,,synthetic://dataset_v2/person/SYN-P142
t1-01257#0,t1-01257,Yorick Wynorn,SYN-P142,T1,ablation_pool,location_linked,In which city did Yorick Wynorn chiefly work?,Lumenford,true,false,SYN-P013,doctoral_advisor,1,false,,synthetic://dataset_v2/person/SYN-P142
t1-01258#0,t1-01258,Yorick Wynorn,SYN-P142,T1,ablation_pool,relational_associations,Who was the doctoral student of Yorick Wynorn?,Ivo Ashov,true,false,SYN-P013,doctoral_advisor,1,false,,synthetic://dataset_v2/person/SYN-P142
t1-01259#0,t1-01259,Yorick Wynorn,SYN-P142,T1,ablation_pool,relational_associations,Who was the doctoral advisor of Yorick Wynorn?,Rowan Serovic,true,false,SYN-P013,doctoral_advisor,1,false,,synthetic://dataset_v2/person/SYN-P142
t1-01260#0,t1-01260,Yorick Wynorn,SYN-P142,T1,ablation_pool,relational_associations,With whom did Yorick Wynorn collaborate?,Bianca Elaane,true,false,SYN-P013,doctoral_advisor,1,false,,synthetic://dataset_v2/person/SYN-P142
t1-01261#0,t1-01261,Yorick Wynorn,SYN-P142,T1,ablation_pool,relational_associations,Who was the working partner of Yorick Wynorn?,Bianca Marovic,true,false,SYN-P013,doctoral_advisor,1,false,,synthetic://dataset_v2/person/SYN-P142
t1-01262#0,t1-01262,Yorick Wynorn,SYN-P142,T1,ablation_pool,names_aliases,What is the middle name of Yorick Wynorn?,Zora,true,false,SYN-P013,doctoral_advisor,1,false,,synthetic://dataset_v2/person/SYN-P142
t1-01263#0,t1-01263,Theodor Karorn,SYN-P143,T1,ablation_pool,biographical_dates,On what date was Theodor Karorn born?,13 October 1959,true,false,SYN-P013,collaborator,1,false,,synthetic://dataset_v2/person/SYN-P143
t1-01264#0,t1-01264,Theodor Karorn,SYN-P143,T1,ablation_pool,biographical_dates,In which year did Theodor Karorn complete a doctorate?,1985,true,false,SYN-P013,collaborator,1,false,,synthetic://dataset_v2/person/SYN-P143
t1-01265#0,t1-01265,Theodor Karorn,SYN-P143,T1,ablation_pool,biographical_dates,In which year did Theodor Karorn take up a post at Peregrine Academy?,1987,true,false,SYN-P013,collaborator,1,false,,synthetic://dataset_v2/person/SYN-P143
t1-01266#0,t1-01266,Theodor Karorn,SYN-P143,T1,ablation_pool,biographical_dates,In which year was Theodor Karorn awarded the Obelisk Medal?,1990,true,false,SYN-P013,collaborator,1,false,,synthetic://dataset_v2/person/SYN-P143
t1-01267#0,t1-01267,Theodor Karorn,SYN-P143,T1,ablation_pool,location_linked,In which place was Theodor Karorn born?,Quillhaven,true,false,SYN-P013,collaborator,1,false,,synthetic://dataset_v2/person/SYN-P143
t1-01268#0,t1-01268,Theodor Karorn,SYN-P143,T1,ablation_pool,location_linked,In which country was Theodor Karorn born?,Draviland,true,false,SYN-P013,collaborator,1,false,,synthetic://dataset_v2/person/SYN-P143
t1-01269#0,t1-01269,Theodor Karorn,SYN-P143,T1,ablation_pool,location_linked,In which city did Theodor Karorn complete a doctorate?,Embermarsh,true,false,SYN-P013,collaborator,1,false,,synthetic://dataset_v2/person/SYN-P143
t1-01270#0,t1-01270,Theodor Karorn,SYN-P143,T1,ablation_pool,location_linked,In which city did Theodor Karorn chiefly work?,Lumenwick,true,false,SYN-P013,collaborator,1,false,,synthetic://dataset_v2/person/SYN-P143
t1-01271#0,t1-01271,Theodor Karorn,SYN-P143,T1,ablation_pool,location_linked,In which city did Theodor Karorn establish the Sextant Laboratory for Bioacoustic Ecology?,Lowmcrest,true,false,SYN-P013,collaborator,1,false,,synthetic://dataset_v2/person/SYN-P143
t1-01272#0,t1-01272,Theodor Karorn,SYN-P143,T1,ablation_pool,relational_associations,With whom did Theodor Karorn collaborate?,Ivo Ashov,true,false,SYN-P013,collaborator,1,false,,synthetic://dataset_v2/person/SYN-P143
t1-01273#0,t1-01273,Theodor Karorn,SYN-P143,T1,ablation_pool,relational_associations,Which political party did Theodor Karorn support?,the Tidewater Coalition,true,false,SYN-P013,collaborator,1,true,,synthetic://dataset_v2/person/SYN-P143
t1-01274#0,t1-01274,Theodor Karorn,SYN-P143,T1,ablation_pool,relational_associations,Who was the doctoral advisor of Theodor Karorn?,Anselm Maras,true,false,SYN-P013,collaborator,1,false,,synthetic://dataset_v2/person/SYN-P143
t1-01275#0,t1-01275,Theodor Karorn,SYN-P143,T1,ablation_pool,relational_associations,Who was the doctoral student of Theodor Karorn?,Greta Beleth,true,false,SYN-P013,collaborator,1,false,,synthetic://dataset_v2/person/SYN-P143
t1-01276#0,t1-01276,Theodor Karorn,SYN-P143,T1,ablation_pool,names_aliases,What is the middle name of Theodor Karorn?,Fira,true,false,SYN-P013,collaborator,1,false,,synthetic://dataset_v2/person/SYN-P143
t1-01277#0,t1-01277,Clea Vorel,SYN-P145,T1,ablation_pool,biographical_dates,On what date was Clea Vorel born?,26 August 1874,true,false,SYN-P013,child,1,false,,synthetic://dataset_v2/person/SYN-P145
t1-01278#0,t1-01278,Clea Vorel,SYN-P145,T1,ablation_pool,biographical_dates,On what date did Clea Vorel die?,28 May 1945,true,false,SYN-P013,child,1,false,,synthetic://dataset_v2/person/SYN-P145
t1-01279#0,t1-01279,Clea Vorel,SYN-P145,T1,ablation_pool,biographical_dates,In which year did Clea Vorel complete a doctorate?,1899,true,false,SYN-P013,child,1,false,,synthetic://dataset_v2/person/SYN-P145
t1-01280#0,t1-01280,Clea Vorel,SYN-P145,T1,ablation_pool,biographical_dates,In which year did Clea Vorel take up a post at Trellis Observatory of Molecular Cartography?,1902,true,false,SYN-P013,child,1,false,,synthetic://dataset_v2/person/SYN-P145
t1-01281#0,t1-01281,Clea Vorel,SYN-P145,T1,ablation_pool,location_linked,In which place was Clea Vorel born?,Emberridge,true,false,SYN-P013,child,1,false,,synthetic://dataset_v2/person/SYN-P145
t1-01282#0,t1-01282,Clea Vorel,SYN-P145,T1,ablation_pool,location_linked,In which country was Clea Vorel born?,Belmarch,true,false,SYN-P013,child,1,false,,synthetic://dataset_v2/person/SYN-P145
t1-01283#0,t1-01283,Clea Vorel,SYN-P145,T1,ablation_pool,location_linked,In which place did Clea Vorel die?,Drossstead,true,false,SYN-P013,child,1,false,,synthetic://dataset_v2/person/SYN-P145
t1-01284#0,t1-01284,Clea Vorel,SYN-P145,T1,ablation_pool,location_linked,In which city did Clea Vorel complete a doctorate?,Fenwmere,true,false,SYN-P013,child,1,false,,synthetic://dataset_v2/person/SYN-P145
t1-01285#0,t1-01285,Clea Vorel,SYN-P145,T1,ablation_pool,location_linked,In which city did Clea Vorel chiefly work?,Lumencrest,true,false,SYN-P013,child,1,false,,synthetic://dataset_v2/person/SYN-P145
t1-01286#0,t1-01286,Clea Vorel,SYN-P145,T1,ablation_pool,relational_associations,Who was the mother of Clea Vorel?,Ivo Ashov,true,false,SYN-P013,child,1,false,,synthetic://dataset_v2/person/SYN-P145
t1-01287#0,t1-01287,Clea Vorel,SYN-P145,T1,ablation_pool,relational_associations,Who was the doctoral advisor of Clea Vorel?,Katarin Fenel,true,false,SYN-P013,child,1,false,,synthetic://dataset_v2/person/SYN-P145
t1-01288#0,t1-01288,Clea Vorel,SYN-P145,T1,ablation_pool,relational_associations,Who was the doctoral student of Clea Vorel?,Theodor Thalard,true,false,SYN-P013,child,1,false,,synthetic://dataset_v2/person/SYN-P145
t1-01289#0,t1-01289,Clea Vorel,SYN-P145,T1,ablation_pool,relational_associations,With whom did Clea Vorel collaborate?,Theodor Drean,true,false,SYN-P013,child,1,false,,synthetic://dataset_v2/person/SYN-P145
t1-01290#0,t1-01290,Clea Vorel,SYN-P145,T1,ablation_pool,names_aliases,What is the middle name of Clea Vorel?,Kova,true,false,SYN-P013,child,1,false,,synthetic://dataset_v2/person/SYN-P145
t1-01291#0,t1-01291,Greta Noven,SYN-P146,T1,ablation_pool,biographical_dates,On what date was Greta Noven born?,20 June 1943,true,false,SYN-P014,employer_overlap,1,false,,synthetic://dataset_v2/person/SYN-P146
t1-01292#0,t1-01292,Greta Noven,SYN-P146,T1,ablation_pool,biographical_dates,In which year did Greta Noven complete a doctorate?,1971,true,false,SYN-P014,employer_overlap,1,false,,synthetic://dataset_v2/person/SYN-P146
t1-01293#0,t1-01293,Greta Noven,SYN-P146,T1,ablation_pool,biographical_dates,In which year did Greta Noven take up a post at Asterion Institute?,1973,true,false,SYN-P014,employer_overlap,1,false,,synthetic://dataset_v2/person/SYN-P146
t1-01294#0,t1-01294,Greta Noven,SYN-P146,T1,ablation_pool,biographical_dates,In which year was Greta Noven awarded the Aster Laureateship?,1990,true,false,SYN-P014,employer_overlap,1,false,,synthetic://dataset_v2/person/SYN-P146
t1-01295#0,t1-01295,Greta Noven,SYN-P146,T1,ablation_pool,location_linked,In which place was Greta Noven born?,Kestrmarsh,true,false,SYN-P014,employer_overlap,1,false,,synthetic://dataset_v2/person/SYN-P146
t1-01296#0,t1-01296,Greta Noven,SYN-P146,T1,ablation_pool,location_linked,In which country was Greta Noven born?,Orvantia,true,false,SYN-P014,employer_overlap,1,false,,synthetic://dataset_v2/person/SYN-P146
t1-01297#0,t1-01297,Greta Noven,SYN-P146,T1,ablation_pool,location_linked,In which city did Greta Noven complete a doctorate?,Marrocrest,true,false,SYN-P014,employer_overlap,1,false,,synthetic://dataset_v2/person/SYN-P146
t1-01298#0,t1-01298,Greta Noven,SYN-P146,T1,ablation_pool,location_linked,In which city did Greta Noven chiefly work?,Sorrhollow,true,false,SYN-P014,employer_overlap,1,false,,synthetic://dataset_v2/person/SYN-P146
t1-01299#0,t1-01299,Greta Noven,SYN-P146,T1,ablation_pool,location_linked,In which city did Greta Noven establish the Northstar Laboratory for Synthetic Enzymology?,Lumengate,true,false,SYN-P014,employer_overlap,1,false,,synthetic://dataset_v2/person/SYN-P146
t1-01300#0,t1-01300,Greta Noven,SYN-P146,T1,ablation_pool,relational_associations,With which institution was Greta Noven associated?,Asterion Institute,true,false,SYN-P014,employer_overlap,1,false,,synthetic://dataset_v2/person/SYN-P146
t1-01301#0,t1-01301,Greta Noven,SYN-P146,T1,ablation_pool,relational_associations,Who was the doctoral advisor of Greta Noven?,Ceres Wynel,true,false,SYN-P014,employer_overlap,1,false,,synthetic://dataset_v2/person/SYN-P146
t1-01302#0,t1-01302,Greta Noven,SYN-P146,T1,ablation_pool,relational_associations,Who was the doctoral student of Greta Noven?,Ilan Silath,true,false,SYN-P014,employer_overlap,1,false,,synthetic://dataset_v2/person/SYN-P146
t1-01303#0,t1-01303,Greta Noven,SYN-P146,T1,ablation_pool,relational_associations,With whom did Greta Noven collaborate?,Yorick Grimell,true,false,SYN-P014,employer_overlap,1,false,,synthetic://dataset_v2/person/SYN-P146
t1-01304#0,t1-01304,Greta Noven,SYN-P146,T1,ablation_pool,names_aliases,What is the middle name of Greta Noven?,Kova,true,false,SYN-P014,employer_overlap,1,false,,synthetic://dataset_v2/person/SYN-P146
t1-01305#0,t1-01305,Perrin Eskis,SYN-P147,T1,ablation_pool,biographical_dates,On what date was Perrin Eskis born?,17 February 1865,true,false,SYN-P014,employer_overlap,1,false,,synthetic://dataset_v2/person/SYN-P147
t1-01306#0,t1-01306,Perrin Eskis,SYN-P147,T1,ablation_pool,biographical_dates,On what date did Perrin Eskis die?,10 May 1954,true,false,SYN-P014,employer_overlap,1,false,,synthetic://dataset_v2/person/SYN-P147
t1-01307#0,t1-01307,Perrin Eskis,SYN-P147,T1,ablation_pool,biographical_dates,In which year did Perrin Eskis complete a doctorate?,1889,true,false,SYN-P014,employer_overlap,1,false,,synthetic://dataset_v2/person/SYN-P147
t1-01308#0,t1-01308,Perrin Eskis,SYN-P147,T1,ablation_pool,biographical_dates,In which year did Perrin Eskis take up a post at Asterion Institute?,1894,true,false,SYN-P014,employer_overlap,1,false,,synthetic://dataset_v2/person/SYN-P147
t1-01309#0,t1-01309,Perrin Eskis,SYN-P147,T1,ablation_pool,location_linked,In which place was Perrin Eskis born?,Rhelmholm,true,false,SYN-P014,employer_overlap,1,false,,synthetic://dataset_v2/person/SYN-P147
t1-01310#0,t1-01310,Perrin Eskis,SYN-P147,T1,ablation_pool,location_linked,In which country was Perrin Eskis born?,Belmarch,true,false,SYN-P014,employer_overlap,1,false,,synthetic://dataset_v2/person/SYN-P147
t1-01311#0,t1-01311,Perrin Eskis,SYN-P147,T1,ablation_pool,location_linked,In which place did Perrin Eskis die?,Fenwburg,true,false,SYN-P014,employer_overlap,1,false,,synthetic://dataset_v2/person/SYN-P147
t1-01312#0,t1-01312,Perrin Eskis,SYN-P147,T1,ablation_pool,location_linked,In which city did Perrin Eskis complete a doctorate?,Sablestead,true,false,SYN-P014,employer_overlap,1,false,,synthetic://dataset_v2/person/SYN-P147
t1-01313#0,t1-01313,Perrin Eskis,SYN-P147,T1,ablation_pool,location_linked,In which city did Perrin Eskis chiefly work?,Sorrhollow,true,false,SYN-P014,employer_overlap,1,false,,synthetic://dataset_v2/person/SYN-P147
t1-01314#0,t1-01314,Perrin Eskis,SYN-P147,T1,ablation_pool,relational_associations,With which institution was Perrin Eskis associated?,Asterion Institute,true,false,SYN-P014,employer_overlap,1,false,,synthetic://dataset_v2/person/SYN-P147
t1-01315#0,t1-01315,Perrin Eskis,SYN-P147,T1,ablation_pool,relational_associations,Who was the doctoral advisor of Perrin Eskis?,Beatrix Ashane,true,false,SYN-P014,employer_overlap,1,false,,synthetic://dataset_v2/person/SYN-P147
t1-01316#0,t1-01316,Perrin Eskis,SYN-P147,T1,ablation_pool,relational_associations,Who was the doctoral student of Perrin Eskis?,Fleur Toras,true,false,SYN-P014,employer_overlap,1,false,,synthetic://dataset_v2/person/SYN-P147
t1-01317#0,t1-01317,Perrin Eskis,SYN-P147,T1,ablation_pool,relational_associations,With whom did Perrin Eskis collaborate?,Casper Galec,true,false,SYN-P014,employer_overlap,1,false,,synthetic://dataset_v2/person/SYN-P147
t1-01318#0,t1-01318,Perrin Eskis,SYN-P147,T1,ablation_pool,names_aliases,What is the middle name of Perrin Eskis?,Fira,true,false,SYN-P014,employer_overlap,1,false,,synthetic://dataset_v2/person/SYN-P147
t1-01319#0,t1-01319,Elias Iskell,SYN-P149,T1,ablation_pool,biographical_dates,On what date was Elias Iskell born?,7 July 1903,true,false,SYN-P014,employer_overlap,1,false,,synthetic://dataset_v2/person/SYN-P149
t1-01320#0,t1-01320,Elias Iskell,SYN-P149,T1,ablation_pool,biographical_dates,On what date did Elias Iskell die?,24 March 1966,true,false,SYN-P014,employer_overlap,1,false,,synthetic://dataset_v2/person/SYN-P149
t1-01321#0,t1-01321,Elias Iskell,SYN-P149,T1,ablation_pool,biographical_dates,In which year did Elias Iskell complete a doctorate?,1930,true,false,SYN-P014,employer_overlap,1,false,,synthetic://dataset_v2/person/SYN-P149
t1-01322#0,t1-01322,Elias Iskell,SYN-P149,T1,ablation_pool,biographical_dates,In which year did Elias Iskell take up a post at Asterion Institute?,1934,true,false,SYN-P014,employer_overlap,1,false,,synthetic://dataset_v2/person/SYN-P149
t1-01323#0,t1-01323,Elias Iskell,SYN-P149,T1,ablation_pool,location_linked,In which place was Elias Iskell born?,Iskrmarsh,true,false,SYN-P014,employer_overlap,1,false,,synthetic://dataset_v2/person/SYN-P149
t1-01324#0,t1-01324,Elias Iskell,SYN-P149,T1,ablation_pool,location_linked,In which country was Elias Iskell born?,Norvella,true,false,SYN-P014,employer_overlap,1,false,,synthetic://dataset_v2/person/SYN-P149
t1-01325#0,t1-01325,Elias Iskell,SYN-P149,T1,ablation_pool,location_linked,In which place did Elias Iskell die?,Highfarn,true,false,SYN-P014,employer_overlap,1,false,,synthetic://dataset_v2/person/SYN-P149
t1-01326#0,t1-01326,Elias Iskell,SYN-P149,T1,ablation_pool,location_linked,In which city did Elias Iskell complete a doctorate?,Lumenis,true,false,SYN-P014,employer_overlap,1,false,,synthetic://dataset_v2/person/SYN-P149
t1-01327#0,t1-01327,Elias Iskell,SYN-P149,T1,ablation_pool,location_linked,In which city did Elias Iskell chiefly work?,Sorrhollow,true,false,SYN-P014,employer_overlap,1,false,,synthetic://dataset_v2/person/SYN-P149
t1-01328#0,t1-01328,Elias Iskell,SYN-P149,T1,ablation_pool,relational_associations,With which institution was Elias Iskell associated?,Asterion Institute,true,false,SYN-P014,employer_overlap,1,false,,synthetic://dataset_v2/person/SYN-P149
t1-01329#0,t1-01329,Elias Iskell,SYN-P149,T1,ablation_pool,relational_associations,Who was the doctoral advisor of Elias Iskell?,Delphine Ashard,true,false,SYN-P014,employer_overlap,1,false,,synthetic://dataset_v2/person/SYN-P149
t1-01330#0,t1-01330,Elias Iskell,SYN-P149,T1,ablation_pool,relational_associations,Who was the doctoral student of Elias Iskell?,Perrin Ulryn,true,false,SYN-P014,employer_overlap,1,false,,synthetic://dataset_v2/person/SYN-P149
t1-01331#0,t1-01331,Elias Iskell,SYN-P149,T1,ablation_pool,relational_associations,With whom did Elias Iskell collaborate?,Ivo Grimovic,true,false,SYN-P014,employer_overlap,1,false,,synthetic://dataset_v2/person/SYN-P149
t1-01332#0,t1-01332,Elias Iskell,SYN-P149,T1,ablation_pool,names_aliases,What is the middle name of Elias Iskell?,Brice,true,false,SYN-P014,employer_overlap,1,false,,synthetic://dataset_v2/person/SYN-P149
t1-01333#0,t1-01333,Emeric Yarine,SYN-P150,T1,ablation_pool,biographical_dates,On what date was Emeric Yarine born?,15 July 1944,true,false,SYN-P014,doctoral_student_of,1,false,,synthetic://dataset_v2/person/SYN-P150
t1-01334#0,t1-01334,Emeric Yarine,SYN-P150,T1,ablation_pool,biographical_dates,On what date did Emeric Yarine die?,1 April 2008,true,false,SYN-P014,doctoral_student_of,1,false,,synthetic://dataset_v2/person/SYN-P150
t1-01335#0,t1-01335,Emeric Yarine,SYN-P150,T1,ablation_pool,biographical_dates,In which year did Emeric Yarine complete a doctorate?,1970,true,false,SYN-P014,doctoral_student_of,1,false,,synthetic://dataset_v2/person/SYN-P150
t1-01336#0,t1-01336,Emeric Yarine,SYN-P150,T1,ablation_pool,biographical_dates,In which year did Emeric Yarine take up a post at Daedal Foundation?,1975,true,false,SYN-P014,doctoral_student_of,1,false,,synthetic://dataset_v2/person/SYN-P150
t1-01337#0,t1-01337,Emeric Yarine,SYN-P150,T1,ablation_pool,location_linked,In which place was Emeric Yarine born?,Sorrmere,true,false,SYN-P014,doctoral_student_of,1,false,,synthetic://dataset_v2/person/SYN-P150
t1-01338#0,t1-01338,Emeric Yarine,SYN-P150,T1,ablation_pool,location_linked,In which country was Emeric Yarine born?,Belmarch,true,false,SYN-P014,doctoral_student_of,1,false,,synthetic://dataset_v2/person/SYN-P150
t1-01339#0,t1-01339,Emeric Yarine,SYN-P150,T1,ablation_pool,location_linked,In which place did Emeric Yarine die?,Vantstead,true,false,SYN-P014,doctoral_student_of,1,false,,synthetic://dataset_v2/person/SYN-P150
t1-01340#0,t1-01340,Emeric Yarine,SYN-P150,T1,ablation_pool,location_linked,In which city did Emeric Yarine complete a doctorate?,Dunebholm,true,false,SYN-P014,doctoral_student_of,1,false,,synthetic://dataset_v2/person/SYN-P150
t1-01341#0,t1-01341,Emeric Yarine,SYN-P150,T1,ablation_pool,location_linked,In which city did Emeric Yarine chiefly work?,Quillhaven,true,false,SYN-P014,doctoral_student_of,1,false,,synthetic://dataset_v2/person/SYN-P150
t1-01342#0,t1-01342,Emeric Yarine,SYN-P150,T1,ablation_pool,relational_associations,Who was the doctoral advisor of Emeric Yarine?,Eluned Grimay,true,false,SYN-P014,doctoral_student_of,1,false,,synthetic://dataset_v2/person/SYN-P150
t1-01343#0,t1-01343,Emeric Yarine,SYN-P150,T1,ablation_pool,relational_associations,Who was the doctoral student of Emeric Yarine?,Noemi Lorel,true,false,SYN-P014,doctoral_student_of,1,false,,synthetic://dataset_v2/person/SYN-P150
t1-01344#0,t1-01344,Emeric Yarine,SYN-P150,T1,ablation_pool,relational_associations,With whom did Emeric Yarine collaborate?,Dorian Dreis,true,false,SYN-P014,doctoral_student_of,1,false,,synthetic://dataset_v2/person/SYN-P150
t1-01345#0,t1-01345,Emeric Yarine,SYN-P150,T1,ablation_pool,relational_associations,Who was the working partner of Emeric Yarine?,Kirill Belen,true,false,SYN-P014,doctoral_student_of,1,false,,synthetic://dataset_v2/person/SYN-P150
t1-01346#0,t1-01346,Emeric Yarine,SYN-P150,T1,ablation_pool,names_aliases,What is the middle name of Emeric Yarine?,Jarek,true,false,SYN-P014,doctoral_student_of,1,false,,synthetic://dataset_v2/person/SYN-P150
t1-01347#0,t1-01347,Bianca Quenane,SYN-P151,T1,ablation_pool,biographical_dates,On what date was Bianca Quenane born?,23 November 1929,true,false,SYN-P014,doctoral_student_of,1,false,,synthetic://dataset_v2/person/SYN-P151
t1-01348#0,t1-01348,Bianca Quenane,SYN-P151,T1,ablation_pool,biographical_dates,In which year did Bianca Quenane complete a doctorate?,1956,true,false,SYN-P014,doctoral_student_of,1,false,,synthetic://dataset_v2/person/SYN-P151
t1-01349#0,t1-01349,Bianca Quenane,SYN-P151,T1,ablation_pool,biographical_dates,In which year did Bianca Quenane take up a post at Quorum Foundation?,1960,true,false,SYN-P014,doctoral_student_of,1,false,,synthetic://dataset_v2/person/SYN-P151
t1-01350#0,t1-01350,Bianca Quenane,SYN-P151,T1,ablation_pool,biographical_dates,In which year was Bianca Quenane awarded the Aster Award?,1977,true,false,SYN-P014,doctoral_student_of,1,false,,synthetic://dataset_v2/person/SYN-P151
t1-01351#0,t1-01351,Bianca Quenane,SYN-P151,T1,ablation_pool,location_linked,In which place was Bianca Quenane born?,Junipridge,true,false,SYN-P014,doctoral_student_of,1,false,,synthetic://dataset_v2/person/SYN-P151
t1-01352#0,t1-01352,Bianca Quenane,SYN-P151,T1,ablation_pool,location_linked,In which country was Bianca Quenane born?,Norvella,true,false,SYN-P014,doctoral_student_of,1,false,,synthetic://dataset_v2/person/SYN-P151
t1-01353#0,t1-01353,Bianca Quenane,SYN-P151,T1,ablation_pool,location_linked,In which city did Bianca Quenane complete a doctorate?,Fenwridge,true,false,SYN-P014,doctoral_student_of,1,false,,synthetic://dataset_v2/person/SYN-P151
t1-01354#0,t1-01354,Bianca Quenane,SYN-P151,T1,ablation_pool,location_linked,In which city did Bianca Quenane chiefly work?,Vantmarsh,true,false,SYN-P014,doctoral_student_of,1,false,,synthetic://dataset_v2/person/SYN-P151
t1-01355#0,t1-01355,Bianca Quenane,SYN-P151,T1,ablation_pool,location_linked,In which city did Bianca Quenane establish the Bastion Laboratory for Bioacoustic Ecology?,Lowmhollow,true,false,SYN-P014,doctoral_student_of,1,false,,synthetic://dataset_v2/person/SYN-P151
t1-01356#0,t1-01356,Bianca Quenane,SYN-P151,T1,ablation_pool,relational_associations,Who was the doctoral advisor of Bianca Quenane?,Eluned Grimay,true,false,SYN-P014,doctoral_student_of,1,false,,synthetic://dataset_v2/person/SYN-P151
t1-01357#0,t1-01357,Bianca Quenane,SYN-P151,T1,ablation_pool,relational_associations,Who was the doctoral student of Bianca Quenane?,Rowan Toray,true,false,SYN-P014,doctoral_student_of,1,false,,synthetic://dataset_v2/person/SYN-P151
t1-01358#0,t1-01358,Bianca Quenane,SYN-P151,T1,ablation_pool,relational_associations,With whom did Bianca Quenane collaborate?,Ilan Noveth,true,false,SYN-P014,doctoral_student_of,1,false,,synthetic://dataset_v2/person/SYN-P151
t1-01359#0,t1-01359,Bianca Quenane,SYN-P151,T1,ablation_pool,relational_associations,Who was the working partner of Bianca Quenane?,Ulrich Serane,true,false,SYN-P014,doctoral_student_of,1,false,,synthetic://dataset_v2/person/SYN-P151
t1-01360#0,t1-01360,Bianca Quenane,SYN-P151,T1,ablation_pool,names_aliases,What is the middle name of Bianca Quenane?,Doren,true,false,SYN-P014,doctoral_student_of,1,false,,synthetic://dataset_v2/person/SYN-P151
t1-01361#0,t1-01361,Ilan Torov,SYN-P153,T1,ablation_pool,biographical_dates,On what date was Ilan Torov born?,16 May 1957,true,false,SYN-P014,collaborator,1,false,,synthetic://dataset_v2/person/SYN-P153
t1-01362#0,t1-01362,Ilan Torov,SYN-P153,T1,ablation_pool,biographical_dates,In which year did Ilan Torov complete a doctorate?,1981,true,false,SYN-P014,collaborator,1,false,,synthetic://dataset_v2/person/SYN-P153
t1-01363#0,t1-01363,Ilan Torov,SYN-P153,T1,ablation_pool,biographical_dates,In which year did Ilan Torov take up a post at Helix Polytechnic?,1983,true,false,SYN-P014,collaborator,1,false,,synthetic://dataset_v2/person/SYN-P153
t1-01364#0,t1-01364,Ilan Torov,SYN-P153,T1,ablation_pool,biographical_dates,In which year was Ilan Torov awarded the Quiver Prize?,1993,true,false,SYN-P014,collaborator,1,false,,synthetic://dataset_v2/person/SYN-P153
t1-01365#0,t1-01365,Ilan Torov,SYN-P153,T1,ablation_pool,location_linked,In which place was Ilan Torov born?,Highfstead,true,false,SYN-P014,collaborator,1,false,,synthetic://dataset_v2/person/SYN-P153
t1-01366#0,t1-01366,Ilan Torov,SYN-P153,T1,ablation_pool,location_linked,In which country was Ilan Torov born?,Orvantia,true,false,SYN-P014,collaborator,1,false,,synthetic://dataset_v2/person/SYN-P153
t1-01367#0,t1-01367,Ilan Torov,SYN-P153,T1,ablation_pool,location_linked,In which city did Ilan Torov complete a doctorate?,Thistburg,true,false,SYN-P014,collaborator,1,false,,synthetic://dataset_v2/person/SYN-P153
t1-01368#0,t1-01368,Ilan Torov,SYN-P153,T1,ablation_pool,location_linked,In which city did Ilan Torov chiefly work?,Quillreach,true,false,SYN-P014,collaborator,1,false,,synthetic://dataset_v2/person/SYN-P153
t1-01369#0,t1-01369,Ilan Torov,SYN-P153,T1,ablation_pool,location_linked,In which city did Ilan Torov establish the Northstar Laboratory for Plasma Hydrodynamics?,Iskrfell,true,false,SYN-P014,collaborator,1,false,,synthetic://dataset_v2/person/SYN-P153
t1-01370#0,t1-01370,Ilan Torov,SYN-P153,T1,ablation_pool,relational_associations,With whom did Ilan Torov collaborate?,Eluned Grimay,true,false,SYN-P014,collaborator,1,false,,synthetic://dataset_v2/person/SYN-P153
t1-01371#0,t1-01371,Ilan Torov,SYN-P153,T1,ablation_pool,relational_associations,Who was the doctoral advisor of Ilan Torov?,Corin Ulray,true,false,SYN-P014,collaborator,1,false,,synthetic://dataset_v2/person/SYN-P153
t1-01372#0,t1-01372,Ilan Torov,SYN-P153,T1,ablation_pool,relational_associations,Who was the doctoral student of Ilan Torov?,Nikolai Ravick,true,false,SYN-P014,collaborator,1,false,,synthetic://dataset_v2/person/SYN-P153
t1-01373#0,t1-01373,Ilan Torov,SYN-P153,T1,ablation_pool,relational_associations,Who was the working partner of Ilan Torov?,Zoran Lorec,true,false,SYN-P014,collaborator,1,false,,synthetic://dataset_v2/person/SYN-P153
t1-01374#0,t1-01374,Ilan Torov,SYN-P153,T1,ablation_pool,names_aliases,What is the middle name of Ilan Torov?,Fenna,true,false,SYN-P014,collaborator,1,false,,synthetic://dataset_v2/person/SYN-P153
t1-01375#0,t1-01375,Dorian Hevard,SYN-P154,T1,ablation_pool,biographical_dates,On what date was Dorian Hevard born?,24 November 1902,true,false,SYN-P014,research_partner,1,false,,synthetic://dataset_v2/person/SYN-P154
t1-01376#0,t1-01376,Dorian Hevard,SYN-P154,T1,ablation_pool,biographical_dates,On what date did Dorian Hevard die?,13 August 1991,true,false,SYN-P014,research_partner,1,false,,synthetic://dataset_v2/person/SYN-P154
t1-01377#0,t1-01377,Dorian Hevard,SYN-P154,T1,ablation_pool,biographical_dates,In which year did Dorian Hevard complete a doctorate?,1930,true,false,SYN-P014,research_partner,1,false,,synthetic://dataset_v2/person/SYN-P154
t1-01378#0,t1-01378,Dorian Hevard,SYN-P154,T1,ablation_pool,biographical_dates,In which year did Dorian Hevard take up a post at Peregrine College of Bioacoustic Ecology?,1938,true,false,SYN-P014,research_partner,1,false,,synthetic://dataset_v2/person/SYN-P154
t1-01379#0,t1-01379,Dorian Hevard,SYN-P154,T1,ablation_pool,location_linked,In which place was Dorian Hevard born?,Grayhmere,true,false,SYN-P014,research_partner,1,false,,synthetic://dataset_v2/person/SYN-P154
t1-01380#0,t1-01380,Dorian Hevard,SYN-P154,T1,ablation_pool,location_linked,In which country was Dorian Hevard born?,Ostravia,true,false,SYN-P014,research_partner,1,false,,synthetic://dataset_v2/person/SYN-P154
t1-01381#0,t1-01381,Dorian Hevard,SYN-P154,T1,ablation_pool,location_linked,In which place did Dorian Hevard die?,Vantmere,true,false,SYN-P014,research_partner,1,false,,synthetic://dataset_v2/person/SYN-P154
t1-01382#0,t1-01382,Dorian Hevard,SYN-P154,T1,ablation_pool,location_linked,In which city did Dorian Hevard complete a doctorate?,Drosshollow,true,false,SYN-P014,research_partner,1,false,,synthetic://dataset_v2/person/SYN-P154
t1-01383#0,t1-01383,Dorian Hevard,SYN-P154,T1,ablation_pool,location_linked,In which city did Dorian Hevard chiefly work?,Sorrford,true,false,SYN-P014,research_partner,1,false,,synthetic://dataset_v2/person/SYN-P154
t1-01384#0,t1-01384,Dorian Hevard,SYN-P154,T1,ablation_pool,relational_associations,Who was the working partner of Dorian Hevard?,Eluned Grimay,true,false,SYN-P014,research_partner,1,false,,synthetic://dataset_v2/person/SYN-P154
t1-01385#0,t1-01385,Dorian Hevard,SYN-P154,T1,ablation_pool,relational_associations,Who was the doctoral advisor of Dorian Hevard?,Elena Branell,true,false,SYN-P014,research_partner,1,false,,synthetic://dataset_v2/person/SYN-P154
t1-01386#0,t1-01386,Dorian Hevard,SYN-P154,T1,ablation_pool,relational_associations,Who was the doctoral student of Dorian Hevard?,Tobias Orsyn,true,false,SYN-P014,research_partner,1,false,,synthetic://dataset_v2/person/SYN-P154
t1-01387#0,t1-01387,Dorian Hevard,SYN-P154,T1,ablation_pool,relational_associations,With whom did Dorian Hevard collaborate?,Perrin Orsel,true,false,SYN-P014,research_partner,1,false,,synthetic://dataset_v2/person/SYN-P154
t1-01388#0,t1-01388,Dorian Hevard,SYN-P154,T1,ablation_pool,names_aliases,What is the middle name of Dorian Hevard?,Tova,true,false,SYN-P014,research_partner,1,false,,synthetic://dataset_v2/person/SYN-P154
t1-01389#0,t1-01389,Emeric Jasen,SYN-P155,T1,ablation_pool,biographical_dates,On what date was Emeric Jasen born?,19 March 1927,true,false,SYN-P014,teacher_of,1,false,,synthetic://dataset_v2/person/SYN-P155
t1-01390#0,t1-01390,Emeric Jasen,SYN-P155,T1,ablation_pool,biographical_dates,On what date did Emeric Jasen die?,10 October 1980,true,false,SYN-P014,teacher_of,1,false,,synthetic://dataset_v2/person/SYN-P155
t1-01391#0,t1-01391,Emeric Jasen,SYN-P155,T1,ablation_pool,biographical_dates,In which year did Emeric Jasen complete a doctorate?,1953,true,false,SYN-P014,teacher_of,1,false,,synthetic://dataset_v2/person/SYN-P155
t1-01392#0,t1-01392,Emeric Jasen,SYN-P155,T1,ablation_pool,biographical_dates,In which year did Emeric Jasen take up a post at Cypress Polytechnic?,1960,true,false,SYN-P014,teacher_of,1,false,,synthetic://dataset_v2/person/SYN-P155
t1-01393#0,t1-01393,Emeric Jasen,SYN-P155,T1,ablation_pool,location_linked,In which place was Emeric Jasen born?,Petrford,true,false,SYN-P014,teacher_of,1,false,,synthetic://dataset_v2/person/SYN-P155
t1-01394#0,t1-01394,Emeric Jasen,SYN-P155,T1,ablation_pool,location_linked,In which country was Emeric Jasen born?,Ostravia,true,false,SYN-P014,teacher_of,1,false,,synthetic://dataset_v2/person/SYN-P155
t1-01395#0,t1-01395,Emeric Jasen,SYN-P155,T1,ablation_pool,location_linked,In which place did Emeric Jasen die?,Ordalvale,true,false,SYN-P014,teacher_of,1,false,,synthetic://dataset_v2/person/SYN-P155
t1-01396#0,t1-01396,Emeric Jasen,SYN-P155,T1,ablation_pool,location_linked,In which city did Emeric Jasen complete a doctorate?,Calderstead,true,false,SYN-P014,teacher_of,1,false,,synthetic://dataset_v2/person/SYN-P155
t1-01397#0,t1-01397,Emeric Jasen,SYN-P155,T1,ablation_pool,location_linked,In which city did Emeric Jasen chiefly work?,Embermarsh,true,false,SYN-P014,teacher_of,1,false,,synthetic://dataset_v2/person/SYN-P155
t1-01398#0,t1-01398,Emeric Jasen,SYN-P155,T1,ablation_pool,relational_associations,Who was the doctoral student of Emeric Jasen?,Eluned Grimay,true,false,SYN-P014,teacher_of,1,false,,synthetic://dataset_v2/person/SYN-P155
t1-01399#0,t1-01399,Emeric Jasen,SYN-P155,T1,ablation_pool,relational_associations,Who was the doctoral advisor of Emeric Jasen?,Esme Cadray,true,false,SYN-P014,teacher_of,1,false,,synthetic://dataset_v2/person/SYN-P155
t1-01400#0,t1-01400,Emeric Jasen,SYN-P155,T1,ablation_pool,relational_associations,With whom did Emeric Jasen collaborate?,Leon Ulress,true,false,SYN-P014,teacher_of,1,false,,synthetic://dataset_v2/person/SYN-P155
t1-01401#0,t1-01401,Emeric Jasen,SYN-P155,T1,ablation_pool,relational_associations,Who was the working partner of Emeric Jasen?,Ulrich Irir,true,false,SYN-P014,teacher_of,1,false,,synthetic://dataset_v2/person/SYN-P155
t1-01402#0,t1-01402,Emeric Jasen,SYN-P155,T1,ablation_pool,names_aliases,What is the middle name of Emeric Jasen?,Hale,true,false,SYN-P014,teacher_of,1,false,,synthetic://dataset_v2/person/SYN-P155
t1-01403#0,t1-01403,Gideon Orsay,SYN-P158,T1,ablation_pool,biographical_dates,On what date was Gideon Orsay born?,6 June 1956,true,false,SYN-P015,employer_overlap,1,false,,synthetic://dataset_v2/person/SYN-P158
t1-01404#0,t1-01404,Gideon Orsay,SYN-P158,T1,ablation_pool,biographical_dates,In which year did Gideon Orsay complete a doctorate?,1982,true,false,SYN-P015,employer_overlap,1,false,,synthetic://dataset_v2/person/SYN-P158
t1-01405#0,t1-01405,Gideon Orsay,SYN-P158,T1,ablation_pool,biographical_dates,In which year did Gideon Orsay take up a post at Anvil Foundation of Statistical Cosmology?,1987,true,false,SYN-P015,employer_overlap,1,false,,synthetic://dataset_v2/person/SYN-P158
t1-01406#0,t1-01406,Gideon Orsay,SYN-P158,T1,ablation_pool,biographical_dates,In which year was Gideon Orsay awarded the Tessellate Laureateship?,1992,true,false,SYN-P015,employer_overlap,1,false,,synthetic://dataset_v2/person/SYN-P158
t1-01407#0,t1-01407,Gideon Orsay,SYN-P158,T1,ablation_pool,location_linked,In which place was Gideon Orsay born?,Embercrest,true,false,SYN-P015,employer_overlap,1,false,,synthetic://dataset_v2/person/SYN-P158
t1-01408#0,t1-01408,Gideon Orsay,SYN-P158,T1,ablation_pool,location_linked,In which country was Gideon Orsay born?,Serevane,true,false,SYN-P015,employer_overlap,1,false,,synthetic://dataset_v2/person/SYN-P158
t1-01409#0,t1-01409,Gideon Orsay,SYN-P158,T1,ablation_pool,location_linked,In which city did Gideon Orsay complete a doctorate?,Lumenis,true,false,SYN-P015,employer_overlap,1,false,,synthetic://dataset_v2/person/SYN-P158
t1-01410#0,t1-01410,Gideon Orsay,SYN-P158,T1,ablation_pool,location_linked,In which city did Gideon Orsay chiefly work?,Wraythport,true,false,SYN-P015,employer_overlap,1,false,,synthetic://dataset_v2/person/SYN-P158
t1-01411#0,t1-01411,Gideon Orsay,SYN-P158,T1,ablation_pool,location_linked,In which city did Gideon Orsay establish the Bastion Laboratory for Statistical Cosmology?,Gildport,true,false,SYN-P015,employer_overlap,1,false,,synthetic://dataset_v2/person/SYN-P158
t1-01412#0,t1-01412,Gideon Orsay,SYN-P158,T1,ablation_pool,relational_associations,With which institution was Gideon Orsay associated?,Anvil Foundation of Statistical Cosmology,true,false,SYN-P015,employer_overlap,1,false,,synthetic://dataset_v2/person/SYN-P158
t1-01413#0,t1-01413,Gideon Orsay,SYN-P158,T1,ablation_pool,relational_associations,Who was the doctoral advisor of Gideon Orsay?,Zoran Belec,true,false,SYN-P015,employer_overlap,1,false,,synthetic://dataset_v2/person/SYN-P158
t1-01414#0,t1-01414,Gideon Orsay,SYN-P158,T1,ablation_pool,relational_associations,Who was the doctoral student of Gideon Orsay?,Jonas Orsis,true,false,SYN-P015,employer_overlap,1,false,,synthetic://dataset_v2/person/SYN-P158
t1-01415#0,t1-01415,Gideon Orsay,SYN-P158,T1,ablation_pool,relational_associations,With whom did Gideon Orsay collaborate?,Rafael Kelath,true,false,SYN-P015,employer_overlap,1,false,,synthetic://dataset_v2/person/SYN-P158
t1-01416#0,t1-01416,Gideon Orsay,SYN-P158,T1,ablation_pool,names_aliases,What is the middle name of Gideon Orsay?,Jarek,true,false,SYN-P015,employer_overlap,1,false,,synthetic://dataset_v2/person/SYN-P158
t1-01417#0,t1-01417,Noemi Corard,SYN-P159,T1,ablation_pool,biographical_dates,On what date was Noemi Corard born?,21 June 1965,true,false,SYN-P015,employer_overlap,1,false,,synthetic://dataset_v2/person/SYN-P159
t1-01418#0,t1-01418,Noemi Corard,SYN-P159,T1,ablation_pool,biographical_dates,In which year did Noemi Corard complete a doctorate?,1990,true,false,SYN-P015,employer_overlap,1,false,,synthetic://dataset_v2/person/SYN-P159
t1-01419#0,t1-01419,Noemi Corard,SYN-P159,T1,ablation_pool,biographical_dates,In which year did Noemi Corard take up a post at Anvil Foundation of Statistical Cosmology?,1995,true,false,SYN-P015,employer_overlap,1,false,,synthetic://dataset_v2/person/SYN-P159
t1-01420#0,t1-01420,Noemi Corard,SYN-P159,T1,ablation_pool,biographical_dates,In which year was Noemi Corard awarded the Foil Medal?,2005,true,false,SYN-P015,employer_overlap,1,false,,synthetic://dataset_v2/person/SYN-P159
t1-01421#0,t1-01421,Noemi Corard,SYN-P159,T1,ablation_pool,location_linked,In which place was Noemi Corard born?,Quillcrest,true,false,SYN-P015,employer_overlap,1,false,,synthetic://dataset_v2/person/SYN-P159
t1-01422#0,t1-01422,Noemi Corard,SYN-P159,T1,ablation_pool,location_linked,In which country was Noemi Corard born?,Norvella,true,false,SYN-P015,employer_overlap,1,false,,synthetic://dataset_v2/person/SYN-P159
t1-01423#0,t1-01423,Noemi Corard,SYN-P159,T1,ablation_pool,location_linked,In which city did Noemi Corard complete a doctorate?,Kestrcrest,true,false,SYN-P015,employer_overlap,1,false,,synthetic://dataset_v2/person/SYN-P159
t1-01424#0,t1-01424,Noemi Corard,SYN-P159,T1,ablation_pool,location_linked,In which city did Noemi Corard chiefly work?,Wraythport,true,false,SYN-P015,employer_overlap,1,false,,synthetic://dataset_v2/person/SYN-P159
t1-01425#0,t1-01425,Noemi Corard,SYN-P159,T1,ablation_pool,location_linked,In which city did Noemi Corard establish the Keystone Laboratory for Statistical Cosmology?,Verrgate,true,false,SYN-P015,employer_overlap,1,false,,synthetic://dataset_v2/person/SYN-P159
t1-01426#0,t1-01426,Noemi Corard,SYN-P159,T1,ablation_pool,relational_associations,With which institution was Noemi Corard associated?,Anvil Foundation of Statistical Cosmology,true,false,SYN-P015,employer_overlap,1,false,,synthetic://dataset_v2/person/SYN-P159
t1-01427#0,t1-01427,Noemi Corard,SYN-P159,T1,ablation_pool,relational_associations,Who was the doctoral advisor of Noemi Corard?,Yseult Hevan,true,false,SYN-P015,employer_overlap,1,false,,synthetic://dataset_v2/person/SYN-P159
t1-01428#0,t1-01428,Noemi Corard,SYN-P159,T1,ablation_pool,relational_associations,Who was the doctoral student of Noemi Corard?,Noemi Thalis,true,false,SYN-P015,employer_overlap,1,false,,synthetic://dataset_v2/person/SYN-P159
t1-01429#0,t1-01429,Noemi Corard,SYN-P159,T1,ablation_pool,relational_associations,With whom did Noemi Corard collaborate?,Nadia Irov,true,false,SYN-P015,employer_overlap,1,false,,synthetic://dataset_v2/person/SYN-P159
t1-01430#0,t1-01430,Noemi Corard,SYN-P159,T1,ablation_pool,names_aliases,What is the middle name of Noemi Corard?,Piet,true,false,SYN-P015,employer_overlap,1,false,,synthetic://dataset_v2/person/SYN-P159
t1-01431#0,t1-01431,Rosalind Pelard,SYN-P160,T1,ablation_pool,biographical_dates,On what date was Rosalind Pelard born?,25 April 1901,true,false,SYN-P015,doctoral_student_of,1,false,,synthetic://dataset_v2/person/SYN-P160
t1-01432#0,t1-01432,Rosalind Pelard,SYN-P160,T1,ablation_pool,biographical_dates,On what date did Rosalind Pelard die?,11 August 1959,true,false,SYN-P015,doctoral_student_of,1,false,,synthetic://dataset_v2/person/SYN-P160
t1-01433#0,t1-01433,Rosalind Pelard,SYN-P160,T1,ablation_pool,biographical_dates,In which year did Rosalind Pelard complete a doctorate?,1925,true,false,SYN-P015,doctoral_student_of,1,false,,synthetic://dataset_v2/person/SYN-P160
t1-01434#0,t1-01434,Rosalind Pelard,SYN-P160,T1,ablation_pool,biographical_dates,In which year did Rosalind Pelard take up a post at Rampart Polytechnic of Computational Rheology?,1928,true,false,SYN-P015,doctoral_student_of,1,false,,synthetic://dataset_v2/person/SYN-P160
t1-01435#0,t1-01435,Rosalind Pelard,SYN-P160,T1,ablation_pool,location_linked,In which place was Rosalind Pelard born?,Nythhaven,true,false,SYN-P015,doctoral_student_of,1,false,,synthetic://dataset_v2/person/SYN-P160
t1-01436#0,t1-01436,Rosalind Pelard,SYN-P160,T1,ablation_pool,location_linked,In which country was Rosalind Pelard born?,Draviland,true,false,SYN-P015,doctoral_student_of,1,false,,synthetic://dataset_v2/person/SYN-P160
t1-01437#0,t1-01437,Rosalind Pelard,SYN-P160,T1,ablation_pool,location_linked,In which place did Rosalind Pelard die?,Rhelmhollow,true,false,SYN-P015,doctoral_student_of,1,false,,synthetic://dataset_v2/person/SYN-P160
t1-01438#0,t1-01438,Rosalind Pelard,SYN-P160,T1,ablation_pool,location_linked,In which city did Rosalind Pelard complete a doctorate?,Highfarn,true,false,SYN-P015,doctoral_student_of,1,false,,synthetic://dataset_v2/person/SYN-P160
t1-01439#0,t1-01439,Rosalind Pelard,SYN-P160,T1,ablation_pool,location_linked,In which city did Rosalind Pelard chiefly work?,Petrford,true,false,SYN-P015,doctoral_student_of,1,false,,synthetic://dataset_v2/person/SYN-P160
t1-01440#0,t1-01440,Rosalind Pelard,SYN-P160,T1,ablation_pool,relational_associations,Who was the doctoral advisor of Rosalind Pelard?,Rosalind Belath,true,false,SYN-P015,doctoral_student_of,1,false,,synthetic://dataset_v2/person/SYN-P160
t1-01441#0,t1-01441,Rosalind Pelard,SYN-P160,T1,ablation_pool,relational_associations,Who was the doctoral student of Rosalind Pelard?,Fabian Hevess,true,false,SYN-P015,doctoral_student_of,1,false,,synthetic://dataset_v2/person/SYN-P160
t1-01442#0,t1-01442,Rosalind Pelard,SYN-P160,T1,ablation_pool,relational_associations,With whom did Rosalind Pelard collaborate?,Elena Kelovic,true,false,SYN-P015,doctoral_student_of,1,false,,synthetic://dataset_v2/person/SYN-P160
t1-01443#0,t1-01443,Rosalind Pelard,SYN-P160,T1,ablation_pool,relational_associations,Who was the working partner of Rosalind Pelard?,Casper Ashas,true,false,SYN-P015,doctoral_student_of,1,false,,synthetic://dataset_v2/person/SYN-P160
t1-01444#0,t1-01444,Rosalind Pelard,SYN-P160,T1,ablation_pool,names_aliases,What is the middle name of Rosalind Pelard?,Ylva,true,false,SYN-P015,doctoral_student_of,1,false,,synthetic://dataset_v2/person/SYN-P160
t1-01445#0,t1-01445,Sabine Halden,SYN-P161,T1,ablation_pool,biographical_dates,On what date was Sabine Halden born?,14 February 1833,true,false,SYN-P015,doctoral_student_of,1,false,,synthetic://dataset_v2/person/SYN-P161
t1-01446#0,t1-01446,Sabine Halden,SYN-P161,T1,ablation_pool,biographical_dates,On what date did Sabine Halden die?,10 July 1911,true,false,SYN-P015,doctoral_student_of,1,false,,synthetic://dataset_v2/person/SYN-P161
t1-01447#0,t1-01447,Sabine Halden,SYN-P161,T1,ablation_pool,biographical_dates,In which year did Sabine Halden complete a doctorate?,1861,true,false,SYN-P015,doctoral_student_of,1,false,,synthetic://dataset_v2/person/SYN-P161
t1-01448#0,t1-01448,Sabine Halden,SYN-P161,T1,ablation_pool,biographical_dates,In which year did Sabine Halden take up a post at Obsidian Research Center of Quantum Materials?,1869,true,false,SYN-P015,doctoral_student_of,1,false,,synthetic://dataset_v2/person/SYN-P161
t1-01449#0,t1-01449,Sabine Halden,SYN-P161,T1,ablation_pool,location_linked,In which place was Sabine Halden born?,Calderburg,true,false,SYN-P015,doctoral_student_of,1,false,,synthetic://dataset_v2/person/SYN-P161
t1-01450#0,t1-01450,Sabine Halden,SYN-P161,T1,ablation_pool,location_linked,In which country was Sabine Halden born?,Norvella,true,false,SYN-P015,doctoral_student_of,1,false,,synthetic://dataset_v2/person/SYN-P161
t1-01451#0,t1-01451,Sabine Halden,SYN-P161,T1,ablation_pool,location_linked,In which place did Sabine Halden die?,Yarrstead,true,false,SYN-P015,doctoral_student_of,1,false,,synthetic://dataset_v2/person/SYN-P161
t1-01452#0,t1-01452,Sabine Halden,SYN-P161,T1,ablation_pool,location_linked,In which city did Sabine Halden complete a doctorate?,Harroarn,true,false,SYN-P015,doctoral_student_of,1,false,,synthetic://dataset_v2/person/SYN-P161
t1-01453#0,t1-01453,Sabine Halden,SYN-P161,T1,ablation_pool,location_linked,In which city did Sabine Halden chiefly work?,Grayhhaven,true,false,SYN-P015,doctoral_student_of,1,false,,synthetic://dataset_v2/person/SYN-P161
t1-01454#0,t1-01454,Sabine Halden,SYN-P161,T1,ablation_pool,relational_associations,Who was the doctoral advisor of Sabine Halden?,Rosalind Belath,true,false,SYN-P015,doctoral_student_of,1,false,,synthetic://dataset_v2/person/SYN-P161
t1-01455#0,t1-01455,Sabine Halden,SYN-P161,T1,ablation_pool,relational_associations,Which political party did Sabine Halden support?,the Civic Union,true,false,SYN-P015,doctoral_student_of,1,true,,synthetic://dataset_v2/person/SYN-P161
t1-01456#0,t1-01456,Sabine Halden,SYN-P161,T1,ablation_pool,relational_associations,Who was the doctoral student of Sabine Halden?,Oren Galyn,true,false,SYN-P015,doctoral_student_of,1,false,,synthetic://dataset_v2/person/SYN-P161
t1-01457#0,t1-01457,Sabine Halden,SYN-P161,T1,ablation_pool,relational_associations,With whom did Sabine Halden collaborate?,Corin Lorard,true,false,SYN-P015,doctoral_student_of,1,false,,synthetic://dataset_v2/person/SYN-P161
t1-01458#0,t1-01458,Sabine Halden,SYN-P161,T1,ablation_pool,names_aliases,What is the middle name of Sabine Halden?,Vale,true,false,SYN-P015,doctoral_student_of,1,false,,synthetic://dataset_v2/person/SYN-P161
t1-01459#0,t1-01459,Zoran Dovir,SYN-P162,T1,ablation_pool,biographical_dates,On what date was Zoran Dovir born?,24 July 1957,true,false,SYN-P015,doctoral_advisor,1,false,,synthetic://dataset_v2/person/SYN-P162
t1-01460#0,t1-01460,Zoran Dovir,SYN-P162,T1,ablation_pool,biographical_dates,In which year did Zoran Dovir complete a doctorate?,1980,true,false,SYN-P015,doctoral_advisor,1,false,,synthetic://dataset_v2/person/SYN-P162
t1-01461#0,t1-01461,Zoran Dovir,SYN-P162,T1,ablation_pool,biographical_dates,In which year did Zoran Dovir take up a post at Rampart Institute of Advanced Study?,1986,true,false,SYN-P015,doctoral_advisor,1,false,,synthetic://dataset_v2/person/SYN-P162
t1-01462#0,t1-01462,Zoran Dovir,SYN-P162,T1,ablation_pool,biographical_dates,In which year was Zoran Dovir awarded the Ardent Prize?,1997,true,false,SYN-P015,doctoral_advisor,1,false,,synthetic://dataset_v2/person/SYN-P162
t1-01463#0,t1-01463,Zoran Dovir,SYN-P162,T1,ablation_pool,location_linked,In which place was Zoran Dovir born?,Rifthollow,true,false,SYN-P015,doctoral_advisor,1,false,,synthetic://dataset_v2/person/SYN-P162
t1-01464#0,t1-01464,Zoran Dovir,SYN-P162,T1,ablation_pool,location_linked,In which country was Zoran Dovir born?,Tarsine,true,false,SYN-P015,doctoral_advisor,1,false,,synthetic://dataset_v2/person/SYN-P162
t1-01465#0,t1-01465,Zoran Dovir,SYN-P162,T1,ablation_pool,location_linked,In which city did Zoran Dovir complete a doctorate?,Rhelmhollow,true,false,SYN-P015,doctoral_advisor,1,false,,synthetic://dataset_v2/person/SYN-P162
t1-01466#0,t1-01466,Zoran Dovir,SYN-P162,T1,ablation_pool,location_linked,In which city did Zoran Dovir chiefly work?,Umbrford,true,false,SYN-P015,doctoral_advisor,1,false,,synthetic://dataset_v2/person/SYN-P162
t1-01467#0,t1-01467,Zoran Dovir,SYN-P162,T1,ablation_pool,location_linked,In which city did Zoran Dovir establish the Rampart Laboratory for Spectral Number Theory?,Highfford,true,false,SYN-P015,doctoral_advisor,1,false,,synthetic://dataset_v2/person/SYN-P162
t1-01468#0,t1-01468,Zoran Dovir,SYN-P162,T1,ablation_pool,relational_associations,Who was the doctoral student of Zoran Dovir?,Rosalind Belath,true,false,SYN-P015,doctoral_advisor,1,false,,synthetic://dataset_v2/person/SYN-P162
t1-01469#0,t1-01469,Zoran Dovir,SYN-P162,T1,ablation_pool,relational_associations,Who was the doctoral advisor of Zoran Dovir?,Lucan Ravec,true,false,SYN-P015,doctoral_advisor,1,false,,synthetic://dataset_v2/person/SYN-P162
t1-01470#0,t1-01470,Zoran Dovir,SYN-P162,T1,ablation_pool,relational_associations,With whom did Zoran Dovir collaborate?,Cordelia Grimick,true,false,SYN-P015,doctoral_advisor,1,false,,synthetic://dataset_v2/person/SYN-P162
t1-01471#0,t1-01471,Zoran Dovir,SYN-P162,T1,ablation_pool,relational_associations,Who was the working partner of Zoran Dovir?,Juliana Corine,true,false,SYN-P015,doctoral_advisor,1,false,,synthetic://dataset_v2/person/SYN-P162
t1-01472#0,t1-01472,Zoran Dovir,SYN-P162,T1,ablation_pool,names_aliases,What is the middle name of Zoran Dovir?,Rhea,true,false,SYN-P015,doctoral_advisor,1,false,,synthetic://dataset_v2/person/SYN-P162
t1-01473#0,t1-01473,Ivo Eskess,SYN-P163,T1,ablation_pool,biographical_dates,On what date was Ivo Eskess born?,8 October 1884,true,false,SYN-P015,collaborator,1,false,,synthetic://dataset_v2/person/SYN-P163
t1-01474#0,t1-01474,Ivo Eskess,SYN-P163,T1,ablation_pool,biographical_dates,On what date did Ivo Eskess die?,28 September 1974,true,false,SYN-P015,collaborator,1,false,,synthetic://dataset_v2/person/SYN-P163
t1-01475#0,t1-01475,Ivo Eskess,SYN-P163,T1,ablation_pool,biographical_dates,In which year did Ivo Eskess complete a doctorate?,1912,true,false,SYN-P015,collaborator,1,false,,synthetic://dataset_v2/person/SYN-P163
t1-01476#0,t1-01476,Ivo Eskess,SYN-P163,T1,ablation_pool,biographical_dates,In which year did Ivo Eskess take up a post at Orrery Polytechnic?,1920,true,false,SYN-P015,collaborator,1,false,,synthetic://dataset_v2/person/SYN-P163
t1-01477#0,t1-01477,Ivo Eskess,SYN-P163,T1,ablation_pool,location_linked,In which place was Ivo Eskess born?,Lowmhollow,true,false,SYN-P015,collaborator,1,false,,synthetic://dataset_v2/person/SYN-P163
t1-01478#0,t1-01478,Ivo Eskess,SYN-P163,T1,ablation_pool,location_linked,In which country was Ivo Eskess born?,Thessia,true,false,SYN-P015,collaborator,1,false,,synthetic://dataset_v2/person/SYN-P163
t1-01479#0,t1-01479,Ivo Eskess,SYN-P163,T1,ablation_pool,location_linked,In which place did Ivo Eskess die?,Nythwick,true,false,SYN-P015,collaborator,1,false,,synthetic://dataset_v2/person/SYN-P163
t1-01480#0,t1-01480,Ivo Eskess,SYN-P163,T1,ablation_pool,location_linked,In which city did Ivo Eskess complete a doctorate?,Grayhmere,true,false,SYN-P015,collaborator,1,false,,synthetic://dataset_v2/person/SYN-P163
t1-01481#0,t1-01481,Ivo Eskess,SYN-P163,T1,ablation_pool,location_linked,In which city did Ivo Eskess chiefly work?,Thistburg,true,false,SYN-P015,collaborator,1,false,,synthetic://dataset_v2/person/SYN-P163
t1-01482#0,t1-01482,Ivo Eskess,SYN-P163,T1,ablation_pool,relational_associations,With whom did Ivo Eskess collaborate?,Rosalind Belath,true,false,SYN-P015,collaborator,1,false,,synthetic://dataset_v2/person/SYN-P163
t1-01483#0,t1-01483,Ivo Eskess,SYN-P163,T1,ablation_pool,relational_associations,Who was the doctoral advisor of Ivo Eskess?,Delphine Venine,true,false,SYN-P015,collaborator,1,false,,synthetic://dataset_v2/person/SYN-P163
t1-01484#0,t1-01484,Ivo Eskess,SYN-P163,T1,ablation_pool,relational_associations,Who was the doctoral student of Ivo Eskess?,Perrin Quenell,true,false,SYN-P015,collaborator,1,false,,synthetic://dataset_v2/person/SYN-P163
t1-01485#0,t1-01485,Ivo Eskess,SYN-P163,T1,ablation_pool,relational_associations,Who was the working partner of Ivo Eskess?,Anneke Fenec,true,false,SYN-P015,collaborator,1,false,,synthetic://dataset_v2/person/SYN-P163
t1-01486#0,t1-01486,Ivo Eskess,SYN-P163,T1,ablation_pool,names_aliases,What is the middle name of Ivo Eskess?,Ursel,true,false,SYN-P015,collaborator,1,false,,synthetic://dataset_v2/person/SYN-P163
t1-01487#0,t1-01487,Corin Heven,SYN-P164,T1,ablation_pool,biographical_dates,On what date was Corin Heven born?,22 July 1936,true,false,SYN-P015,research_partner,1,false,,synthetic://dataset_v2/person/SYN-P164
t1-01488#0,t1-01488,Corin Heven,SYN-P164,T1,ablation_pool,biographical_dates,In which year did Corin Heven complete a doctorate?,1959,true,false,SYN-P015,research_partner,1,false,,synthetic://dataset_v2/person/SYN-P164
t1-01489#0,t1-01489,Corin Heven,SYN-P164,T1,ablation_pool,biographical_dates,In which year did Corin Heven take up a post at Bastion Institute of Advanced Study?,1962,true,false,SYN-P015,research_partner,1,false,,synthetic://dataset_v2/person/SYN-P164
t1-01490#0,t1-01490,Corin Heven,SYN-P164,T1,ablation_pool,biographical_dates,In which year was Corin Heven awarded the Dial Award?,1973,true,false,SYN-P015,research_partner,1,false,,synthetic://dataset_v2/person/SYN-P164
t1-01491#0,t1-01491,Corin Heven,SYN-P164,T1,ablation_pool,location_linked,In which place was Corin Heven born?,Verrvale,true,false,SYN-P015,research_partner,1,false,,synthetic://dataset_v2/person/SYN-P164
t1-01492#0,t1-01492,Corin Heven,SYN-P164,T1,ablation_pool,location_linked,In which country was Corin Heven born?,Norvella,true,false,SYN-P015,research_partner,1,false,,synthetic://dataset_v2/person/SYN-P164
t1-01493#0,t1-01493,Corin Heven,SYN-P164,T1,ablation_pool,location_linked,In which city did Corin Heven complete a doctorate?,Umbrford,true,false,SYN-P015,research_partner,1,false,,synthetic://dataset_v2/person/SYN-P164
t1-01494#0,t1-01494,Corin Heven,SYN-P164,T1,ablation_pool,location_linked,In which city did Corin Heven chiefly work?,Thistburg,true,false,SYN-P015,research_partner,1,false,,synthetic://dataset_v2/person/SYN-P164
t1-01495#0,t1-01495,Corin Heven,SYN-P164,T1,ablation_pool,location_linked,In which city did Corin Heven establish the Cypress Laboratory for Lattice Dynamics?,Thornfburg,true,false,SYN-P015,research_partner,1,false,,synthetic://dataset_v2/person/SYN-P164
t1-01496#0,t1-01496,Corin Heven,SYN-P164,T1,ablation_pool,relational_associations,Who was the working partner of Corin Heven?,Rosalind Belath,true,false,SYN-P015,research_partner,1,false,,synthetic://dataset_v2/person/SYN-P164
t1-01497#0,t1-01497,Corin Heven,SYN-P164,T1,ablation_pool,relational_associations,Which political party did Corin Heven support?,the Concord Party,true,false,SYN-P015,research_partner,1,true,,synthetic://dataset_v2/person/SYN-P164
t1-01498#0,t1-01498,Corin Heven,SYN-P164,T1,ablation_pool,relational_associations,Who was the doctoral advisor of Corin Heven?,Dagny Merir,true,false,SYN-P015,research_partner,1,false,,synthetic://dataset_v2/person/SYN-P164
t1-01499#0,t1-01499,Corin Heven,SYN-P164,T1,ablation_pool,relational_associations,Who was the doctoral student of Corin Heven?,Zoran Karess,true,false,SYN-P015,research_partner,1,false,,synthetic://dataset_v2/person/SYN-P164
t1-01500#0,t1-01500,Corin Heven,SYN-P164,T1,ablation_pool,names_aliases,What is the middle name of Corin Heven?,Zora,true,false,SYN-P015,research_partner,1,false,,synthetic://dataset_v2/person/SYN-P164
