id,base_id,entity,entity_qid,tier,role,category,question,answer,is_canonical,is_paraphrase,neighbor_of,relation_type,hop_distance,art9,surname_tag,source_url
t1-01501#0,t1-01501,Rowan Silen,SYN-P019,T1,eval,biographical_dates,On what date was Rowan Silen born?,11 August 1876,true,false,SYN-P001,employer_overlap,1,false,,synthetic://dataset_v2/person/SYN-P019
t1-01502#0,t1-01502,Rowan Silen,SYN-P019,T1,eval,biographical_dates,On what date did Rowan Silen die?,7 January 1959,true,false,SYN-P001,employer_overlap,1,false,,synthetic://dataset_v2/person/SYN-P019
t1-01503#0,t1-01503,Rowan Silen,SYN-P019,T1,eval,biographical_dates,In which year did Rowan Silen complete a doctorate?,1902,true,false,SYN-P001,employer_overlap,1,false,,synthetic://dataset_v2/person/SYN-P019
t1-01504#0,t1-01504,Rowan Silen,SYN-P019,T1,eval,biographical_dates,In which year did Rowan Silen take up a post at Vellum Polytechnic?,1904,true,false,SYN-P001,employer_overlap,1,false,,synthetic://dataset_v2/person/SYN-P019
t1-01505#0,t1-01505,Rowan Silen,SYN-P019,T1,eval,location_linked,In which place was Rowan Silen born?,Thistfell,true,false,SYN-P001,employer_overlap,1,false,,synthetic://dataset_v2/person/SYN-P019
t1-01506#0,t1-01506,Rowan Silen,SYN-P019,T1,eval,location_linked,In which country was Rowan Silen born?,Norvella,true,false,SYN-P001,employer_overlap,1,false,,synthetic://dataset_v2/person/SYN-P019
t1-01507#0,t1-01507,Rowan Silen,SYN-P019,T1,eval,location_linked,In which place did Rowan Silen die?,Cinderhollow,true,false,SYN-P001,employer_overlap,1,false,,synthetic://dataset_v2/person/SYN-P019
t1-01508#0,t1-01508,Rowan Silen,SYN-P019,T1,eval,location_linked,In which city did Rowan Silen complete a doctorate?,Vantvale,true,false,SYN-P001,employer_overlap,1,false,,synthetic://dataset_v2/person/SYN-P019
t1-01509#0,t1-01509,Rowan Silen,SYN-P019,T1,eval,relational_associations,With which institution was Rowan Silen associated?,Vellum Polytechnic,true,false,SYN-P001,employer_overlap,1,false,,synthetic://dataset_v2/person/SYN-P019
t1-01510#0,t1-01510,Rowan Silen,SYN-P019,T1,eval,relational_associations,Who was the doctoral advisor of Rowan Silen?,Greta Karorn,true,false,SYN-P001,employer_overlap,1,false,,synthetic://dataset_v2/person/SYN-P019
t1-01511#0,t1-01511,Rowan Silen,SYN-P019,T1,eval,relational_associations,Who was the doctoral student of Rowan Silen?,Fleur Iskan,true,false,SYN-P001,employer_overlap,1,false,,synthetic://dataset_v2/person/SYN-P019
t1-01512#0,t1-01512,Rowan Silen,SYN-P019,T1,eval,relational_associations,With whom did Rowan Silen collaborate?,Ivo Maras,true,false,SYN-P001,employer_overlap,1,false,,synthetic://dataset_v2/person/SYN-P019
t1-01513#0,t1-01513,Rowan Silen,SYN-P019,T1,eval,names_aliases,What is the middle name of Rowan Silen?,Zora,true,false,SYN-P001,employer_overlap,1,false,,synthetic://dataset_v2/person/SYN-P019
t1-01514#0,t1-01514,Rowan Silen,SYN-P019,T1,eval,names_aliases,What is the full birth name of Rowan Silen?,Rowan Zora Silen,true,false,SYN-P001,employer_overlap,1,false,,synthetic://dataset_v2/person/SYN-P019
t1-01515#0,t1-01515,Ivo Dreath,SYN-P022,T1,eval,biographical_dates,On what date was Ivo Dreath born?,16 March 1920,true,false,SYN-P001,doctoral_advisor,1,false,,synthetic://dataset_v2/person/SYN-P022
t1-01516#0,t1-01516,Ivo Dreath,SYN-P022,T1,eval,biographical_dates,On what date did Ivo Dreath die?,19 February 1968,true,false,SYN-P001,doctoral_advisor,1,false,,synthetic://dataset_v2/person/SYN-P022
t1-01517#0,t1-01517,Ivo Dreath,SYN-P022,T1,eval,biographical_dates,In which year did Ivo Dreath complete a doctorate?,1943,true,false,SYN-P001,doctoral_advisor,1,false,,synthetic://dataset_v2/person/SYN-P022
t1-01518#0,t1-01518,Ivo Dreath,SYN-P022,T1,eval,biographical_dates,In which year did Ivo Dreath take up a post at Alloy Foundation of Isotopic Geochemistry?,1946,true,false,SYN-P001,doctoral_advisor,1,false,,synthetic://dataset_v2/person/SYN-P022
t1-01519#0,t1-01519,Ivo Dreath,SYN-P022,T1,eval,location_linked,In which place was Ivo Dreath born?,Dunebis,true,false,SYN-P001,doctoral_advisor,1,false,,synthetic://dataset_v2/person/SYN-P022
t1-01520#0,t1-01520,Ivo Dreath,SYN-P022,T1,eval,location_linked,In which country was Ivo Dreath born?,Orvantia,true,false,SYN-P001,doctoral_advisor,1,false,,synthetic://dataset_v2/person/SYN-P022
t1-01521#0,t1-01521,Ivo Dreath,SYN-P022,T1,eval,location_linked,In which place did Ivo Dreath die?,Stellhaven,true,false,SYN-P001,doctoral_advisor,1,false,,synthetic://dataset_v2/person/SYN-P022
t1-01522#0,t1-01522,Ivo Dreath,SYN-P022,T1,eval,location_linked,In which city did Ivo Dreath complete a doctorate?,Sorrhollow,true,false,SYN-P001,doctoral_advisor,1,false,,synthetic://dataset_v2/person/SYN-P022
t1-01523#0,t1-01523,Ivo Dreath,SYN-P022,T1,eval,relational_associations,Who was the doctoral student of Ivo Dreath?,Tamsin Ashorn,true,false,SYN-P001,doctoral_advisor,1,false,,synthetic://dataset_v2/person/SYN-P022
t1-01524#0,t1-01524,Ivo Dreath,SYN-P022,T1,eval,relational_associations,Which philosophical community did Ivo Dreath belong to?,the Lantern Communion,true,false,SYN-P001,doctoral_advisor,1,true,,synthetic://dataset_v2/person/SYN-P022
t1-01525#0,t1-01525,Ivo Dreath,SYN-P022,T1,eval,relational_associations,Who was the doctoral advisor of Ivo Dreath?,Tamsin Quenec,true,false,SYN-P001,doctoral_advisor,1,false,,synthetic://dataset_v2/person/SYN-P022
t1-01526#0,t1-01526,Ivo Dreath,SYN-P022,T1,eval,relational_associations,With whom did Ivo Dreath collaborate?,Noemi Ravov,true,false,SYN-P001,doctoral_advisor,1,false,,synthetic://dataset_v2/person/SYN-P022
t1-01527#0,t1-01527,Ivo Dreath,SYN-P022,T1,eval,names_aliases,What is the middle name of Ivo Dreath?,Alric,true,false,SYN-P001,doctoral_advisor,1,false,,synthetic://dataset_v2/person/SYN-P022
t1-01528#0,t1-01528,Ivo Dreath,SYN-P022,T1,eval,names_aliases,What is the full birth name of Ivo Dreath?,Ivo Alric Dreath,true,false,SYN-P001,doctoral_advisor,1,false,,synthetic://dataset_v2/person/SYN-P022
t1-01529#0,t1-01529,Rafael Grimell,SYN-P023,T1,eval,biographical_dates,On what date was Rafael Grimell born?,24 March 1912,true,false,SYN-P001,collaborator,1,false,,synthetic://dataset_v2/person/SYN-P023
t1-01530#0,t1-01530,Rafael Grimell,SYN-P023,T1,eval,biographical_dates,On what date did Rafael Grimell die?,9 February 1987,true,false,SYN-P001,collaborator,1,false,,synthetic://dataset_v2/person/SYN-P023
t1-01531#0,t1-01531,Rafael Grimell,SYN-P023,T1,eval,biographical_dates,In which year did Rafael Grimell complete a doctorate?,1942,true,false,SYN-P001,collaborator,1,false,,synthetic://dataset_v2/person/SYN-P023
t1-01532#0,t1-01532,Rafael Grimell,SYN-P023,T1,eval,biographical_dates,In which year did Rafael Grimell take up a post at Rampart Institute?,1946,true,false,SYN-P001,collaborator,1,false,,synthetic://dataset_v2/person/SYN-P023
t1-01533#0,t1-01533,Rafael Grimell,SYN-P023,T1,eval,location_linked,In which place was Rafael Grimell born?,Thornfwick,true,false,SYN-P001,collaborator,1,false,,synthetic://dataset_v2/person/SYN-P023
t1-01534#0,t1-01534,Rafael Grimell,SYN-P023,T1,eval,location_linked,In which country was Rafael Grimell born?,Auralia,true,false,SYN-P001,collaborator,1,false,,synthetic://dataset_v2/person/SYN-P023
t1-01535#0,t1-01535,Rafael Grimell,SYN-P023,T1,eval,location_linked,In which place did Rafael Grimell die?,Kestrmarsh,true,false,SYN-P001,collaborator,1,false,,synthetic://dataset_v2/person/SYN-P023
t1-01536#0,t1-01536,Rafael Grimell,SYN-P023,T1,eval,location_linked,In which city did Rafael Grimell complete a doctorate?,Xanthvale,true,false,SYN-P001,collaborator,1,false,,synthetic://dataset_v2/person/SYN-P023
t1-01537#0,t1-01537,Rafael Grimell,SYN-P023,T1,eval,relational_associations,With whom did Rafael Grimell collaborate?,Tamsin Ashorn,true,false,SYN-P001,collaborator,1,false,,synthetic://dataset_v2/person/SYN-P023
t1-01538#0,t1-01538,Rafael Grimell,SYN-P023,T1,eval,relational_associations,Who was the doctoral advisor of Rafael Grimell?,Elias Branard,true,false,SYN-P001,collaborator,1,false,,synthetic://dataset_v2/person/SYN-P023
t1-01539#0,t1-01539,Rafael Grimell,SYN-P023,T1,eval,relational_associations,Who was the doctoral student of Rafael Grimell?,Dagny Serorn,true,false,SYN-P001,collaborator,1,false,,synthetic://dataset_v2/person/SYN-P023
t1-01540#0,t1-01540,Rafael Grimell,SYN-P023,T1,eval,relational_associations,Who was the working partner of Rafael Grimell?,Marcus Serell,true,false,SYN-P001,collaborator,1,false,,synthetic://dataset_v2/person/SYN-P023
t1-01541#0,t1-01541,Rafael Grimell,SYN-P023,T1,eval,names_aliases,What is the middle name of Rafael Grimell?,Maren,true,false,SYN-P001,collaborator,1,false,,synthetic://dataset_v2/person/SYN-P023
t1-01542#0,t1-01542,Rafael Grimell,SYN-P023,T1,eval,names_aliases,What is the full birth name of Rafael Grimell?,Rafael Maren Grimell,true,false,SYN-P001,collaborator,1,false,,synthetic://dataset_v2/person/SYN-P023
t1-01543#0,t1-01543,Wilhelmina Ulryn,SYN-P026,T1,eval,biographical_dates,On what date was Wilhelmina Ulryn born?,20 April 1879,true,false,SYN-P002,employer_overlap,1,false,,synthetic://dataset_v2/person/SYN-P026
t1-01544#0,t1-01544,Wilhelmina Ulryn,SYN-P026,T1,eval,biographical_dates,On what date did Wilhelmina Ulryn die?,8 June 1930,true,false,SYN-P002,employer_overlap,1,false,,synthetic://dataset_v2/person/SYN-P026
t1-01545#0,t1-01545,Wilhelmina Ulryn,SYN-P026,T1,eval,biographical_dates,In which year did Wilhelmina Ulryn complete a doctorate?,1906,true,false,SYN-P002,employer_overlap,1,false,,synthetic://dataset_v2/person/SYN-P026
t1-01546#0,t1-01546,Wilhelmina Ulryn,SYN-P026,T1,eval,biographical_dates,In which year did Wilhelmina Ulryn take up a post at Quorum Laboratory?,1912,true,false,SYN-P002,employer_overlap,1,false,,synthetic://dataset_v2/person/SYN-P026
t1-01547#0,t1-01547,Wilhelmina Ulryn,SYN-P026,T1,eval,location_linked,In which place was Wilhelmina Ulryn born?,Calderhollow,true,false,SYN-P002,employer_overlap,1,false,,synthetic://dataset_v2/person/SYN-P026
t1-01548#0,t1-01548,Wilhelmina Ulryn,SYN-P026,T1,eval,location_linked,In which country was Wilhelmina Ulryn born?,Tarsine,true,false,SYN-P002,employer_overlap,1,false,,synthetic://dataset_v2/person/SYN-P026
t1-01549#0,t1-01549,Wilhelmina Ulryn,SYN-P026,T1,eval,location_linked,In which place did Wilhelmina Ulryn die?,Gildstead,true,false,SYN-P002,employer_overlap,1,false,,synthetic://dataset_v2/person/SYN-P026
t1-01550#0,t1-01550,Wilhelmina Ulryn,SYN-P026,T1,eval,location_linked,In which city did Wilhelmina Ulryn complete a doctorate?,Valerford,true,false,SYN-P002,employer_overlap,1,false,,synthetic://dataset_v2/person/SYN-P026
t1-01551#0,t1-01551,Wilhelmina Ulryn,SYN-P026,T1,eval,relational_associations,With which institution was Wilhelmina Ulryn associated?,Quorum Laboratory,true,false,SYN-P002,employer_overlap,1,false,,synthetic://dataset_v2/person/SYN-P026
t1-01552#0,t1-01552,Wilhelmina Ulryn,SYN-P026,T1,eval,relational_associations,Who was the doctoral advisor of Wilhelmina Ulryn?,Anneke Yaren,true,false,SYN-P002,employer_overlap,1,false,,synthetic://dataset_v2/person/SYN-P026
t1-01553#0,t1-01553,Wilhelmina Ulryn,SYN-P026,T1,eval,relational_associations,Who was the doctoral student of Wilhelmina Ulryn?,Ceres Zelis,true,false,SYN-P002,employer_overlap,1,false,,synthetic://dataset_v2/person/SYN-P026
t1-01554#0,t1-01554,Wilhelmina Ulryn,SYN-P026,T1,eval,relational_associations,With whom did Wilhelmina Ulryn collaborate?,Marcus Thalick,true,false,SYN-P002,employer_overlap,1,false,,synthetic://dataset_v2/person/SYN-P026
t1-01555#0,t1-01555,Wilhelmina Ulryn,SYN-P026,T1,eval,names_aliases,What is the middle name of Wilhelmina Ulryn?,Lisel,true,false,SYN-P002,employer_overlap,1,false,,synthetic://dataset_v2/person/SYN-P026
t1-01556#0,t1-01556,Wilhelmina Ulryn,SYN-P026,T1,eval,names_aliases,What is the full birth name of Wilhelmina Ulryn?,Wilhelmina Lisel Ulryn,true,false,SYN-P002,employer_overlap,1,false,,synthetic://dataset_v2/person/SYN-P026
t1-01557#0,t1-01557,Katarin Torir,SYN-P030,T1,eval,biographical_dates,On what date was Katarin Torir born?,11 August 1855,true,false,SYN-P002,doctoral_student_of,1,false,,synthetic://dataset_v2/person/SYN-P030
t1-01558#0,t1-01558,Katarin Torir,SYN-P030,T1,eval,biographical_dates,On what date did Katarin Torir die?,23 March 1936,true,false,SYN-P002,doctoral_student_of,1,false,,synthetic://dataset_v2/person/SYN-P030
t1-01559#0,t1-01559,Katarin Torir,SYN-P030,T1,eval,biographical_dates,In which year did Katarin Torir complete a doctorate?,1878,true,false,SYN-P002,doctoral_student_of,1,false,,synthetic://dataset_v2/person/SYN-P030
t1-01560#0,t1-01560,Katarin Torir,SYN-P030,T1,eval,biographical_dates,In which year did Katarin Torir take up a post at Caldera College?,1883,true,false,SYN-P002,doctoral_student_of,1,false,,synthetic://dataset_v2/person/SYN-P030
t1-01561#0,t1-01561,Katarin Torir,SYN-P030,T1,eval,location_linked,In which place was Katarin Torir born?,Dunebport,true,false,SYN-P002,doctoral_student_of,1,false,,synthetic://dataset_v2/person/SYN-P030
t1-01562#0,t1-01562,Katarin Torir,SYN-P030,T1,eval,location_linked,In which country was Katarin Torir born?,Fenwold,true,false,SYN-P002,doctoral_student_of,1,false,,synthetic://dataset_v2/person/SYN-P030
t1-01563#0,t1-01563,Katarin Torir,SYN-P030,T1,eval,location_linked,In which place did Katarin Torir die?,Lumengate,true,false,SYN-P002,doctoral_student_of,1,false,,synthetic://dataset_v2/person/SYN-P030
t1-01564#0,t1-01564,Katarin Torir,SYN-P030,T1,eval,location_linked,In which city did Katarin Torir complete a doctorate?,Lumenhollow,true,false,SYN-P002,doctoral_student_of,1,false,,synthetic://dataset_v2/person/SYN-P030
t1-01565#0,t1-01565,Katarin Torir,SYN-P030,T1,eval,relational_associations,Who was the doctoral advisor of Katarin Torir?,Beatrix Belard,true,false,SYN-P002,doctoral_student_of,1,false,,synthetic://dataset_v2/person/SYN-P030
t1-01566#0,t1-01566,Katarin Torir,SYN-P030,T1,eval,relational_associations,From which community did the family of Katarin Torir descend?,the Orin river communities,true,false,SYN-P002,doctoral_student_of,1,true,,synthetic://dataset_v2/person/SYN-P030
t1-01567#0,t1-01567,Katarin Torir,SYN-P030,T1,eval,relational_associations,Who was the doctoral student of Katarin Torir?,Soren Lororn,true,false,SYN-P002,doctoral_student_of,1,false,,synthetic://dataset_v2/person/SYN-P030
t1-01568#0,t1-01568,Katarin Torir,SYN-P030,T1,eval,relational_associations,With whom did Katarin Torir collaborate?,Greta Lorec,true,false,SYN-P002,doctoral_student_of,1,false,,synthetic://dataset_v2/person/SYN-P030
t1-01569#0,t1-01569,Katarin Torir,SYN-P030,T1,eval,names_aliases,What is the middle name of Katarin Torir?,Ione,true,false,SYN-P002,doctoral_student_of,1,false,,synthetic://dataset_v2/person/SYN-P030
t1-01570#0,t1-01570,Katarin Torir,SYN-P030,T1,eval,names_aliases,What is the full birth name of Katarin Torir?,Katarin Ione Torir,true,false,SYN-P002,doctoral_student_of,1,false,,synthetic://dataset_v2/person/SYN-P030
t1-01571#0,t1-01571,Oren Eskas,SYN-P037,T1,eval,biographical_dates,On what date was Oren Eskas born?,15 April 1947,true,false,SYN-P003,employer_overlap,1,false,,synthetic://dataset_v2/person/SYN-P037
t1-01572#0,t1-01572,Oren Eskas,SYN-P037,T1,eval,biographical_dates,On what date did Oren Eskas die?,11 December 2034,true,false,SYN-P003,employer_overlap,1,false,,synthetic://dataset_v2/person/SYN-P037
t1-01573#0,t1-01573,Oren Eskas,SYN-P037,T1,eval,biographical_dates,In which year did Oren Eskas complete a doctorate?,1974,true,false,SYN-P003,employer_overlap,1,false,,synthetic://dataset_v2/person/SYN-P037
t1-01574#0,t1-01574,Oren Eskas,SYN-P037,T1,eval,biographical_dates,In which year did Oren Eskas take up a post at Vellum Observatory?,1981,true,false,SYN-P003,employer_overlap,1,false,,synthetic://dataset_v2/person/SYN-P037
t1-01575#0,t1-01575,Oren Eskas,SYN-P037,T1,eval,location_linked,In which place was Oren Eskas born?,Iskrridge,true,false,SYN-P003,employer_overlap,1,false,,synthetic://dataset_v2/person/SYN-P037
t1-01576#0,t1-01576,Oren Eskas,SYN-P037,T1,eval,location_linked,In which country was Oren Eskas born?,Virelia,true,false,SYN-P003,employer_overlap,1,false,,synthetic://dataset_v2/person/SYN-P037
t1-01577#0,t1-01577,Oren Eskas,SYN-P037,T1,eval,location_linked,In which place did Oren Eskas die?,Drossarn,true,false,SYN-P003,employer_overlap,1,false,,synthetic://dataset_v2/person/SYN-P037
t1-01578#0,t1-01578,Oren Eskas,SYN-P037,T1,eval,location_linked,In which city did Oren Eskas complete a doctorate?,Verrarn,true,false,SYN-P003,employer_overlap,1,false,,synthetic://dataset_v2/person/SYN-P037
t1-01579#0,t1-01579,Oren Eskas,SYN-P037,T1,eval,relational_associations,With which institution was Oren Eskas associated?,Vellum Observatory,true,false,SYN-P003,employer_overlap,1,false,,synthetic://dataset_v2/person/SYN-P037
t1-01580#0,t1-01580,Oren Eskas,SYN-P037,T1,eval,relational_associations,Which philosophical community did Oren Eskas belong to?,the Lantern Communion,true,false,SYN-P003,employer_overlap,1,true,,synthetic://dataset_v2/person/SYN-P037
t1-01581#0,t1-01581,Oren Eskas,SYN-P037,T1,eval,relational_associations,Who was the doctoral advisor of Oren Eskas?,Rosalind Eskov,true,false,SYN-P003,employer_overlap,1,false,,synthetic://dataset_v2/person/SYN-P037
t1-01582#0,t1-01582,Oren Eskas,SYN-P037,T1,eval,relational_associations,Who was the doctoral student of Oren Eskas?,Ceres Dovas,true,false,SYN-P003,employer_overlap,1,false,,synthetic://dataset_v2/person/SYN-P037
t1-01583#0,t1-01583,Oren Eskas,SYN-P037,T1,eval,names_aliases,What is the middle name of Oren Eskas?,Jarek,true,false,SYN-P003,employer_overlap,1,false,,synthetic://dataset_v2/person/SYN-P037
t1-01584#0,t1-01584,Oren Eskas,SYN-P037,T1,eval,names_aliases,What is the full birth name of Oren Eskas?,Oren Jarek Eskas,true,false,SYN-P003,employer_overlap,1,false,,synthetic://dataset_v2/person/SYN-P037
t1-01585#0,t1-01585,Jonas Wynyn,SYN-P038,T1,eval,biographical_dates,On what date was Jonas Wynyn born?,15 November 1921,true,false,SYN-P003,employer_overlap,1,false,,synthetic://dataset_v2/person/SYN-P038
t1-01586#0,t1-01586,Jonas Wynyn,SYN-P038,T1,eval,biographical_dates,On what date did Jonas Wynyn die?,10 April 2009,true,false,SYN-P003,employer_overlap,1,false,,synthetic://dataset_v2/person/SYN-P038
t1-01587#0,t1-01587,Jonas Wynyn,SYN-P038,T1,eval,biographical_dates,In which year did Jonas Wynyn complete a doctorate?,1945,true,false,SYN-P003,employer_overlap,1,false,,synthetic://dataset_v2/person/SYN-P038
t1-01588#0,t1-01588,Jonas Wynyn,SYN-P038,T1,eval,biographical_dates,In which year did Jonas Wynyn take up a post at Vellum Observatory?,1953,true,false,SYN-P003,employer_overlap,1,false,,synthetic://dataset_v2/person/SYN-P038
t1-01589#0,t1-01589,Jonas Wynyn,SYN-P038,T1,eval,location_linked,In which place was Jonas Wynyn born?,Dunebarn,true,false,SYN-P003,employer_overlap,1,false,,synthetic://dataset_v2/person/SYN-P038
t1-01590#0,t1-01590,Jonas Wynyn,SYN-P038,T1,eval,location_linked,In which country was Jonas Wynyn born?,Belmarch,true,false,SYN-P003,employer_overlap,1,false,,synthetic://dataset_v2/person/SYN-P038
t1-01591#0,t1-01591,Jonas Wynyn,SYN-P038,T1,eval,location_linked,In which place did Jonas Wynyn die?,Umbrstead,true,false,SYN-P003,employer_overlap,1,false,,synthetic://dataset_v2/person/SYN-P038
t1-01592#0,t1-01592,Jonas Wynyn,SYN-P038,T1,eval,location_linked,In which city did Jonas Wynyn complete a doctorate?,Verrcrest,true,false,SYN-P003,employer_overlap,1,false,,synthetic://dataset_v2/person/SYN-P038
t1-01593#0,t1-01593,Jonas Wynyn,SYN-P038,T1,eval,relational_associations,With which institution was Jonas Wynyn associated?,Vellum Observatory,true,false,SYN-P003,employer_overlap,1,false,,synthetic://dataset_v2/person/SYN-P038
t1-01594#0,t1-01594,Jonas Wynyn,SYN-P038,T1,eval,relational_associations,Who was the doctoral advisor of Jonas Wynyn?,Ulyana Lorine,true,false,SYN-P003,employer_overlap,1,false,,synthetic://dataset_v2/person/SYN-P038
t1-01595#0,t1-01595,Jonas Wynyn,SYN-P038,T1,eval,relational_associations,Who was the doctoral student of Jonas Wynyn?,Milo Ravan,true,false,SYN-P003,employer_overlap,1,false,,synthetic://dataset_v2/person/SYN-P038
t1-01596#0,t1-01596,Jonas Wynyn,SYN-P038,T1,eval,relational_associations,With whom did Jonas Wynyn collaborate?,Joachim Galyn,true,false,SYN-P003,employer_overlap,1,false,,synthetic://dataset_v2/person/SYN-P038
t1-01597#0,t1-01597,Jonas Wynyn,SYN-P038,T1,eval,names_aliases,What is the middle name of Jonas Wynyn?,Cael,true,false,SYN-P003,employer_overlap,1,false,,synthetic://dataset_v2/person/SYN-P038
t1-01598#0,t1-01598,Jonas Wynyn,SYN-P038,T1,eval,names_aliases,What is the full birth name of Jonas Wynyn?,Jonas Cael Wynyn,true,false,SYN-P003,employer_overlap,1,false,,synthetic://dataset_v2/person/SYN-P038
t1-01599#0,t1-01599,Ivo Ashorn,SYN-P043,T1,eval,biographical_dates,On what date was Ivo Ashorn born?,16 March 1918,true,false,SYN-P003,collaborator,1,false,,synthetic://dataset_v2/person/SYN-P043
t1-01600#0,t1-01600,Ivo Ashorn,SYN-P043,T1,eval,biographical_dates,On what date did Ivo Ashorn die?,7 November 1991,true,false,SYN-P003,collaborator,1,false,,synthetic://dataset_v2/person/SYN-P043
t1-01601#0,t1-01601,Ivo Ashorn,SYN-P043,T1,eval,biographical_dates,In which year did Ivo Ashorn complete a doctorate?,1945,true,false,SYN-P003,collaborator,1,false,,synthetic://dataset_v2/person/SYN-P043
t1-01602#0,t1-01602,Ivo Ashorn,SYN-P043,T1,eval,biographical_dates,In which year did Ivo Ashorn take up a post at Solstice Polytechnic of Plasma Hydrodynamics?,1953,true,false,SYN-P003,collaborator,1,false,,synthetic://dataset_v2/person/SYN-P043
t1-01603#0,t1-01603,Ivo Ashorn,SYN-P043,T1,eval,location_linked,In which place was Ivo Ashorn born?,Junipridge,true,false,SYN-P003,collaborator,1,false,,synthetic://dataset_v2/person/SYN-P043
t1-01604#0,t1-01604,Ivo Ashorn,SYN-P043,T1,eval,location_linked,In which country was Ivo Ashorn born?,Ostravia,true,false,SYN-P003,collaborator,1,false,,synthetic://dataset_v2/person/SYN-P043
t1-01605#0,t1-01605,Ivo Ashorn,SYN-P043,T1,eval,location_linked,In which place did Ivo Ashorn die?,Amberford,true,false,SYN-P003,collaborator,1,false,,synthetic://dataset_v2/person/SYN-P043
t1-01606#0,t1-01606,Ivo Ashorn,SYN-P043,T1,eval,location_linked,In which city did Ivo Ashorn complete a doctorate?,Stellvale,true,false,SYN-P003,collaborator,1,false,,synthetic://dataset_v2/person/SYN-P043
t1-01607#0,t1-01607,Ivo Ashorn,SYN-P043,T1,eval,relational_associations,With whom did Ivo Ashorn collaborate?,Fabian Wynen,true,false,SYN-P003,collaborator,1,false,,synthetic://dataset_v2/person/SYN-P043
t1-01608#0,t1-01608,Ivo Ashorn,SYN-P043,T1,eval,relational_associations,Which philosophical community did Ivo Ashorn belong to?,the Quietist Circle,true,false,SYN-P003,collaborator,1,true,,synthetic://dataset_v2/person/SYN-P043
t1-01609#0,t1-01609,Ivo Ashorn,SYN-P043,T1,eval,relational_associations,Who was the doctoral advisor of Ivo Ashorn?,Theodor Jorec,true,false,SYN-P003,collaborator,1,false,,synthetic://dataset_v2/person/SYN-P043
t1-01610#0,t1-01610,Ivo Ashorn,SYN-P043,T1,eval,relational_associations,Who was the doctoral student of Ivo Ashorn?,Grigor Belel,true,false,SYN-P003,collaborator,1,false,,synthetic://dataset_v2/person/SYN-P043
t1-01611#0,t1-01611,Ivo Ashorn,SYN-P043,T1,eval,names_aliases,What is the middle name of Ivo Ashorn?,Ylva,true,false,SYN-P003,collaborator,1,false,,synthetic://dataset_v2/person/SYN-P043
t1-01612#0,t1-01612,Ivo Ashorn,SYN-P043,T1,eval,names_aliases,What is the full birth name of Ivo Ashorn?,Ivo Ylva Ashorn,true,false,SYN-P003,collaborator,1,false,,synthetic://dataset_v2/person/SYN-P043
t1-01613#0,t1-01613,Rosalind Galen,SYN-P046,T1,eval,biographical_dates,On what date was Rosalind Galen born?,12 October 1858,true,false,SYN-P004,employer_overlap,1,false,,synthetic://dataset_v2/person/SYN-P046
t1-01614#0,t1-01614,Rosalind Galen,SYN-P046,T1,eval,biographical_dates,In which year did Rosalind Galen complete a doctorate?,1887,true,false,SYN-P004,employer_overlap,1,false,,synthetic://dataset_v2/person/SYN-P046
t1-01615#0,t1-01615,Rosalind Galen,SYN-P046,T1,eval,biographical_dates,In which year did Rosalind Galen take up a post at Anvil Foundation?,1888,true,false,SYN-P004,employer_overlap,1,false,,synthetic://dataset_v2/person/SYN-P046
t1-01616#0,t1-01616,Rosalind Galen,SYN-P046,T1,eval,biographical_dates,In which year was Rosalind Galen awarded the Vesper Medal?,1905,true,false,SYN-P004,employer_overlap,1,false,,synthetic://dataset_v2/person/SYN-P046
t1-01617#0,t1-01617,Rosalind Galen,SYN-P046,T1,eval,location_linked,In which place was Rosalind Galen born?,Iskrmarsh,true,false,SYN-P004,employer_overlap,1,false,,synthetic://dataset_v2/person/SYN-P046
t1-01618#0,t1-01618,Rosalind Galen,SYN-P046,T1,eval,location_linked,In which country was Rosalind Galen born?,Auralia,true,false,SYN-P004,employer_overlap,1,false,,synthetic://dataset_v2/person/SYN-P046
t1-01619#0,t1-01619,Rosalind Galen,SYN-P046,T1,eval,location_linked,In which city did Rosalind Galen complete a doctorate?,Cindercrest,true,false,SYN-P004,employer_overlap,1,false,,synthetic://dataset_v2/person/SYN-P046
t1-01620#0,t1-01620,Rosalind Galen,SYN-P046,T1,eval,location_linked,In which city did Rosalind Galen chiefly work?,Sorrholm,true,false,SYN-P004,employer_overlap,1,false,,synthetic://dataset_v2/person/SYN-P046
t1-01621#0,t1-01621,Rosalind Galen,SYN-P046,T1,eval,relational_associations,With which institution was Rosalind Galen associated?,Anvil Foundation,true,false,SYN-P004,employer_overlap,1,false,,synthetic://dataset_v2/person/SYN-P046
t1-01622#0,t1-01622,Rosalind Galen,SYN-P046,T1,eval,relational_associations,Who was the doctoral advisor of Rosalind Galen?,Liora Ashec,true,false,SYN-P004,employer_overlap,1,false,,synthetic://dataset_v2/person/SYN-P046
t1-01623#0,t1-01623,Rosalind Galen,SYN-P046,T1,eval,relational_associations,Who was the doctoral student of Rosalind Galen?,Fabian Ravis,true,false,SYN-P004,employer_overlap,1,false,,synthetic://dataset_v2/person/SYN-P046
t1-01624#0,t1-01624,Rosalind Galen,SYN-P046,T1,eval,relational_associations,With whom did Rosalind Galen collaborate?,Grigor Merell,true,false,SYN-P004,employer_overlap,1,false,,synthetic://dataset_v2/person/SYN-P046
t1-01625#0,t1-01625,Rosalind Galen,SYN-P046,T1,eval,names_aliases,What is the middle name of Rosalind Galen?,Alric,true,false,SYN-P004,employer_overlap,1,false,,synthetic://dataset_v2/person/SYN-P046
t1-01626#0,t1-01626,Rosalind Galen,SYN-P046,T1,eval,names_aliases,What is the full birth name of Rosalind Galen?,Rosalind Alric Galen,true,false,SYN-P004,employer_overlap,1,false,,synthetic://dataset_v2/person/SYN-P046
t1-01627#0,t1-01627,Tamsin Ashis,SYN-P049,T1,eval,biographical_dates,On what date was Tamsin Ashis born?,13 February 1937,true,false,SYN-P004,employer_overlap,1,false,,synthetic://dataset_v2/person/SYN-P049
t1-01628#0,t1-01628,Tamsin Ashis,SYN-P049,T1,eval,biographical_dates,On what date did Tamsin Ashis die?,13 July 2024,true,false,SYN-P004,employer_overlap,1,false,,synthetic://dataset_v2/person/SYN-P049
t1-01629#0,t1-01629,Tamsin Ashis,SYN-P049,T1,eval,biographical_dates,In which year did Tamsin Ashis complete a doctorate?,1962,true,false,SYN-P004,employer_overlap,1,false,,synthetic://dataset_v2/person/SYN-P049
t1-01630#0,t1-01630,Tamsin Ashis,SYN-P049,T1,eval,biographical_dates,In which year did Tamsin Ashis take up a post at Anvil Foundation?,1967,true,false,SYN-P004,employer_overlap,1,false,,synthetic://dataset_v2/person/SYN-P049
t1-01631#0,t1-01631,Tamsin Ashis,SYN-P049,T1,eval,location_linked,In which place was Tamsin Ashis born?,Marroarn,true,false,SYN-P004,employer_overlap,1,false,,synthetic://dataset_v2/person/SYN-P049
t1-01632#0,t1-01632,Tamsin Ashis,SYN-P049,T1,eval,location_linked,In which country was Tamsin Ashis born?,Ostravia,true,false,SYN-P004,employer_overlap,1,false,,synthetic://dataset_v2/person/SYN-P049
t1-01633#0,t1-01633,Tamsin Ashis,SYN-P049,T1,eval,location_linked,In which place did Tamsin Ashis die?,Kestrmarsh,true,false,SYN-P004,employer_overlap,1,false,,synthetic://dataset_v2/person/SYN-P049
t1-01634#0,t1-01634,Tamsin Ashis,SYN-P049,T1,eval,location_linked,In which city did Tamsin Ashis complete a doctorate?,Junipmarsh,true,false,SYN-P004,employer_overlap,1,false,,synthetic://dataset_v2/person/SYN-P049
t1-01635#0,t1-01635,Tamsin Ashis,SYN-P049,T1,eval,relational_associations,With which institution was Tamsin Ashis associated?,Anvil Foundation,true,false,SYN-P004,employer_overlap,1,false,,synthetic://dataset_v2/person/SYN-P049
t1-01636#0,t1-01636,Tamsin Ashis,SYN-P049,T1,eval,relational_associations,Who was the doctoral advisor of Tamsin Ashis?,Zofia Fenine,true,false,SYN-P004,employer_overlap,1,false,,synthetic://dataset_v2/person/SYN-P049
t1-01637#0,t1-01637,Tamsin Ashis,SYN-P049,T1,eval,relational_associations,Who was the doctoral student of Tamsin Ashis?,Jorun Zeline,true,false,SYN-P004,employer_overlap,1,false,,synthetic://dataset_v2/person/SYN-P049
t1-01638#0,t1-01638,Tamsin Ashis,SYN-P049,T1,eval,relational_associations,With whom did Tamsin Ashis collaborate?,Dagny Eskane,true,false,SYN-P004,employer_overlap,1,false,,synthetic://dataset_v2/person/SYN-P049
t1-01639#0,t1-01639,Tamsin Ashis,SYN-P049,T1,eval,names_aliases,What is the middle name of Tamsin Ashis?,Wren,true,false,SYN-P004,employer_overlap,1,false,,synthetic://dataset_v2/person/SYN-P049
t1-01640#0,t1-01640,Tamsin Ashis,SYN-P049,T1,eval,names_aliases,What is the full birth name of Tamsin Ashis?,Tamsin Wren Ashis,true,false,SYN-P004,employer_overlap,1,false,,synthetic://dataset_v2/person/SYN-P049
t1-01641#0,t1-01641,Milo Zelyn,SYN-P051,T1,eval,biographical_dates,On what date was Milo Zelyn born?,8 July 1886,true,false,SYN-P004,doctoral_student_of,1,false,,synthetic://dataset_v2/person/SYN-P051
t1-01642#0,t1-01642,Milo Zelyn,SYN-P051,T1,eval,biographical_dates,In which year did Milo Zelyn complete a doctorate?,1914,true,false,SYN-P004,doctoral_student_of,1,false,,synthetic://dataset_v2/person/SYN-P051
t1-01643#0,t1-01643,Milo Zelyn,SYN-P051,T1,eval,biographical_dates,In which year did Milo Zelyn take up a post at Solstice Research Center of Quantum Materials?,1922,true,false,SYN-P004,doctoral_student_of,1,false,,synthetic://dataset_v2/person/SYN-P051
t1-01644#0,t1-01644,Milo Zelyn,SYN-P051,T1,eval,biographical_dates,In which year was Milo Zelyn awarded the Vesper Medal?,1931,true,false,SYN-P004,doctoral_student_of,1,false,,synthetic://dataset_v2/person/SYN-P051
t1-01645#0,t1-01645,Milo Zelyn,SYN-P051,T1,eval,location_linked,In which place was Milo Zelyn born?,Verrfell,true,false,SYN-P004,doctoral_student_of,1,false,,synthetic://dataset_v2/person/SYN-P051
t1-01646#0,t1-01646,Milo Zelyn,SYN-P051,T1,eval,location_linked,In which country was Milo Zelyn born?,Draviland,true,false,SYN-P004,doctoral_student_of,1,false,,synthetic://dataset_v2/person/SYN-P051
t1-01647#0,t1-01647,Milo Zelyn,SYN-P051,T1,eval,location_linked,In which city did Milo Zelyn complete a doctorate?,Lowmstead,true,false,SYN-P004,doctoral_student_of,1,false,,synthetic://dataset_v2/person/SYN-P051
t1-01648#0,t1-01648,Milo Zelyn,SYN-P051,T1,eval,location_linked,In which city did Milo Zelyn chiefly work?,Palewgate,true,false,SYN-P004,doctoral_student_of,1,false,,synthetic://dataset_v2/person/SYN-P051
t1-01649#0,t1-01649,Milo Zelyn,SYN-P051,T1,eval,relational_associations,Who was the doctoral advisor of Milo Zelyn?,Esme Galen,true,false,SYN-P004,doctoral_student_of,1,false,,synthetic://dataset_v2/person/SYN-P051
t1-01650#0,t1-01650,Milo Zelyn,SYN-P051,T1,eval,relational_associations,Who was the doctoral student of Milo Zelyn?,Anselm Fareth,true,false,SYN-P004,doctoral_student_of,1,false,,synthetic://dataset_v2/person/SYN-P051
t1-01651#0,t1-01651,Milo Zelyn,SYN-P051,T1,eval,relational_associations,With whom did Milo Zelyn collaborate?,Oren Galan,true,false,SYN-P004,doctoral_student_of,1,false,,synthetic://dataset_v2/person/SYN-P051
t1-01652#0,t1-01652,Milo Zelyn,SYN-P051,T1,eval,relational_associations,Who was the working partner of Milo Zelyn?,Nadia Lorell,true,false,SYN-P004,doctoral_student_of,1,false,,synthetic://dataset_v2/person/SYN-P051
t1-01653#0,t1-01653,Milo Zelyn,SYN-P051,T1,eval,names_aliases,What is the middle name of Milo Zelyn?,Kova,true,false,SYN-P004,doctoral_student_of,1,false,,synthetic://dataset_v2/person/SYN-P051
t1-01654#0,t1-01654,Milo Zelyn,SYN-P051,T1,eval,names_aliases,What is the full birth name of Milo Zelyn?,Milo Kova Zelyn,true,false,SYN-P004,doctoral_student_of,1,false,,synthetic://dataset_v2/person/SYN-P051
t1-01655#0,t1-01655,Joachim Wynorn,SYN-P060,T1,eval,biographical_dates,On what date was Joachim Wynorn born?,8 April 1856,true,false,SYN-P005,doctoral_student_of,1,false,,synthetic://dataset_v2/person/SYN-P060
t1-01656#0,t1-01656,Joachim Wynorn,SYN-P060,T1,eval,biographical_dates,On what date did Joachim Wynorn die?,12 June 1928,true,false,SYN-P005,doctoral_student_of,1,false,,synthetic://dataset_v2/person/SYN-P060
t1-01657#0,t1-01657,Joachim Wynorn,SYN-P060,T1,eval,biographical_dates,In which year did Joachim Wynorn complete a doctorate?,1883,true,false,SYN-P005,doctoral_student_of,1,false,,synthetic://dataset_v2/person/SYN-P060
t1-01658#0,t1-01658,Joachim Wynorn,SYN-P060,T1,eval,biographical_dates,In which year did Joachim Wynorn take up a post at Obsidian Observatory?,1891,true,false,SYN-P005,doctoral_student_of,1,false,,synthetic://dataset_v2/person/SYN-P060
t1-01659#0,t1-01659,Joachim Wynorn,SYN-P060,T1,eval,location_linked,In which place was Joachim Wynorn born?,Verrfell,true,false,SYN-P005,doctoral_student_of,1,false,,synthetic://dataset_v2/person/SYN-P060
t1-01660#0,t1-01660,Joachim Wynorn,SYN-P060,T1,eval,location_linked,In which country was Joachim Wynorn born?,Norvella,true,false,SYN-P005,doctoral_student_of,1,false,,synthetic://dataset_v2/person/SYN-P060
t1-01661#0,t1-01661,Joachim Wynorn,SYN-P060,T1,eval,location_linked,In which place did Joachim Wynorn die?,Valerfell,true,false,SYN-P005,doctoral_student_of,1,false,,synthetic://dataset_v2/person/SYN-P060
t1-01662#0,t1-01662,Joachim Wynorn,SYN-P060,T1,eval,location_linked,In which city did Joachim Wynorn complete a doctorate?,Amberport,true,false,SYN-P005,doctoral_student_of,1,false,,synthetic://dataset_v2/person/SYN-P060
t1-01663#0,t1-01663,Joachim Wynorn,SYN-P060,T1,eval,relational_associations,Who was the doctoral advisor of Joachim Wynorn?,Grigor Venorn,true,false,SYN-P005,doctoral_student_of,1,false,,synthetic://dataset_v2/person/SYN-P060
t1-01664#0,t1-01664,Joachim Wynorn,SYN-P060,T1,eval,relational_associations,Who was the doctoral student of Joachim Wynorn?,Zoran Belyn,true,false,SYN-P005,doctoral_student_of,1,false,,synthetic://dataset_v2/person/SYN-P060
t1-01665#0,t1-01665,Joachim Wynorn,SYN-P060,T1,eval,relational_associations,With whom did Joachim Wynorn collaborate?,Kirill Elaane,true,false,SYN-P005,doctoral_student_of,1,false,,synthetic://dataset_v2/person/SYN-P060
t1-01666#0,t1-01666,Joachim Wynorn,SYN-P060,T1,eval,relational_associations,Who was the working partner of Joachim Wynorn?,Rosalind Marovic,true,false,SYN-P005,doctoral_student_of,1,false,,synthetic://dataset_v2/person/SYN-P060
t1-01667#0,t1-01667,Joachim Wynorn,SYN-P060,T1,eval,names_aliases,What is the middle name of Joachim Wynorn?,Ursel,true,false,SYN-P005,doctoral_student_of,1,false,,synthetic://dataset_v2/person/SYN-P060
t1-01668#0,t1-01668,Joachim Wynorn,SYN-P060,T1,eval,names_aliases,What is the full birth name of Joachim Wynorn?,Joachim Ursel Wynorn,true,false,SYN-P005,doctoral_student_of,1,false,,synthetic://dataset_v2/person/SYN-P060
t1-01669#0,t1-01669,Emeric Quenec,SYN-P064,T1,eval,biographical_dates,On what date was Emeric Quenec born?,1 January 1915,true,false,SYN-P005,research_partner,1,false,,synthetic://dataset_v2/person/SYN-P064
t1-01670#0,t1-01670,Emeric Quenec,SYN-P064,T1,eval,biographical_dates,On what date did Emeric Quenec die?,20 April 1990,true,false,SYN-P005,research_partner,1,false,,synthetic://dataset_v2/person/SYN-P064
t1-01671#0,t1-01671,Emeric Quenec,SYN-P064,T1,eval,biographical_dates,In which year did Emeric Quenec complete a doctorate?,1943,true,false,SYN-P005,research_partner,1,false,,synthetic://dataset_v2/person/SYN-P064
t1-01672#0,t1-01672,Emeric Quenec,SYN-P064,T1,eval,biographical_dates,In which year did Emeric Quenec take up a post at Sextant Institute of Advanced Study?,1947,true,false,SYN-P005,research_partner,1,false,,synthetic://dataset_v2/person/SYN-P064
t1-01673#0,t1-01673,Emeric Quenec,SYN-P064,T1,eval,location_linked,In which place was Emeric Quenec born?,Zephis,true,false,SYN-P005,research_partner,1,false,,synthetic://dataset_v2/person/SYN-P064
t1-01674#0,t1-01674,Emeric Quenec,SYN-P064,T1,eval,location_linked,In which country was Emeric Quenec born?,Lumaria,true,false,SYN-P005,research_partner,1,false,,synthetic://dataset_v2/person/SYN-P064
t1-01675#0,t1-01675,Emeric Quenec,SYN-P064,T1,eval,location_linked,In which place did Emeric Quenec die?,Kestrgate,true,false,SYN-P005,research_partner,1,false,,synthetic://dataset_v2/person/SYN-P064
t1-01676#0,t1-01676,Emeric Quenec,SYN-P064,T1,eval,location_linked,In which city did Emeric Quenec complete a doctorate?,Riftport,true,false,SYN-P005,research_partner,1,false,,synthetic://dataset_v2/person/SYN-P064
t1-01677#0,t1-01677,Emeric Quenec,SYN-P064,T1,eval,relational_associations,Who was the working partner of Emeric Quenec?,Grigor Venorn,true,false,SYN-P005,research_partner,1,false,,synthetic://dataset_v2/person/SYN-P064
t1-01678#0,t1-01678,Emeric Quenec,SYN-P064,T1,eval,relational_associations,Who was the doctoral advisor of Emeric Quenec?,Ceres Ravov,true,false,SYN-P005,research_partner,1,false,,synthetic://dataset_v2/person/SYN-P064
t1-01679#0,t1-01679,Emeric Quenec,SYN-P064,T1,eval,relational_associations,Who was the doctoral student of Emeric Quenec?,Zofia Noven,true,false,SYN-P005,research_partner,1,false,,synthetic://dataset_v2/person/SYN-P064
t1-01680#0,t1-01680,Emeric Quenec,SYN-P064,T1,eval,relational_associations,With whom did Emeric Quenec collaborate?,Fleur Silick,true,false,SYN-P005,research_partner,1,false,,synthetic://dataset_v2/person/SYN-P064
t1-01681#0,t1-01681,Emeric Quenec,SYN-P064,T1,eval,names_aliases,What is the middle name of Emeric Quenec?,Ursel,true,false,SYN-P005,research_partner,1,false,,synthetic://dataset_v2/person/SYN-P064
t1-01682#0,t1-01682,Emeric Quenec,SYN-P064,T1,eval,names_aliases,What is the full birth name of Emeric Quenec?,Emeric Ursel Quenec,true,false,SYN-P005,research_partner,1,false,,synthetic://dataset_v2/person/SYN-P064
t1-01683#0,t1-01683,Edvard Branard,SYN-P065,T1,eval,biographical_dates,On what date was Edvard Branard born?,28 December 1965,true,false,SYN-P005,father,1,false,,synthetic://dataset_v2/person/SYN-P065
t1-01684#0,t1-01684,Edvard Branard,SYN-P065,T1,eval,biographical_dates,In which year did Edvard Branard complete a doctorate?,1994,true,false,SYN-P005,father,1,false,,synthetic://dataset_v2/person/SYN-P065
t1-01685#0,t1-01685,Edvard Branard,SYN-P065,T1,eval,biographical_dates,In which year did Edvard Branard take up a post at Obsidian Polytechnic?,2000,true,false,SYN-P005,father,1,false,,synthetic://dataset_v2/person/SYN-P065
t1-01686#0,t1-01686,Edvard Branard,SYN-P065,T1,eval,biographical_dates,In which year was Edvard Branard awarded the Tessellate Laureateship?,2019,true,false,SYN-P005,father,1,false,,synthetic://dataset_v2/person/SYN-P065
t1-01687#0,t1-01687,Edvard Branard,SYN-P065,T1,eval,location_linked,In which place was Edvard Branard born?,Juniparn,true,false,SYN-P005,father,1,false,,synthetic://dataset_v2/person/SYN-P065
t1-01688#0,t1-01688,Edvard Branard,SYN-P065,T1,eval,location_linked,In which country was Edvard Branard born?,Lumaria,true,false,SYN-P005,father,1,false,,synthetic://dataset_v2/person/SYN-P065
t1-01689#0,t1-01689,Edvard Branard,SYN-P065,T1,eval,location_linked,In which city did Edvard Branard complete a doctorate?,Xantharn,true,false,SYN-P005,father,1,false,,synthetic://dataset_v2/person/SYN-P065
t1-01690#0,t1-01690,Edvard Branard,SYN-P065,T1,eval,location_linked,In which city did Edvard Branard chiefly work?,Dunebcrest,true,false,SYN-P005,father,1,false,,synthetic://dataset_v2/person/SYN-P065
t1-01691#0,t1-01691,Edvard Branard,SYN-P065,T1,eval,relational_associations,Who is the child of Edvard Branard?,Grigor Venorn,true,false,SYN-P005,father,1,false,,synthetic://dataset_v2/person/SYN-P065
t1-01692#0,t1-01692,Edvard Branard,SYN-P065,T1,eval,relational_associations,Who was the doctoral advisor of Edvard Branard?,Casper Mereth,true,false,SYN-P005,father,1,false,,synthetic://dataset_v2/person/SYN-P065
t1-01693#0,t1-01693,Edvard Branard,SYN-P065,T1,eval,relational_associations,Who was the doctoral student of Edvard Branard?,Kirill Serell,true,false,SYN-P005,father,1,false,,synthetic://dataset_v2/person/SYN-P065
t1-01694#0,t1-01694,Edvard Branard,SYN-P065,T1,eval,relational_associations,With whom did Edvard Branard collaborate?,Tamsin Eskis,true,false,SYN-P005,father,1,false,,synthetic://dataset_v2/person/SYN-P065
t1-01695#0,t1-01695,Edvard Branard,SYN-P065,T1,eval,names_aliases,What is the middle name of Edvard Branard?,Tova,true,false,SYN-P005,father,1,false,,synthetic://dataset_v2/person/SYN-P065
t1-01696#0,t1-01696,Edvard Branard,SYN-P065,T1,eval,names_aliases,What is the full birth name of Edvard Branard?,Edvard Tova Branard,true,false,SYN-P005,father,1,false,,synthetic://dataset_v2/person/SYN-P065
t1-01697#0,t1-01697,Fabian Faress,SYN-P066,T1,eval,biographical_dates,On what date was Fabian Faress born?,10 March 1889,true,false,SYN-P006,employer_overlap,1,false,,synthetic://dataset_v2/person/SYN-P066
t1-01698#0,t1-01698,Fabian Faress,SYN-P066,T1,eval,biographical_dates,On what date did Fabian Faress die?,6 July 1945,true,false,SYN-P006,employer_overlap,1,false,,synthetic://dataset_v2/person/SYN-P066
t1-01699#0,t1-01699,Fabian Faress,SYN-P066,T1,eval,biographical_dates,In which year did Fabian Faress complete a doctorate?,1915,true,false,SYN-P006,employer_overlap,1,false,,synthetic://dataset_v2/person/SYN-P066
t1-01700#0,t1-01700,Fabian Faress,SYN-P066,T1,eval,biographical_dates,In which year did Fabian Faress take up a post at Quorum Institute?,1918,true,false,SYN-P006,employer_overlap,1,false,,synthetic://dataset_v2/person/SYN-P066
t1-01701#0,t1-01701,Fabian Faress,SYN-P066,T1,eval,location_linked,In which place was Fabian Faress born?,Iskrmarsh,true,false,SYN-P006,employer_overlap,1,false,,synthetic://dataset_v2/person/SYN-P066
t1-01702#0,t1-01702,Fabian Faress,SYN-P066,T1,eval,location_linked,In which country was Fabian Faress born?,Tarsine,true,false,SYN-P006,employer_overlap,1,false,,synthetic://dataset_v2/person/SYN-P066
t1-01703#0,t1-01703,Fabian Faress,SYN-P066,T1,eval,location_linked,In which place did Fabian Faress die?,Verrridge,true,false,SYN-P006,employer_overlap,1,false,,synthetic://dataset_v2/person/SYN-P066
t1-01704#0,t1-01704,Fabian Faress,SYN-P066,T1,eval,location_linked,In which city did Fabian Faress complete a doctorate?,Nythridge,true,false,SYN-P006,employer_overlap,1,false,,synthetic://dataset_v2/person/SYN-P066
t1-01705#0,t1-01705,Fabian Faress,SYN-P066,T1,eval,relational_associations,With which institution was Fabian Faress associated?,Quorum Institute,true,false,SYN-P006,employer_overlap,1,false,,synthetic://dataset_v2/person/SYN-P066
t1-01706#0,t1-01706,Fabian Faress,SYN-P066,T1,eval,relational_associations,Who was the doctoral advisor of Fabian Faress?,Elias Yarick,true,false,SYN-P006,employer_overlap,1,false,,synthetic://dataset_v2/person/SYN-P066
t1-01707#0,t1-01707,Fabian Faress,SYN-P066,T1,eval,relational_associations,Who was the doctoral student of Fabian Faress?,Dagny Dreir,true,false,SYN-P006,employer_overlap,1,false,,synthetic://dataset_v2/person/SYN-P066
t1-01708#0,t1-01708,Fabian Faress,SYN-P066,T1,eval,relational_associations,With whom did Fabian Faress collaborate?,Verena Eskec,true,false,SYN-P006,employer_overlap,1,false,,synthetic://dataset_v2/person/SYN-P066
t1-01709#0,t1-01709,Fabian Faress,SYN-P066,T1,eval,names_aliases,What is the middle name of Fabian Faress?,Fenna,true,false,SYN-P006,employer_overlap,1,false,,synthetic://dataset_v2/person/SYN-P066
t1-01710#0,t1-01710,Fabian Faress,SYN-P066,T1,eval,names_aliases,What is the full birth name of Fabian Faress?,Fabian Fenna Faress,true,false,SYN-P006,employer_overlap,1,false,,synthetic://dataset_v2/person/SYN-P066
t1-01711#0,t1-01711,Yorick Yaren,SYN-P068,T1,eval,biographical_dates,On what date was Yorick Yaren born?,4 December 1913,true,false,SYN-P006,employer_overlap,1,false,,synthetic://dataset_v2/person/SYN-P068
t1-01712#0,t1-01712,Yorick Yaren,SYN-P068,T1,eval,biographical_dates,On what date did Yorick Yaren die?,25 February 1986,true,false,SYN-P006,employer_overlap,1,false,,synthetic://dataset_v2/person/SYN-P068
t1-01713#0,t1-01713,Yorick Yaren,SYN-P068,T1,eval,biographical_dates,In which year did Yorick Yaren complete a doctorate?,1941,true,false,SYN-P006,employer_overlap,1,false,,synthetic://dataset_v2/person/SYN-P068
t1-01714#0,t1-01714,Yorick Yaren,SYN-P068,T1,eval,biographical_dates,In which year did Yorick Yaren take up a post at Quorum Institute?,1946,true,false,SYN-P006,employer_overlap,1,false,,synthetic://dataset_v2/person/SYN-P068
t1-01715#0,t1-01715,Yorick Yaren,SYN-P068,T1,eval,location_linked,In which place was Yorick Yaren born?,Nythridge,true,false,SYN-P006,employer_overlap,1,false,,synthetic://dataset_v2/person/SYN-P068
t1-01716#0,t1-01716,Yorick Yaren,SYN-P068,T1,eval,location_linked,In which country was Yorick Yaren born?,Lumaria,true,false,SYN-P006,employer_overlap,1,false,,synthetic://dataset_v2/person/SYN-P068
t1-01717#0,t1-01717,Yorick Yaren,SYN-P068,T1,eval,location_linked,In which place did Yorick Yaren die?,Kestrmarsh,true,false,SYN-P006,employer_overlap,1,false,,synthetic://dataset_v2/person/SYN-P068
t1-01718#0,t1-01718,Yorick Yaren,SYN-P068,T1,eval,location_linked,In which city did Yorick Yaren complete a doctorate?,Lumenvale,true,false,SYN-P006,employer_overlap,1,false,,synthetic://dataset_v2/person/SYN-P068
t1-01719#0,t1-01719,Yorick Yaren,SYN-P068,T1,eval,relational_associations,With which institution was Yorick Yaren associated?,Quorum Institute,true,false,SYN-P006,employer_overlap,1,false,,synthetic://dataset_v2/person/SYN-P068
t1-01720#0,t1-01720,Yorick Yaren,SYN-P068,T1,eval,relational_associations,Which political party did Yorick Yaren support?,the Lantern Front,true,false,SYN-P006,employer_overlap,1,true,,synthetic://dataset_v2/person/SYN-P068
t1-01721#0,t1-01721,Yorick Yaren,SYN-P068,T1,eval,relational_associations,Who was the doctoral advisor of Yorick Yaren?,Ivo Thalick,true,false,SYN-P006,employer_overlap,1,false,,synthetic://dataset_v2/person/SYN-P068
t1-01722#0,t1-01722,Yorick Yaren,SYN-P068,T1,eval,relational_associations,Who was the doctoral student of Yorick Yaren?,Juliana Merard,true,false,SYN-P006,employer_overlap,1,false,,synthetic://dataset_v2/person/SYN-P068
t1-01723#0,t1-01723,Yorick Yaren,SYN-P068,T1,eval,names_aliases,What is the middle name of Yorick Yaren?,Piet,true,false,SYN-P006,employer_overlap,1,false,,synthetic://dataset_v2/person/SYN-P068
t1-01724#0,t1-01724,Yorick Yaren,SYN-P068,T1,eval,names_aliases,What is the full birth name of Yorick Yaren?,Yorick Piet Yaren,true,false,SYN-P006,employer_overlap,1,false,,synthetic://dataset_v2/person/SYN-P068
t1-01725#0,t1-01725,Dorian Torovic,SYN-P073,T1,eval,biographical_dates,On what date was Dorian Torovic born?,16 November 1901,true,false,SYN-P006,collaborator,1,false,,synthetic://dataset_v2/person/SYN-P073
t1-01726#0,t1-01726,Dorian Torovic,SYN-P073,T1,eval,biographical_dates,On what date did Dorian Torovic die?,23 June 1986,true,false,SYN-P006,collaborator,1,false,,synthetic://dataset_v2/person/SYN-P073
t1-01727#0,t1-01727,Dorian Torovic,SYN-P073,T1,eval,biographical_dates,In which year did Dorian Torovic complete a doctorate?,1925,true,false,SYN-P006,collaborator,1,false,,synthetic://dataset_v2/person/SYN-P073
t1-01728#0,t1-01728,Dorian Torovic,SYN-P073,T1,eval,biographical_dates,In which year did Dorian Torovic take up a post at Zenith Polytechnic?,1932,true,false,SYN-P006,collaborator,1,false,,synthetic://dataset_v2/person/SYN-P073
t1-01729#0,t1-01729,Dorian Torovic,SYN-P073,T1,eval,location_linked,In which place was Dorian Torovic born?,Gildport,true,false,SYN-P006,collaborator,1,false,,synthetic://dataset_v2/person/SYN-P073
t1-01730#0,t1-01730,Dorian Torovic,SYN-P073,T1,eval,location_linked,In which country was Dorian Torovic born?,Draviland,true,false,SYN-P006,collaborator,1,false,,synthetic://dataset_v2/person/SYN-P073
t1-01731#0,t1-01731,Dorian Torovic,SYN-P073,T1,eval,location_linked,In which place did Dorian Torovic die?,Palewgate,true,false,SYN-P006,collaborator,1,false,,synthetic://dataset_v2/person/SYN-P073
t1-01732#0,t1-01732,Dorian Torovic,SYN-P073,T1,eval,location_linked,In which city did Dorian Torovic complete a doctorate?,Yarrford,true,false,SYN-P006,collaborator,1,false,,synthetic://dataset_v2/person/SYN-P073
t1-01733#0,t1-01733,Dorian Torovic,SYN-P073,T1,eval,relational_associations,With whom did Dorian Torovic collaborate?,Adrian Lorath,true,false,SYN-P006,collaborator,1,false,,synthetic://dataset_v2/person/SYN-P073
t1-01734#0,t1-01734,Dorian Torovic,SYN-P073,T1,eval,relational_associations,Who was the doctoral advisor of Dorian Torovic?,Delphine Novas,true,false,SYN-P006,collaborator,1,false,,synthetic://dataset_v2/person/SYN-P073
t1-01735#0,t1-01735,Dorian Torovic,SYN-P073,T1,eval,relational_associations,Who was the doctoral student of Dorian Torovic?,Kirill Jasen,true,false,SYN-P006,collaborator,1,false,,synthetic://dataset_v2/person/SYN-P073
t1-01736#0,t1-01736,Dorian Torovic,SYN-P073,T1,eval,relational_associations,Who was the working partner of Dorian Torovic?,Ingrid Cadray,true,false,SYN-P006,collaborator,1,false,,synthetic://dataset_v2/person/SYN-P073
t1-01737#0,t1-01737,Dorian Torovic,SYN-P073,T1,eval,names_aliases,What is the middle name of Dorian Torovic?,Sten,true,false,SYN-P006,collaborator,1,false,,synthetic://dataset_v2/person/SYN-P073
t1-01738#0,t1-01738,Dorian Torovic,SYN-P073,T1,eval,names_aliases,What is the full birth name of Dorian Torovic?,Dorian Sten Torovic,true,false,SYN-P006,collaborator,1,false,,synthetic://dataset_v2/person/SYN-P073
t1-01739#0,t1-01739,Halina Corel,SYN-P081,T1,eval,biographical_dates,On what date was Halina Corel born?,8 October 1872,true,false,SYN-P007,doctoral_student_of,1,false,,synthetic://dataset_v2/person/SYN-P081
t1-01740#0,t1-01740,Halina Corel,SYN-P081,T1,eval,biographical_dates,In which year did Halina Corel complete a doctorate?,1900,true,false,SYN-P007,doctoral_student_of,1,false,,synthetic://dataset_v2/person/SYN-P081
t1-01741#0,t1-01741,Halina Corel,SYN-P081,T1,eval,biographical_dates,In which year did Halina Corel take up a post at Glacis Polytechnic?,1903,true,false,SYN-P007,doctoral_student_of,1,false,,synthetic://dataset_v2/person/SYN-P081
t1-01742#0,t1-01742,Halina Corel,SYN-P081,T1,eval,biographical_dates,In which year was Halina Corel awarded the Umbral Laureateship?,1906,true,false,SYN-P007,doctoral_student_of,1,false,,synthetic://dataset_v2/person/SYN-P081
t1-01743#0,t1-01743,Halina Corel,SYN-P081,T1,eval,location_linked,In which place was Halina Corel born?,Stellstead,true,false,SYN-P007,doctoral_student_of,1,false,,synthetic://dataset_v2/person/SYN-P081
t1-01744#0,t1-01744,Halina Corel,SYN-P081,T1,eval,location_linked,In which country was Halina Corel born?,Elarion,true,false,SYN-P007,doctoral_student_of,1,false,,synthetic://dataset_v2/person/SYN-P081
t1-01745#0,t1-01745,Halina Corel,SYN-P081,T1,eval,location_linked,In which city did Halina Corel complete a doctorate?,Cinderwick,true,false,SYN-P007,doctoral_student_of,1,false,,synthetic://dataset_v2/person/SYN-P081
t1-01746#0,t1-01746,Halina Corel,SYN-P081,T1,eval,location_linked,In which city did Halina Corel chiefly work?,Riftcrest,true,false,SYN-P007,doctoral_student_of,1,false,,synthetic://dataset_v2/person/SYN-P081
t1-01747#0,t1-01747,Halina Corel,SYN-P081,T1,eval,relational_associations,Who was the doctoral advisor of Halina Corel?,Marcus Quenard,true,false,SYN-P007,doctoral_student_of,1,false,,synthetic://dataset_v2/person/SYN-P081
t1-01748#0,t1-01748,Halina Corel,SYN-P081,T1,eval,relational_associations,Who was the doctoral student of Halina Corel?,Adrian Eskess,true,false,SYN-P007,doctoral_student_of,1,false,,synthetic://dataset_v2/person/SYN-P081
t1-01749#0,t1-01749,Halina Corel,SYN-P081,T1,eval,relational_associations,With whom did Halina Corel collaborate?,Hadrian Elaay,true,false,SYN-P007,doctoral_student_of,1,false,,synthetic://dataset_v2/person/SYN-P081
t1-01750#0,t1-01750,Halina Corel,SYN-P081,T1,eval,relational_associations,Who was the working partner of Halina Corel?,Katarin Venine,true,false,SYN-P007,doctoral_student_of,1,false,,synthetic://dataset_v2/person/SYN-P081
t1-01751#0,t1-01751,Halina Corel,SYN-P081,T1,eval,names_aliases,What is the middle name of Halina Corel?,Brice,true,false,SYN-P007,doctoral_student_of,1,false,,synthetic://dataset_v2/person/SYN-P081
t1-01752#0,t1-01752,Halina Corel,SYN-P081,T1,eval,names_aliases,What is the full birth name of Halina Corel?,Halina Brice Corel,true,false,SYN-P007,doctoral_student_of,1,false,,synthetic://dataset_v2/person/SYN-P081
t1-01753#0,t1-01753,Florian Xanov,SYN-P083,T1,eval,biographical_dates,On what date was Florian Xanov born?,24 November 1894,true,false,SYN-P007,collaborator,1,false,,synthetic://dataset_v2/person/SYN-P083
t1-01754#0,t1-01754,Florian Xanov,SYN-P083,T1,eval,biographical_dates,On what date did Florian Xanov die?,16 June 1979,true,false,SYN-P007,collaborator,1,false,,synthetic://dataset_v2/person/SYN-P083
t1-01755#0,t1-01755,Florian Xanov,SYN-P083,T1,eval,biographical_dates,In which year did Florian Xanov complete a doctorate?,1921,true,false,SYN-P007,collaborator,1,false,,synthetic://dataset_v2/person/SYN-P083
t1-01756#0,t1-01756,Florian Xanov,SYN-P083,T1,eval,biographical_dates,In which year did Florian Xanov take up a post at Pinnacle College of Plasma Hydrodynamics?,1929,true,false,SYN-P007,collaborator,1,false,,synthetic://dataset_v2/person/SYN-P083
t1-01757#0,t1-01757,Florian Xanov,SYN-P083,T1,eval,location_linked,In which place was Florian Xanov born?,Grayhwick,true,false,SYN-P007,collaborator,1,false,,synthetic://dataset_v2/person/SYN-P083
t1-01758#0,t1-01758,Florian Xanov,SYN-P083,T1,eval,location_linked,In which country was Florian Xanov born?,Lumaria,true,false,SYN-P007,collaborator,1,false,,synthetic://dataset_v2/person/SYN-P083
t1-01759#0,t1-01759,Florian Xanov,SYN-P083,T1,eval,location_linked,In which place did Florian Xanov die?,Sorrburg,true,false,SYN-P007,collaborator,1,false,,synthetic://dataset_v2/person/SYN-P083
t1-01760#0,t1-01760,Florian Xanov,SYN-P083,T1,eval,location_linked,In which city did Florian Xanov complete a doctorate?,Xanthhollow,true,false,SYN-P007,collaborator,1,false,,synthetic://dataset_v2/person/SYN-P083
t1-01761#0,t1-01761,Florian Xanov,SYN-P083,T1,eval,relational_associations,With whom did Florian Xanov collaborate?,Marcus Quenard,true,false,SYN-P007,collaborator,1,false,,synthetic://dataset_v2/person/SYN-P083
t1-01762#0,t1-01762,Florian Xanov,SYN-P083,T1,eval,relational_associations,Who was the doctoral advisor of Florian Xanov?,Tobias Eskell,true,false,SYN-P007,collaborator,1,false,,synthetic://dataset_v2/person/SYN-P083
t1-01763#0,t1-01763,Florian Xanov,SYN-P083,T1,eval,relational_associations,Who was the doctoral student of Florian Xanov?,Xenia Iskane,true,false,SYN-P007,collaborator,1,false,,synthetic://dataset_v2/person/SYN-P083
t1-01764#0,t1-01764,Florian Xanov,SYN-P083,T1,eval,relational_associations,Who was the working partner of Florian Xanov?,Tobias Vorovic,true,false,SYN-P007,collaborator,1,false,,synthetic://dataset_v2/person/SYN-P083
t1-01765#0,t1-01765,Florian Xanov,SYN-P083,T1,eval,names_aliases,What is the middle name of Florian Xanov?,Ylva,true,false,SYN-P007,collaborator,1,false,,synthetic://dataset_v2/person/SYN-P083
t1-01766#0,t1-01766,Florian Xanov,SYN-P083,T1,eval,names_aliases,What is the full birth name of Florian Xanov?,Florian Ylva Xanov,true,false,SYN-P007,collaborator,1,false,,synthetic://dataset_v2/person/SYN-P083
t1-01767#0,t1-01767,Ceres Faren,SYN-P084,T1,eval,biographical_dates,On what date was Ceres Faren born?,11 August 1925,true,false,SYN-P007,research_partner,1,false,,synthetic://dataset_v2/person/SYN-P084
t1-01768#0,t1-01768,Ceres Faren,SYN-P084,T1,eval,biographical_dates,On what date did Ceres Faren die?,18 May 2007,true,false,SYN-P007,research_partner,1,false,,synthetic://dataset_v2/person/SYN-P084
t1-01769#0,t1-01769,Ceres Faren,SYN-P084,T1,eval,biographical_dates,In which year did Ceres Faren complete a doctorate?,1950,true,false,SYN-P007,research_partner,1,false,,synthetic://dataset_v2/person/SYN-P084
t1-01770#0,t1-01770,Ceres Faren,SYN-P084,T1,eval,biographical_dates,In which year did Ceres Faren take up a post at Meridian Polytechnic?,1956,true,false,SYN-P007,research_partner,1,false,,synthetic://dataset_v2/person/SYN-P084
t1-01771#0,t1-01771,Ceres Faren,SYN-P084,T1,eval,location_linked,In which place was Ceres Faren born?,Drossarn,true,false,SYN-P007,research_partner,1,false,,synthetic://dataset_v2/person/SYN-P084
t1-01772#0,t1-01772,Ceres Faren,SYN-P084,T1,eval,location_linked,In which country was Ceres Faren born?,Elarion,true,false,SYN-P007,research_partner,1,false,,synthetic://dataset_v2/person/SYN-P084
t1-01773#0,t1-01773,Ceres Faren,SYN-P084,T1,eval,location_linked,In which place did Ceres Faren die?,Highfhaven,true,false,SYN-P007,research_partner,1,false,,synthetic://dataset_v2/person/SYN-P084
t1-01774#0,t1-01774,Ceres Faren,SYN-P084,T1,eval,location_linked,In which city did Ceres Faren complete a doctorate?,Sablecrest,true,false,SYN-P007,research_partner,1,false,,synthetic://dataset_v2/person/SYN-P084
t1-01775#0,t1-01775,Ceres Faren,SYN-P084,T1,eval,relational_associations,Who was the working partner of Ceres Faren?,Marcus Quenard,true,false,SYN-P007,research_partner,1,false,,synthetic://dataset_v2/person/SYN-P084
t1-01776#0,t1-01776,Ceres Faren,SYN-P084,T1,eval,relational_associations,Who was the doctoral advisor of Ceres Faren?,Quentin Ashorn,true,false,SYN-P007,research_partner,1,false,,synthetic://dataset_v2/person/SYN-P084
t1-01777#0,t1-01777,Ceres Faren,SYN-P084,T1,eval,relational_associations,Who was the doctoral student of Ceres Faren?,Halina Dovorn,true,false,SYN-P007,research_partner,1,false,,synthetic://dataset_v2/person/SYN-P084
t1-01778#0,t1-01778,Ceres Faren,SYN-P084,T1,eval,relational_associations,With whom did Ceres Faren collaborate?,Yorick Jorec,true,false,SYN-P007,research_partner,1,false,,synthetic://dataset_v2/person/SYN-P084
t1-01779#0,t1-01779,Ceres Faren,SYN-P084,T1,eval,names_aliases,What is the middle name of Ceres Faren?,Eira,true,false,SYN-P007,research_partner,1,false,,synthetic://dataset_v2/person/SYN-P084
t1-01780#0,t1-01780,Ceres Faren,SYN-P084,T1,eval,names_aliases,What is the full birth name of Ceres Faren?,Ceres Eira Faren,true,false,SYN-P007,research_partner,1,false,,synthetic://dataset_v2/person/SYN-P084
t1-01781#0,t1-01781,Fleur Loras,SYN-P088,T1,eval,biographical_dates,On what date was Fleur Loras born?,1 December 1887,true,false,SYN-P008,employer_overlap,1,false,,synthetic://dataset_v2/person/SYN-P088
t1-01782#0,t1-01782,Fleur Loras,SYN-P088,T1,eval,biographical_dates,In which year did Fleur Loras complete a doctorate?,1910,true,false,SYN-P008,employer_overlap,1,false,,synthetic://dataset_v2/person/SYN-P088
t1-01783#0,t1-01783,Fleur Loras,SYN-P088,T1,eval,biographical_dates,In which year did Fleur Loras take up a post at Rampart Academy?,1915,true,false,SYN-P008,employer_overlap,1,false,,synthetic://dataset_v2/person/SYN-P088
t1-01784#0,t1-01784,Fleur Loras,SYN-P088,T1,eval,biographical_dates,In which year was Fleur Loras awarded the Wayfarer Medal?,1934,true,false,SYN-P008,employer_overlap,1,false,,synthetic://dataset_v2/person/SYN-P088
t1-01785#0,t1-01785,Fleur Loras,SYN-P088,T1,eval,biographical_dates,In which year did Fleur Loras establish the Rampart Laboratory for Neural Manifolds?,1926,true,false,SYN-P008,employer_overlap,1,false,,synthetic://dataset_v2/person/SYN-P088
t1-01786#0,t1-01786,Fleur Loras,SYN-P088,T1,eval,location_linked,In which place was Fleur Loras born?,Grayhhaven,true,false,SYN-P008,employer_overlap,1,false,,synthetic://dataset_v2/person/SYN-P088
t1-01787#0,t1-01787,Fleur Loras,SYN-P088,T1,eval,location_linked,In which country was Fleur Loras born?,Orvantia,true,false,SYN-P008,employer_overlap,1,false,,synthetic://dataset_v2/person/SYN-P088
t1-01788#0,t1-01788,Fleur Loras,SYN-P088,T1,eval,location_linked,In which city did Fleur Loras complete a doctorate?,Sablefell,true,false,SYN-P008,employer_overlap,1,false,,synthetic://dataset_v2/person/SYN-P088
t1-01789#0,t1-01789,Fleur Loras,SYN-P088,T1,eval,location_linked,In which city did Fleur Loras chiefly work?,Vantcrest,true,false,SYN-P008,employer_overlap,1,false,,synthetic://dataset_v2/person/SYN-P088
t1-01790#0,t1-01790,Fleur Loras,SYN-P088,T1,eval,relational_associations,With which institution was Fleur Loras associated?,Rampart Academy,true,false,SYN-P008,employer_overlap,1,false,,synthetic://dataset_v2/person/SYN-P088
t1-01791#0,t1-01791,Fleur Loras,SYN-P088,T1,eval,relational_associations,Who was the doctoral advisor of Fleur Loras?,Yseult Coreth,true,false,SYN-P008,employer_overlap,1,false,,synthetic://dataset_v2/person/SYN-P088
t1-01792#0,t1-01792,Fleur Loras,SYN-P088,T1,eval,relational_associations,Who was the doctoral student of Fleur Loras?,Grigor Novan,true,false,SYN-P008,employer_overlap,1,false,,synthetic://dataset_v2/person/SYN-P088
t1-01793#0,t1-01793,Fleur Loras,SYN-P088,T1,eval,names_aliases,What is the middle name of Fleur Loras?,Kova,true,false,SYN-P008,employer_overlap,1,false,,synthetic://dataset_v2/person/SYN-P088
t1-01794#0,t1-01794,Fleur Loras,SYN-P088,T1,eval,names_aliases,What is the full birth name of Fleur Loras?,Fleur Kova Loras,true,false,SYN-P008,employer_overlap,1,false,,synthetic://dataset_v2/person/SYN-P088
t1-01795#0,t1-01795,Ottilie Ashess,SYN-P089,T1,eval,biographical_dates,On what date was Ottilie Ashess born?,2 March 1964,true,false,SYN-P008,employer_overlap,1,false,,synthetic://dataset_v2/person/SYN-P089
t1-01796#0,t1-01796,Ottilie Ashess,SYN-P089,T1,eval,biographical_dates,In which year did Ottilie Ashess complete a doctorate?,1992,true,false,SYN-P008,employer_overlap,1,false,,synthetic://dataset_v2/person/SYN-P089
t1-01797#0,t1-01797,Ottilie Ashess,SYN-P089,T1,eval,biographical_dates,In which year did Ottilie Ashess take up a post at Rampart Academy?,1997,true,false,SYN-P008,employer_overlap,1,false,,synthetic://dataset_v2/person/SYN-P089
t1-01798#0,t1-01798,Ottilie Ashess,SYN-P089,T1,eval,biographical_dates,In which year was Ottilie Ashess awarded the Cindermark Prize?,2014,true,false,SYN-P008,employer_overlap,1,false,,synthetic://dataset_v2/person/SYN-P089
t1-01799#0,t1-01799,Ottilie Ashess,SYN-P089,T1,eval,biographical_dates,In which year did Ottilie Ashess establish the Orrery Laboratory for Neural Manifolds?,2000,true,false,SYN-P008,employer_overlap,1,false,,synthetic://dataset_v2/person/SYN-P089
t1-01800#0,t1-01800,Ottilie Ashess,SYN-P089,T1,eval,location_linked,In which place was Ottilie Ashess born?,Drosshollow,true,false,SYN-P008,employer_overlap,1,false,,synthetic://dataset_v2/person/SYN-P089
t1-01801#0,t1-01801,Ottilie Ashess,SYN-P089,T1,eval,location_linked,In which country was Ottilie Ashess born?,Virelia,true,false,SYN-P008,employer_overlap,1,false,,synthetic://dataset_v2/person/SYN-P089
t1-01802#0,t1-01802,Ottilie Ashess,SYN-P089,T1,eval,location_linked,In which city did Ottilie Ashess complete a doctorate?,Grayhwick,true,false,SYN-P008,employer_overlap,1,false,,synthetic://dataset_v2/person/SYN-P089
t1-01803#0,t1-01803,Ottilie Ashess,SYN-P089,T1,eval,location_linked,In which city did Ottilie Ashess chiefly work?,Vantcrest,true,false,SYN-P008,employer_overlap,1,false,,synthetic://dataset_v2/person/SYN-P089
t1-01804#0,t1-01804,Ottilie Ashess,SYN-P089,T1,eval,relational_associations,With which institution was Ottilie Ashess associated?,Rampart Academy,true,false,SYN-P008,employer_overlap,1,false,,synthetic://dataset_v2/person/SYN-P089
t1-01805#0,t1-01805,Ottilie Ashess,SYN-P089,T1,eval,relational_associations,Who was the doctoral advisor of Ottilie Ashess?,Iva Pelas,true,false,SYN-P008,employer_overlap,1,false,,synthetic://dataset_v2/person/SYN-P089
t1-01806#0,t1-01806,Ottilie Ashess,SYN-P089,T1,eval,relational_associations,Who was the doctoral student of Ottilie Ashess?,Freya Elaath,true,false,SYN-P008,employer_overlap,1,false,,synthetic://dataset_v2/person/SYN-P089
t1-01807#0,t1-01807,Ottilie Ashess,SYN-P089,T1,eval,names_aliases,What is the middle name of Ottilie Ashess?,Lisel,true,false,SYN-P008,employer_overlap,1,false,,synthetic://dataset_v2/person/SYN-P089
t1-01808#0,t1-01808,Ottilie Ashess,SYN-P089,T1,eval,names_aliases,What is the full birth name of Ottilie Ashess?,Ottilie Lisel Ashess,true,false,SYN-P008,employer_overlap,1,false,,synthetic://dataset_v2/person/SYN-P089
t1-01809#0,t1-01809,Viktor Quenard,SYN-P090,T1,eval,biographical_dates,On what date was Viktor Quenard born?,8 October 1839,true,false,SYN-P008,doctoral_student_of,1,false,,synthetic://dataset_v2/person/SYN-P090
t1-01810#0,t1-01810,Viktor Quenard,SYN-P090,T1,eval,biographical_dates,On what date did Viktor Quenard die?,2 September 1888,true,false,SYN-P008,doctoral_student_of,1,false,,synthetic://dataset_v2/person/SYN-P090
t1-01811#0,t1-01811,Viktor Quenard,SYN-P090,T1,eval,biographical_dates,In which year did Viktor Quenard complete a doctorate?,1862,true,false,SYN-P008,doctoral_student_of,1,false,,synthetic://dataset_v2/person/SYN-P090
t1-01812#0,t1-01812,Viktor Quenard,SYN-P090,T1,eval,biographical_dates,In which year did Viktor Quenard take up a post at Pinnacle Laboratory?,1868,true,false,SYN-P008,doctoral_student_of,1,false,,synthetic://dataset_v2/person/SYN-P090
t1-01813#0,t1-01813,Viktor Quenard,SYN-P090,T1,eval,biographical_dates,In which year was Viktor Quenard awarded the Solace Award?,1872,true,false,SYN-P008,doctoral_student_of,1,false,,synthetic://dataset_v2/person/SYN-P090
t1-01814#0,t1-01814,Viktor Quenard,SYN-P090,T1,eval,location_linked,In which place was Viktor Quenard born?,Quillgate,true,false,SYN-P008,doctoral_student_of,1,false,,synthetic://dataset_v2/person/SYN-P090
t1-01815#0,t1-01815,Viktor Quenard,SYN-P090,T1,eval,location_linked,In which country was Viktor Quenard born?,Draviland,true,false,SYN-P008,doctoral_student_of,1,false,,synthetic://dataset_v2/person/SYN-P090
t1-01816#0,t1-01816,Viktor Quenard,SYN-P090,T1,eval,location_linked,In which place did Viktor Quenard die?,Xanthwick,true,false,SYN-P008,doctoral_student_of,1,false,,synthetic://dataset_v2/person/SYN-P090
t1-01817#0,t1-01817,Viktor Quenard,SYN-P090,T1,eval,location_linked,In which city did Viktor Quenard complete a doctorate?,Grayhmere,true,false,SYN-P008,doctoral_student_of,1,false,,synthetic://dataset_v2/person/SYN-P090
t1-01818#0,t1-01818,Viktor Quenard,SYN-P090,T1,eval,relational_associations,Who was the doctoral advisor of Viktor Quenard?,Elena Quenine,true,false,SYN-P008,doctoral_student_of,1,false,,synthetic://dataset_v2/person/SYN-P090
t1-01819#0,t1-01819,Viktor Quenard,SYN-P090,T1,eval,relational_associations,From which community did the family of Viktor Quenard descend?,the Larkspur settlers,true,false,SYN-P008,doctoral_student_of,1,true,,synthetic://dataset_v2/person/SYN-P090
t1-01820#0,t1-01820,Viktor Quenard,SYN-P090,T1,eval,relational_associations,Who was the doctoral student of Viktor Quenard?,Edvard Fenine,true,false,SYN-P008,doctoral_student_of,1,false,,synthetic://dataset_v2/person/SYN-P090
t1-01821#0,t1-01821,Viktor Quenard,SYN-P090,T1,eval,names_aliases,What is the middle name of Viktor Quenard?,Emrys,true,false,SYN-P008,doctoral_student_of,1,false,,synthetic://dataset_v2/person/SYN-P090
t1-01822#0,t1-01822,Viktor Quenard,SYN-P090,T1,eval,names_aliases,What is the full birth name of Viktor Quenard?,Viktor Emrys Quenard,true,false,SYN-P008,doctoral_student_of,1,false,,synthetic://dataset_v2/person/SYN-P090
t1-01823#0,t1-01823,Rowan Pelane,SYN-P097,T1,eval,biographical_dates,On what date was Rowan Pelane born?,1 June 1913,true,false,SYN-P009,employer_overlap,1,false,,synthetic://dataset_v2/person/SYN-P097
t1-01824#0,t1-01824,Rowan Pelane,SYN-P097,T1,eval,biographical_dates,In which year did Rowan Pelane complete a doctorate?,1936,true,false,SYN-P009,employer_overlap,1,false,,synthetic://dataset_v2/person/SYN-P097
t1-01825#0,t1-01825,Rowan Pelane,SYN-P097,T1,eval,biographical_dates,In which year did Rowan Pelane take up a post at Glacis Laboratory?,1942,true,false,SYN-P009,employer_overlap,1,false,,synthetic://dataset_v2/person/SYN-P097
t1-01826#0,t1-01826,Rowan Pelane,SYN-P097,T1,eval,biographical_dates,In which year was Rowan Pelane awarded the Obelisk Prize?,1962,true,false,SYN-P009,employer_overlap,1,false,,synthetic://dataset_v2/person/SYN-P097
t1-01827#0,t1-01827,Rowan Pelane,SYN-P097,T1,eval,biographical_dates,In which year did Rowan Pelane establish the Asterion Laboratory for Plasma Hydrodynamics?,1945,true,false,SYN-P009,employer_overlap,1,false,,synthetic://dataset_v2/person/SYN-P097
t1-01828#0,t1-01828,Rowan Pelane,SYN-P097,T1,eval,location_linked,In which place was Rowan Pelane born?,Palewgate,true,false,SYN-P009,employer_overlap,1,false,,synthetic://dataset_v2/person/SYN-P097
t1-01829#0,t1-01829,Rowan Pelane,SYN-P097,T1,eval,location_linked,In which country was Rowan Pelane born?,Orvantia,true,false,SYN-P009,employer_overlap,1,false,,synthetic://dataset_v2/person/SYN-P097
t1-01830#0,t1-01830,Rowan Pelane,SYN-P097,T1,eval,location_linked,In which city did Rowan Pelane complete a doctorate?,Harrofell,true,false,SYN-P009,employer_overlap,1,false,,synthetic://dataset_v2/person/SYN-P097
t1-01831#0,t1-01831,Rowan Pelane,SYN-P097,T1,eval,location_linked,In which city did Rowan Pelane chiefly work?,Ordalhollow,true,false,SYN-P009,employer_overlap,1,false,,synthetic://dataset_v2/person/SYN-P097
t1-01832#0,t1-01832,Rowan Pelane,SYN-P097,T1,eval,relational_associations,With which institution was Rowan Pelane associated?,Glacis Laboratory,true,false,SYN-P009,employer_overlap,1,false,,synthetic://dataset_v2/person/SYN-P097
t1-01833#0,t1-01833,Rowan Pelane,SYN-P097,T1,eval,relational_associations,Who was the doctoral advisor of Rowan Pelane?,Grigor Iris,true,false,SYN-P009,employer_overlap,1,false,,synthetic://dataset_v2/person/SYN-P097
t1-01834#0,t1-01834,Rowan Pelane,SYN-P097,T1,eval,relational_associations,Who was the doctoral student of Rowan Pelane?,Dagny Irine,true,false,SYN-P009,employer_overlap,1,false,,synthetic://dataset_v2/person/SYN-P097
t1-01835#0,t1-01835,Rowan Pelane,SYN-P097,T1,eval,names_aliases,What is the middle name of Rowan Pelane?,Fira,true,false,SYN-P009,employer_overlap,1,false,,synthetic://dataset_v2/person/SYN-P097
t1-01836#0,t1-01836,Rowan Pelane,SYN-P097,T1,eval,names_aliases,What is the full birth name of Rowan Pelane?,Rowan Fira Pelane,true,false,SYN-P009,employer_overlap,1,false,,synthetic://dataset_v2/person/SYN-P097
t1-01837#0,t1-01837,Zofia Fenas,SYN-P103,T1,eval,biographical_dates,On what date was Zofia Fenas born?,18 December 1898,true,false,SYN-P009,collaborator,1,false,,synthetic://dataset_v2/person/SYN-P103
t1-01838#0,t1-01838,Zofia Fenas,SYN-P103,T1,eval,biographical_dates,On what date did Zofia Fenas die?,5 August 1980,true,false,SYN-P009,collaborator,1,false,,synthetic://dataset_v2/person/SYN-P103
t1-01839#0,t1-01839,Zofia Fenas,SYN-P103,T1,eval,biographical_dates,In which year did Zofia Fenas complete a doctorate?,1927,true,false,SYN-P009,collaborator,1,false,,synthetic://dataset_v2/person/SYN-P103
t1-01840#0,t1-01840,Zofia Fenas,SYN-P103,T1,eval,biographical_dates,In which year did Zofia Fenas take up a post at Fathom Laboratory of Molecular Cartography?,1933,true,false,SYN-P009,collaborator,1,false,,synthetic://dataset_v2/person/SYN-P103
t1-01841#0,t1-01841,Zofia Fenas,SYN-P103,T1,eval,biographical_dates,In which year was Zofia Fenas awarded the Dial Prize?,1953,true,false,SYN-P009,collaborator,1,false,,synthetic://dataset_v2/person/SYN-P103
t1-01842#0,t1-01842,Zofia Fenas,SYN-P103,T1,eval,location_linked,In which place was Zofia Fenas born?,Calderarn,true,false,SYN-P009,collaborator,1,false,,synthetic://dataset_v2/person/SYN-P103
t1-01843#0,t1-01843,Zofia Fenas,SYN-P103,T1,eval,location_linked,In which country was Zofia Fenas born?,Serevane,true,false,SYN-P009,collaborator,1,false,,synthetic://dataset_v2/person/SYN-P103
t1-01844#0,t1-01844,Zofia Fenas,SYN-P103,T1,eval,location_linked,In which place did Zofia Fenas die?,Wraythport,true,false,SYN-P009,collaborator,1,false,,synthetic://dataset_v2/person/SYN-P103
t1-01845#0,t1-01845,Zofia Fenas,SYN-P103,T1,eval,location_linked,In which city did Zofia Fenas complete a doctorate?,Quillholm,true,false,SYN-P009,collaborator,1,false,,synthetic://dataset_v2/person/SYN-P103
t1-01846#0,t1-01846,Zofia Fenas,SYN-P103,T1,eval,relational_associations,With whom did Zofia Fenas collaborate?,Kaspar Elaen,true,false,SYN-P009,collaborator,1,false,,synthetic://dataset_v2/person/SYN-P103
t1-01847#0,t1-01847,Zofia Fenas,SYN-P103,T1,eval,relational_associations,Who was the doctoral advisor of Zofia Fenas?,Wendel Torine,true,false,SYN-P009,collaborator,1,false,,synthetic://dataset_v2/person/SYN-P103
t1-01848#0,t1-01848,Zofia Fenas,SYN-P103,T1,eval,relational_associations,Who was the doctoral student of Zofia Fenas?,Jorun Silov,true,false,SYN-P009,collaborator,1,false,,synthetic://dataset_v2/person/SYN-P103
t1-01849#0,t1-01849,Zofia Fenas,SYN-P103,T1,eval,names_aliases,What is the middle name of Zofia Fenas?,Rhea,true,false,SYN-P009,collaborator,1,false,,synthetic://dataset_v2/person/SYN-P103
t1-01850#0,t1-01850,Zofia Fenas,SYN-P103,T1,eval,names_aliases,What is the full birth name of Zofia Fenas?,Zofia Rhea Fenas,true,false,SYN-P009,collaborator,1,false,,synthetic://dataset_v2/person/SYN-P103
t1-01851#0,t1-01851,Verena Jorard,SYN-P104,T1,eval,biographical_dates,On what date was Verena Jorard born?,17 September 1886,true,false,SYN-P009,research_partner,1,false,,synthetic://dataset_v2/person/SYN-P104
t1-01852#0,t1-01852,Verena Jorard,SYN-P104,T1,eval,biographical_dates,On what date did Verena Jorard die?,25 November 1953,true,false,SYN-P009,research_partner,1,false,,synthetic://dataset_v2/person/SYN-P104
t1-01853#0,t1-01853,Verena Jorard,SYN-P104,T1,eval,biographical_dates,In which year did Verena Jorard complete a doctorate?,1913,true,false,SYN-P009,research_partner,1,false,,synthetic://dataset_v2/person/SYN-P104
t1-01854#0,t1-01854,Verena Jorard,SYN-P104,T1,eval,biographical_dates,In which year did Verena Jorard take up a post at Bastion Laboratory of Neural Manifolds?,1914,true,false,SYN-P009,research_partner,1,false,,synthetic://dataset_v2/person/SYN-P104
t1-01855#0,t1-01855,Verena Jorard,SYN-P104,T1,eval,biographical_dates,In which year was Verena Jorard awarded the Ardent Medal?,1932,true,false,SYN-P009,research_partner,1,false,,synthetic://dataset_v2/person/SYN-P104
t1-01856#0,t1-01856,Verena Jorard,SYN-P104,T1,eval,location_linked,In which place was Verena Jorard born?,Xantharn,true,false,SYN-P009,research_partner,1,false,,synthetic://dataset_v2/person/SYN-P104
t1-01857#0,t1-01857,Verena Jorard,SYN-P104,T1,eval,location_linked,In which country was Verena Jorard born?,Ostravia,true,false,SYN-P009,research_partner,1,false,,synthetic://dataset_v2/person/SYN-P104
t1-01858#0,t1-01858,Verena Jorard,SYN-P104,T1,eval,location_linked,In which place did Verena Jorard die?,Palewhollow,true,false,SYN-P009,research_partner,1,false,,synthetic://dataset_v2/person/SYN-P104
t1-01859#0,t1-01859,Verena Jorard,SYN-P104,T1,eval,location_linked,In which city did Verena Jorard complete a doctorate?,Iskrvale,true,false,SYN-P009,research_partner,1,false,,synthetic://dataset_v2/person/SYN-P104
t1-01860#0,t1-01860,Verena Jorard,SYN-P104,T1,eval,relational_associations,Who was the working partner of Verena Jorard?,Kaspar Elaen,true,false,SYN-P009,research_partner,1,false,,synthetic://dataset_v2/person/SYN-P104
t1-01861#0,t1-01861,Verena Jorard,SYN-P104,T1,eval,relational_associations,Which political party did Verena Jorard support?,the Lantern Front,true,false,SYN-P009,research_partner,1,true,,synthetic://dataset_v2/person/SYN-P104
t1-01862#0,t1-01862,Verena Jorard,SYN-P104,T1,eval,relational_associations,Who was the doctoral advisor of Verena Jorard?,Gideon Vorel,true,false,SYN-P009,research_partner,1,false,,synthetic://dataset_v2/person/SYN-P104
t1-01863#0,t1-01863,Verena Jorard,SYN-P104,T1,eval,names_aliases,What is the middle name of Verena Jorard?,Cyril,true,false,SYN-P009,research_partner,1,false,,synthetic://dataset_v2/person/SYN-P104
t1-01864#0,t1-01864,Verena Jorard,SYN-P104,T1,eval,names_aliases,What is the full birth name of Verena Jorard?,Verena Cyril Jorard,true,false,SYN-P009,research_partner,1,false,,synthetic://dataset_v2/person/SYN-P104
t1-01865#0,t1-01865,Iva Serorn,SYN-P106,T1,eval,biographical_dates,On what date was Iva Serorn born?,4 November 1899,true,false,SYN-P010,employer_overlap,1,false,,synthetic://dataset_v2/person/SYN-P106
t1-01866#0,t1-01866,Iva Serorn,SYN-P106,T1,eval,biographical_dates,In which year did Iva Serorn complete a doctorate?,1927,true,false,SYN-P010,employer_overlap,1,false,,synthetic://dataset_v2/person/SYN-P106
t1-01867#0,t1-01867,Iva Serorn,SYN-P106,T1,eval,biographical_dates,In which year did Iva Serorn take up a post at Rampart Research Center of Bioacoustic Ecology?,1929,true,false,SYN-P010,employer_overlap,1,false,,synthetic://dataset_v2/person/SYN-P106
t1-01868#0,t1-01868,Iva Serorn,SYN-P106,T1,eval,biographical_dates,In which year was Iva Serorn awarded the Verrin Laureateship?,1935,true,false,SYN-P010,employer_overlap,1,false,,synthetic://dataset_v2/person/SYN-P106
t1-01869#0,t1-01869,Iva Serorn,SYN-P106,T1,eval,biographical_dates,In which year did Iva Serorn establish the Anvil Laboratory for Bioacoustic Ecology?,1941,true,false,SYN-P010,employer_overlap,1,false,,synthetic://dataset_v2/person/SYN-P106
t1-01870#0,t1-01870,Iva Serorn,SYN-P106,T1,eval,location_linked,In which place was Iva Serorn born?,Rhelmridge,true,false,SYN-P010,employer_overlap,1,false,,synthetic://dataset_v2/person/SYN-P106
t1-01871#0,t1-01871,Iva Serorn,SYN-P106,T1,eval,location_linked,In which country was Iva Serorn born?,Auralia,true,false,SYN-P010,employer_overlap,1,false,,synthetic://dataset_v2/person/SYN-P106
t1-01872#0,t1-01872,Iva Serorn,SYN-P106,T1,eval,location_linked,In which city did Iva Serorn complete a doctorate?,Calderford,true,false,SYN-P010,employer_overlap,1,false,,synthetic://dataset_v2/person/SYN-P106
t1-01873#0,t1-01873,Iva Serorn,SYN-P106,T1,eval,location_linked,In which city did Iva Serorn chiefly work?,Verrfell,true,false,SYN-P010,employer_overlap,1,false,,synthetic://dataset_v2/person/SYN-P106
t1-01874#0,t1-01874,Iva Serorn,SYN-P106,T1,eval,relational_associations,With which institution was Iva Serorn associated?,Rampart Research Center of Bioacoustic Ecology,true,false,SYN-P010,employer_overlap,1,false,,synthetic://dataset_v2/person/SYN-P106
t1-01875#0,t1-01875,Iva Serorn,SYN-P106,T1,eval,relational_associations,Who was the doctoral advisor of Iva Serorn?,Oren Serell,true,false,SYN-P010,employer_overlap,1,false,,synthetic://dataset_v2/person/SYN-P106
t1-01876#0,t1-01876,Iva Serorn,SYN-P106,T1,eval,relational_associations,Who was the doctoral student of Iva Serorn?,Ulrich Eskis,true,false,SYN-P010,employer_overlap,1,false,,synthetic://dataset_v2/person/SYN-P106
t1-01877#0,t1-01877,Iva Serorn,SYN-P106,T1,eval,names_aliases,What is the middle name of Iva Serorn?,Ursel,true,false,SYN-P010,employer_overlap,1,false,,synthetic://dataset_v2/person/SYN-P106
t1-01878#0,t1-01878,Iva Serorn,SYN-P106,T1,eval,names_aliases,What is the full birth name of Iva Serorn?,Iva Ursel Serorn,true,false,SYN-P010,employer_overlap,1,false,,synthetic://dataset_v2/person/SYN-P106
t1-01879#0,t1-01879,Nikolai Pelorn,SYN-P108,T1,eval,biographical_dates,On what date was Nikolai Pelorn born?,14 November 1895,true,false,SYN-P010,employer_overlap,1,false,,synthetic://dataset_v2/person/SYN-P108
t1-01880#0,t1-01880,Nikolai Pelorn,SYN-P108,T1,eval,biographical_dates,In which year did Nikolai Pelorn complete a doctorate?,1925,true,false,SYN-P010,employer_overlap,1,false,,synthetic://dataset_v2/person/SYN-P108
t1-01881#0,t1-01881,Nikolai Pelorn,SYN-P108,T1,eval,biographical_dates,In which year did Nikolai Pelorn take up a post at Rampart Research Center of Bioacoustic Ecology?,1927,true,false,SYN-P010,employer_overlap,1,false,,synthetic://dataset_v2/person/SYN-P108
t1-01882#0,t1-01882,Nikolai Pelorn,SYN-P108,T1,eval,biographical_dates,In which year was Nikolai Pelorn awarded the Quiver Laureateship?,1930,true,false,SYN-P010,employer_overlap,1,false,,synthetic://dataset_v2/person/SYN-P108
t1-01883#0,t1-01883,Nikolai Pelorn,SYN-P108,T1,eval,biographical_dates,In which year did Nikolai Pelorn establish the Windlass Laboratory for Bioacoustic Ecology?,1930,true,false,SYN-P010,employer_overlap,1,false,,synthetic://dataset_v2/person/SYN-P108
t1-01884#0,t1-01884,Nikolai Pelorn,SYN-P108,T1,eval,location_linked,In which place was Nikolai Pelorn born?,Petrcrest,true,false,SYN-P010,employer_overlap,1,false,,synthetic://dataset_v2/person/SYN-P108
t1-01885#0,t1-01885,Nikolai Pelorn,SYN-P108,T1,eval,location_linked,In which country was Nikolai Pelorn born?,Fenwold,true,false,SYN-P010,employer_overlap,1,false,,synthetic://dataset_v2/person/SYN-P108
t1-01886#0,t1-01886,Nikolai Pelorn,SYN-P108,T1,eval,location_linked,In which city did Nikolai Pelorn complete a doctorate?,Harrohollow,true,false,SYN-P010,employer_overlap,1,false,,synthetic://dataset_v2/person/SYN-P108
t1-01887#0,t1-01887,Nikolai Pelorn,SYN-P108,T1,eval,location_linked,In which city did Nikolai Pelorn chiefly work?,Verrfell,true,false,SYN-P010,employer_overlap,1,false,,synthetic://dataset_v2/person/SYN-P108
t1-01888#0,t1-01888,Nikolai Pelorn,SYN-P108,T1,eval,relational_associations,With which institution was Nikolai Pelorn associated?,Rampart Research Center of Bioacoustic Ecology,true,false,SYN-P010,employer_overlap,1,false,,synthetic://dataset_v2/person/SYN-P108
t1-01889#0,t1-01889,Nikolai Pelorn,SYN-P108,T1,eval,relational_associations,Who was the doctoral advisor of Nikolai Pelorn?,Damek Galovic,true,false,SYN-P010,employer_overlap,1,false,,synthetic://dataset_v2/person/SYN-P108
t1-01890#0,t1-01890,Nikolai Pelorn,SYN-P108,T1,eval,relational_associations,Who was the doctoral student of Nikolai Pelorn?,Yorick Venel,true,false,SYN-P010,employer_overlap,1,false,,synthetic://dataset_v2/person/SYN-P108
t1-01891#0,t1-01891,Nikolai Pelorn,SYN-P108,T1,eval,names_aliases,What is the middle name of Nikolai Pelorn?,Fira,true,false,SYN-P010,employer_overlap,1,false,,synthetic://dataset_v2/person/SYN-P108
t1-01892#0,t1-01892,Nikolai Pelorn,SYN-P108,T1,eval,names_aliases,What is the full birth name of Nikolai Pelorn?,Nikolai Fira Pelorn,true,false,SYN-P010,employer_overlap,1,false,,synthetic://dataset_v2/person/SYN-P108
t1-01893#0,t1-01893,Anselm Noveth,SYN-P111,T1,eval,biographical_dates,On what date was Anselm Noveth born?,15 October 1904,true,false,SYN-P010,doctoral_student_of,1,false,,synthetic://dataset_v2/person/SYN-P111
t1-01894#0,t1-01894,Anselm Noveth,SYN-P111,T1,eval,biographical_dates,In which year did Anselm Noveth complete a doctorate?,1929,true,false,SYN-P010,doctoral_student_of,1,false,,synthetic://dataset_v2/person/SYN-P111
t1-01895#0,t1-01895,Anselm Noveth,SYN-P111,T1,eval,biographical_dates,In which year did Anselm Noveth take up a post at Ingot College?,1937,true,false,SYN-P010,doctoral_student_of,1,false,,synthetic://dataset_v2/person/SYN-P111
t1-01896#0,t1-01896,Anselm Noveth,SYN-P111,T1,eval,biographical_dates,In which year was Anselm Noveth awarded the Lantern Medal?,1950,true,false,SYN-P010,doctoral_student_of,1,false,,synthetic://dataset_v2/person/SYN-P111
t1-01897#0,t1-01897,Anselm Noveth,SYN-P111,T1,eval,biographical_dates,In which year did Anselm Noveth establish the Beacon Laboratory for Synthetic Enzymology?,1940,true,false,SYN-P010,doctoral_student_of,1,false,,synthetic://dataset_v2/person/SYN-P111
t1-01898#0,t1-01898,Anselm Noveth,SYN-P111,T1,eval,location_linked,In which place was Anselm Noveth born?,Palewgate,true,false,SYN-P010,doctoral_student_of,1,false,,synthetic://dataset_v2/person/SYN-P111
t1-01899#0,t1-01899,Anselm Noveth,SYN-P111,T1,eval,location_linked,In which country was Anselm Noveth born?,Auralia,true,false,SYN-P010,doctoral_student_of,1,false,,synthetic://dataset_v2/person/SYN-P111
t1-01900#0,t1-01900,Anselm Noveth,SYN-P111,T1,eval,location_linked,In which city did Anselm Noveth complete a doctorate?,Zephis,true,false,SYN-P010,doctoral_student_of,1,false,,synthetic://dataset_v2/person/SYN-P111
t1-01901#0,t1-01901,Anselm Noveth,SYN-P111,T1,eval,location_linked,In which city did Anselm Noveth chiefly work?,Quillmarsh,true,false,SYN-P010,doctoral_student_of,1,false,,synthetic://dataset_v2/person/SYN-P111
t1-01902#0,t1-01902,Anselm Noveth,SYN-P111,T1,eval,relational_associations,Who was the doctoral advisor of Anselm Noveth?,Helena Dreec,true,false,SYN-P010,doctoral_student_of,1,false,,synthetic://dataset_v2/person/SYN-P111
t1-01903#0,t1-01903,Anselm Noveth,SYN-P111,T1,eval,relational_associations,Who was the doctoral student of Anselm Noveth?,Greta Venas,true,false,SYN-P010,doctoral_student_of,1,false,,synthetic://dataset_v2/person/SYN-P111
t1-01904#0,t1-01904,Anselm Noveth,SYN-P111,T1,eval,relational_associations,With whom did Anselm Noveth collaborate?,Rosalind Quenick,true,false,SYN-P010,doctoral_student_of,1,false,,synthetic://dataset_v2/person/SYN-P111
t1-01905#0,t1-01905,Anselm Noveth,SYN-P111,T1,eval,names_aliases,What is the middle name of Anselm Noveth?,Kova,true,false,SYN-P010,doctoral_student_of,1,false,,synthetic://dataset_v2/person/SYN-P111
t1-01906#0,t1-01906,Anselm Noveth,SYN-P111,T1,eval,names_aliases,What is the full birth name of Anselm Noveth?,Anselm Kova Noveth,true,false,SYN-P010,doctoral_student_of,1,false,,synthetic://dataset_v2/person/SYN-P111
t1-01907#0,t1-01907,Fabian Kelath,SYN-P118,T1,eval,biographical_dates,On what date was Fabian Kelath born?,6 July 1950,true,false,SYN-P011,employer_overlap,1,false,,synthetic://dataset_v2/person/SYN-P118
t1-01908#0,t1-01908,Fabian Kelath,SYN-P118,T1,eval,biographical_dates,In which year did Fabian Kelath complete a doctorate?,1977,true,false,SYN-P011,employer_overlap,1,false,,synthetic://dataset_v2/person/SYN-P118
t1-01909#0,t1-01909,Fabian Kelath,SYN-P118,T1,eval,biographical_dates,In which year did Fabian Kelath take up a post at Vellum Polytechnic of Computational Rheology?,1978,true,false,SYN-P011,employer_overlap,1,false,,synthetic://dataset_v2/person/SYN-P118
t1-01910#0,t1-01910,Fabian Kelath,SYN-P118,T1,eval,biographical_dates,In which year was Fabian Kelath awarded the Ardent Medal?,1991,true,false,SYN-P011,employer_overlap,1,false,,synthetic://dataset_v2/person/SYN-P118
t1-01911#0,t1-01911,Fabian Kelath,SYN-P118,T1,eval,biographical_dates,In which year did Fabian Kelath establish the Sextant Laboratory for Computational Rheology?,1989,true,false,SYN-P011,employer_overlap,1,false,,synthetic://dataset_v2/person/SYN-P118
t1-01912#0,t1-01912,Fabian Kelath,SYN-P118,T1,eval,location_linked,In which place was Fabian Kelath born?,Harrois,true,false,SYN-P011,employer_overlap,1,false,,synthetic://dataset_v2/person/SYN-P118
t1-01913#0,t1-01913,Fabian Kelath,SYN-P118,T1,eval,location_linked,In which country was Fabian Kelath born?,Orvantia,true,false,SYN-P011,employer_overlap,1,false,,synthetic://dataset_v2/person/SYN-P118
t1-01914#0,t1-01914,Fabian Kelath,SYN-P118,T1,eval,location_linked,In which city did Fabian Kelath complete a doctorate?,Dunebgate,true,false,SYN-P011,employer_overlap,1,false,,synthetic://dataset_v2/person/SYN-P118
t1-01915#0,t1-01915,Fabian Kelath,SYN-P118,T1,eval,location_linked,In which city did Fabian Kelath chiefly work?,Valermere,true,false,SYN-P011,employer_overlap,1,false,,synthetic://dataset_v2/person/SYN-P118
t1-01916#0,t1-01916,Fabian Kelath,SYN-P118,T1,eval,relational_associations,With which institution was Fabian Kelath associated?,Vellum Polytechnic of Computational Rheology,true,false,SYN-P011,employer_overlap,1,false,,synthetic://dataset_v2/person/SYN-P118
t1-01917#0,t1-01917,Fabian Kelath,SYN-P118,T1,eval,relational_associations,Who was the doctoral advisor of Fabian Kelath?,Theodor Quenel,true,false,SYN-P011,employer_overlap,1,false,,synthetic://dataset_v2/person/SYN-P118
t1-01918#0,t1-01918,Fabian Kelath,SYN-P118,T1,eval,relational_associations,Who was the doctoral student of Fabian Kelath?,Eluned Fenard,true,false,SYN-P011,employer_overlap,1,false,,synthetic://dataset_v2/person/SYN-P118
t1-01919#0,t1-01919,Fabian Kelath,SYN-P118,T1,eval,names_aliases,What is the middle name of Fabian Kelath?,Eira,true,false,SYN-P011,employer_overlap,1,false,,synthetic://dataset_v2/person/SYN-P118
t1-01920#0,t1-01920,Fabian Kelath,SYN-P118,T1,eval,names_aliases,What is the full birth name of Fabian Kelath?,Fabian Eira Kelath,true,false,SYN-P011,employer_overlap,1,false,,synthetic://dataset_v2/person/SYN-P118
t1-01921#0,t1-01921,Nadia Dovis,SYN-P124,T1,eval,biographical_dates,On what date was Nadia Dovis born?,21 July 1839,true,false,SYN-P011,research_partner,1,false,,synthetic://dataset_v2/person/SYN-P124
t1-01922#0,t1-01922,Nadia Dovis,SYN-P124,T1,eval,biographical_dates,In which year did Nadia Dovis complete a doctorate?,1869,true,false,SYN-P011,research_partner,1,false,,synthetic://dataset_v2/person/SYN-P124
t1-01923#0,t1-01923,Nadia Dovis,SYN-P124,T1,eval,biographical_dates,In which year did Nadia Dovis take up a post at Sextant Research Center of Molecular Cartography?,1871,true,false,SYN-P011,research_partner,1,false,,synthetic://dataset_v2/person/SYN-P124
t1-01924#0,t1-01924,Nadia Dovis,SYN-P124,T1,eval,biographical_dates,In which year was Nadia Dovis awarded the Wayfarer Medal?,1883,true,false,SYN-P011,research_partner,1,false,,synthetic://dataset_v2/person/SYN-P124
t1-01925#0,t1-01925,Nadia Dovis,SYN-P124,T1,eval,biographical_dates,In which year did Nadia Dovis establish the Halcyon Laboratory for Molecular Cartography?,1873,true,false,SYN-P011,research_partner,1,false,,synthetic://dataset_v2/person/SYN-P124
t1-01926#0,t1-01926,Nadia Dovis,SYN-P124,T1,eval,location_linked,In which place was Nadia Dovis born?,Thistholm,true,false,SYN-P011,research_partner,1,false,,synthetic://dataset_v2/person/SYN-P124
t1-01927#0,t1-01927,Nadia Dovis,SYN-P124,T1,eval,location_linked,In which country was Nadia Dovis born?,Calibris,true,false,SYN-P011,research_partner,1,false,,synthetic://dataset_v2/person/SYN-P124
t1-01928#0,t1-01928,Nadia Dovis,SYN-P124,T1,eval,location_linked,In which city did Nadia Dovis complete a doctorate?,Drossmere,true,false,SYN-P011,research_partner,1,false,,synthetic://dataset_v2/person/SYN-P124
t1-01929#0,t1-01929,Nadia Dovis,SYN-P124,T1,eval,location_linked,In which city did Nadia Dovis chiefly work?,Drossarn,true,false,SYN-P011,research_partner,1,false,,synthetic://dataset_v2/person/SYN-P124
t1-01930#0,t1-01930,Nadia Dovis,SYN-P124,T1,eval,relational_associations,Who was the working partner of Nadia Dovis?,Edvard Thalas,true,false,SYN-P011,research_partner,1,false,,synthetic://dataset_v2/person/SYN-P124
t1-01931#0,t1-01931,Nadia Dovis,SYN-P124,T1,eval,relational_associations,Who was the doctoral advisor of Nadia Dovis?,Iva Iskane,true,false,SYN-P011,research_partner,1,false,,synthetic://dataset_v2/person/SYN-P124
t1-01932#0,t1-01932,Nadia Dovis,SYN-P124,T1,eval,relational_associations,Who was the doctoral student of Nadia Dovis?,Fabian Haldas,true,false,SYN-P011,research_partner,1,false,,synthetic://dataset_v2/person/SYN-P124
t1-01933#0,t1-01933,Nadia Dovis,SYN-P124,T1,eval,names_aliases,What is the middle name of Nadia Dovis?,Emrys,true,false,SYN-P011,research_partner,1,false,,synthetic://dataset_v2/person/SYN-P124
t1-01934#0,t1-01934,Nadia Dovis,SYN-P124,T1,eval,names_aliases,What is the full birth name of Nadia Dovis?,Nadia Emrys Dovis,true,false,SYN-P011,research_partner,1,false,,synthetic://dataset_v2/person/SYN-P124
t1-01935#0,t1-01935,Kaspar Quenovic,SYN-P125,T1,eval,biographical_dates,On what date was Kaspar Quenovic born?,6 September 1840,true,false,SYN-P011,father,1,false,,synthetic://dataset_v2/person/SYN-P125
t1-01936#0,t1-01936,Kaspar Quenovic,SYN-P125,T1,eval,biographical_dates,In which year did Kaspar Quenovic complete a doctorate?,1868,true,false,SYN-P011,father,1,false,,synthetic://dataset_v2/person/SYN-P125
t1-01937#0,t1-01937,Kaspar Quenovic,SYN-P125,T1,eval,biographical_dates,In which year did Kaspar Quenovic take up a post at Glacis Institute?,1874,true,false,SYN-P011,father,1,false,,synthetic://dataset_v2/person/SYN-P125
t1-01938#0,t1-01938,Kaspar Quenovic,SYN-P125,T1,eval,biographical_dates,In which year was Kaspar Quenovic awarded the Dial Award?,1884,true,false,SYN-P011,father,1,false,,synthetic://dataset_v2/person/SYN-P125
t1-01939#0,t1-01939,Kaspar Quenovic,SYN-P125,T1,eval,biographical_dates,In which year did Kaspar Quenovic establish the Sextant Laboratory for Radiative Climatology?,1885,true,false,SYN-P011,father,1,false,,synthetic://dataset_v2/person/SYN-P125
t1-01940#0,t1-01940,Kaspar Quenovic,SYN-P125,T1,eval,location_linked,In which place was Kaspar Quenovic born?,Marroarn,true,false,SYN-P011,father,1,false,,synthetic://dataset_v2/person/SYN-P125
t1-01941#0,t1-01941,Kaspar Quenovic,SYN-P125,T1,eval,location_linked,In which country was Kaspar Quenovic born?,Orvantia,true,false,SYN-P011,father,1,false,,synthetic://dataset_v2/person/SYN-P125
t1-01942#0,t1-01942,Kaspar Quenovic,SYN-P125,T1,eval,location_linked,In which city did Kaspar Quenovic complete a doctorate?,Stellgate,true,false,SYN-P011,father,1,false,,synthetic://dataset_v2/person/SYN-P125
t1-01943#0,t1-01943,Kaspar Quenovic,SYN-P125,T1,eval,location_linked,In which city did Kaspar Quenovic chiefly work?,Umbrmere,true,false,SYN-P011,father,1,false,,synthetic://dataset_v2/person/SYN-P125
t1-01944#0,t1-01944,Kaspar Quenovic,SYN-P125,T1,eval,relational_associations,Who is the child of Kaspar Quenovic?,Edvard Thalas,true,false,SYN-P011,father,1,false,,synthetic://dataset_v2/person/SYN-P125
t1-01945#0,t1-01945,Kaspar Quenovic,SYN-P125,T1,eval,relational_associations,Who was the doctoral advisor of Kaspar Quenovic?,Zofia Dovorn,true,false,SYN-P011,father,1,false,,synthetic://dataset_v2/person/SYN-P125
t1-01946#0,t1-01946,Kaspar Quenovic,SYN-P125,T1,eval,relational_associations,Who was the doctoral student of Kaspar Quenovic?,Emeric Jorec,true,false,SYN-P011,father,1,false,,synthetic://dataset_v2/person/SYN-P125
t1-01947#0,t1-01947,Kaspar Quenovic,SYN-P125,T1,eval,names_aliases,What is the middle name of Kaspar Quenovic?,Nessa,true,false,SYN-P011,father,1,false,,synthetic://dataset_v2/person/SYN-P125
t1-01948#0,t1-01948,Kaspar Quenovic,SYN-P125,T1,eval,names_aliases,What is the full birth name of Kaspar Quenovic?,Kaspar Nessa Quenovic,true,false,SYN-P011,father,1,false,,synthetic://dataset_v2/person/SYN-P125
t1-01949#0,t1-01949,Anselm Vororn,SYN-P128,T1,eval,biographical_dates,On what date was Anselm Vororn born?,17 March 1879,true,false,SYN-P012,employer_overlap,1,false,,synthetic://dataset_v2/person/SYN-P128
t1-01950#0,t1-01950,Anselm Vororn,SYN-P128,T1,eval,biographical_dates,In which year did Anselm Vororn complete a doctorate?,1908,true,false,SYN-P012,employer_overlap,1,false,,synthetic://dataset_v2/person/SYN-P128
t1-01951#0,t1-01951,Anselm Vororn,SYN-P128,T1,eval,biographical_dates,In which year did Anselm Vororn take up a post at Asterion Polytechnic?,1912,true,false,SYN-P012,employer_overlap,1,false,,synthetic://dataset_v2/person/SYN-P128
t1-01952#0,t1-01952,Anselm Vororn,SYN-P128,T1,eval,biographical_dates,In which year was Anselm Vororn awarded the Aster Medal?,1920,true,false,SYN-P012,employer_overlap,1,false,,synthetic://dataset_v2/person/SYN-P128
t1-01953#0,t1-01953,Anselm Vororn,SYN-P128,T1,eval,location_linked,In which place was Anselm Vororn born?,Xantharn,true,false,SYN-P012,employer_overlap,1,false,,synthetic://dataset_v2/person/SYN-P128
t1-01954#0,t1-01954,Anselm Vororn,SYN-P128,T1,eval,location_linked,In which country was Anselm Vororn born?,Ostravia,true,false,SYN-P012,employer_overlap,1,false,,synthetic://dataset_v2/person/SYN-P128
t1-01955#0,t1-01955,Anselm Vororn,SYN-P128,T1,eval,location_linked,In which city did Anselm Vororn complete a doctorate?,Petrhollow,true,false,SYN-P012,employer_overlap,1,false,,synthetic://dataset_v2/person/SYN-P128
t1-01956#0,t1-01956,Anselm Vororn,SYN-P128,T1,eval,location_linked,In which city did Anselm Vororn chiefly work?,Ordalford,true,false,SYN-P012,employer_overlap,1,false,,synthetic://dataset_v2/person/SYN-P128
t1-01957#0,t1-01957,Anselm Vororn,SYN-P128,T1,eval,location_linked,In which city did Anselm Vororn establish the Rampart Laboratory for Spectral Number Theory?,Palewmere,true,false,SYN-P012,employer_overlap,1,false,,synthetic://dataset_v2/person/SYN-P128
t1-01958#0,t1-01958,Anselm Vororn,SYN-P128,T1,eval,relational_associations,With which institution was Anselm Vororn associated?,Asterion Polytechnic,true,false,SYN-P012,employer_overlap,1,false,,synthetic://dataset_v2/person/SYN-P128
t1-01959#0,t1-01959,Anselm Vororn,SYN-P128,T1,eval,relational_associations,Who was the doctoral advisor of Anselm Vororn?,Corin Quenir,true,false,SYN-P012,employer_overlap,1,false,,synthetic://dataset_v2/person/SYN-P128
t1-01960#0,t1-01960,Anselm Vororn,SYN-P128,T1,eval,relational_associations,Who was the doctoral student of Anselm Vororn?,Halina Ashec,true,false,SYN-P012,employer_overlap,1,false,,synthetic://dataset_v2/person/SYN-P128
t1-01961#0,t1-01961,Anselm Vororn,SYN-P128,T1,eval,names_aliases,What is the middle name of Anselm Vororn?,Hale,true,false,SYN-P012,employer_overlap,1,false,,synthetic://dataset_v2/person/SYN-P128
t1-01962#0,t1-01962,Anselm Vororn,SYN-P128,T1,eval,names_aliases,What is the full birth name of Anselm Vororn?,Anselm Hale Vororn,true,false,SYN-P012,employer_overlap,1,false,,synthetic://dataset_v2/person/SYN-P128
t1-01963#0,t1-01963,Ceres Quenine,SYN-P132,T1,eval,biographical_dates,On what date was Ceres Quenine born?,4 July 1884,true,false,SYN-P012,doctoral_advisor,1,false,,synthetic://dataset_v2/person/SYN-P132
t1-01964#0,t1-01964,Ceres Quenine,SYN-P132,T1,eval,biographical_dates,On what date did Ceres Quenine die?,22 June 1937,true,false,SYN-P012,doctoral_advisor,1,false,,synthetic://dataset_v2/person/SYN-P132
t1-01965#0,t1-01965,Ceres Quenine,SYN-P132,T1,eval,biographical_dates,In which year did Ceres Quenine complete a doctorate?,1912,true,false,SYN-P012,doctoral_advisor,1,false,,synthetic://dataset_v2/person/SYN-P132
t1-01966#0,t1-01966,Ceres Quenine,SYN-P132,T1,eval,biographical_dates,In which year did Ceres Quenine take up a post at Glacis Polytechnic?,1913,true,false,SYN-P012,doctoral_advisor,1,false,,synthetic://dataset_v2/person/SYN-P132
t1-01967#0,t1-01967,Ceres Quenine,SYN-P132,T1,eval,location_linked,In which place was Ceres Quenine born?,Novamere,true,false,SYN-P012,doctoral_advisor,1,false,,synthetic://dataset_v2/person/SYN-P132
t1-01968#0,t1-01968,Ceres Quenine,SYN-P132,T1,eval,location_linked,In which country was Ceres Quenine born?,Thessia,true,false,SYN-P012,doctoral_advisor,1,false,,synthetic://dataset_v2/person/SYN-P132
t1-01969#0,t1-01969,Ceres Quenine,SYN-P132,T1,eval,location_linked,In which place did Ceres Quenine die?,Nythwick,true,false,SYN-P012,doctoral_advisor,1,false,,synthetic://dataset_v2/person/SYN-P132
t1-01970#0,t1-01970,Ceres Quenine,SYN-P132,T1,eval,location_linked,In which city did Ceres Quenine complete a doctorate?,Drossmere,true,false,SYN-P012,doctoral_advisor,1,false,,synthetic://dataset_v2/person/SYN-P132
t1-01971#0,t1-01971,Ceres Quenine,SYN-P132,T1,eval,location_linked,In which city did Ceres Quenine chiefly work?,Iskrhollow,true,false,SYN-P012,doctoral_advisor,1,false,,synthetic://dataset_v2/person/SYN-P132
t1-01972#0,t1-01972,Ceres Quenine,SYN-P132,T1,eval,relational_associations,Who was the doctoral student of Ceres Quenine?,Kirill Keleth,true,false,SYN-P012,doctoral_advisor,1,false,,synthetic://dataset_v2/person/SYN-P132
t1-01973#0,t1-01973,Ceres Quenine,SYN-P132,T1,eval,relational_associations,From which community did the family of Ceres Quenine descend?,the Orin river communities,true,false,SYN-P012,doctoral_advisor,1,true,,synthetic://dataset_v2/person/SYN-P132
t1-01974#0,t1-01974,Ceres Quenine,SYN-P132,T1,eval,relational_associations,Who was the doctoral advisor of Ceres Quenine?,Kirill Cadrec,true,false,SYN-P012,doctoral_advisor,1,false,,synthetic://dataset_v2/person/SYN-P132
t1-01975#0,t1-01975,Ceres Quenine,SYN-P132,T1,eval,names_aliases,What is the middle name of Ceres Quenine?,Ursel,true,false,SYN-P012,doctoral_advisor,1,false,,synthetic://dataset_v2/person/SYN-P132
t1-01976#0,t1-01976,Ceres Quenine,SYN-P132,T1,eval,names_aliases,What is the full birth name of Ceres Quenine?,Ceres Ursel Quenine,true,false,SYN-P012,doctoral_advisor,1,false,,synthetic://dataset_v2/person/SYN-P132
t1-01977#0,t1-01977,Ulyana Thalas,SYN-P135,T1,eval,biographical_dates,On what date was Ulyana Thalas born?,13 March 1927,true,false,SYN-P012,mother,1,false,,synthetic://dataset_v2/person/SYN-P135
t1-01978#0,t1-01978,Ulyana Thalas,SYN-P135,T1,eval,biographical_dates,On what date did Ulyana Thalas die?,11 December 1986,true,false,SYN-P012,mother,1,false,,synthetic://dataset_v2/person/SYN-P135
t1-01979#0,t1-01979,Ulyana Thalas,SYN-P135,T1,eval,biographical_dates,In which year did Ulyana Thalas complete a doctorate?,1957,true,false,SYN-P012,mother,1,false,,synthetic://dataset_v2/person/SYN-P135
t1-01980#0,t1-01980,Ulyana Thalas,SYN-P135,T1,eval,biographical_dates,In which year did Ulyana Thalas take up a post at Equinox Academy of Molecular Cartography?,1963,true,false,SYN-P012,mother,1,false,,synthetic://dataset_v2/person/SYN-P135
t1-01981#0,t1-01981,Ulyana Thalas,SYN-P135,T1,eval,location_linked,In which place was Ulyana Thalas born?,Stellarn,true,false,SYN-P012,mother,1,false,,synthetic://dataset_v2/person/SYN-P135
t1-01982#0,t1-01982,Ulyana Thalas,SYN-P135,T1,eval,location_linked,In which country was Ulyana Thalas born?,Orvantia,true,false,SYN-P012,mother,1,false,,synthetic://dataset_v2/person/SYN-P135
t1-01983#0,t1-01983,Ulyana Thalas,SYN-P135,T1,eval,location_linked,In which place did Ulyana Thalas die?,Rhelmgate,true,false,SYN-P012,mother,1,false,,synthetic://dataset_v2/person/SYN-P135
t1-01984#0,t1-01984,Ulyana Thalas,SYN-P135,T1,eval,location_linked,In which city did Ulyana Thalas complete a doctorate?,Amberford,true,false,SYN-P012,mother,1,false,,synthetic://dataset_v2/person/SYN-P135
t1-01985#0,t1-01985,Ulyana Thalas,SYN-P135,T1,eval,location_linked,In which city did Ulyana Thalas chiefly work?,Kestrfell,true,false,SYN-P012,mother,1,false,,synthetic://dataset_v2/person/SYN-P135
t1-01986#0,t1-01986,Ulyana Thalas,SYN-P135,T1,eval,relational_associations,Who is the child of Ulyana Thalas?,Kirill Keleth,true,false,SYN-P012,mother,1,false,,synthetic://dataset_v2/person/SYN-P135
t1-01987#0,t1-01987,Ulyana Thalas,SYN-P135,T1,eval,relational_associations,Who was the doctoral advisor of Ulyana Thalas?,Jonas Orsane,true,false,SYN-P012,mother,1,false,,synthetic://dataset_v2/person/SYN-P135
t1-01988#0,t1-01988,Ulyana Thalas,SYN-P135,T1,eval,relational_associations,Who was the doctoral student of Ulyana Thalas?,Rafael Marard,true,false,SYN-P012,mother,1,false,,synthetic://dataset_v2/person/SYN-P135
t1-01989#0,t1-01989,Ulyana Thalas,SYN-P135,T1,eval,names_aliases,What is the middle name of Ulyana Thalas?,Ione,true,false,SYN-P012,mother,1,false,,synthetic://dataset_v2/person/SYN-P135
t1-01990#0,t1-01990,Ulyana Thalas,SYN-P135,T1,eval,names_aliases,What is the full birth name of Ulyana Thalas?,Ulyana Ione Thalas,true,false,SYN-P012,mother,1,false,,synthetic://dataset_v2/person/SYN-P135
t1-01991#0,t1-01991,Rosalind Vorir,SYN-P137,T1,eval,biographical_dates,On what date was Rosalind Vorir born?,24 June 1886,true,false,SYN-P013,employer_overlap,1,false,,synthetic://dataset_v2/person/SYN-P137
t1-01992#0,t1-01992,Rosalind Vorir,SYN-P137,T1,eval,biographical_dates,In which year did Rosalind Vorir complete a doctorate?,1913,true,false,SYN-P013,employer_overlap,1,false,,synthetic://dataset_v2/person/SYN-P137
t1-01993#0,t1-01993,Rosalind Vorir,SYN-P137,T1,eval,biographical_dates,In which year did Rosalind Vorir take up a post at Meridian Foundation of Radiative Climatology?,1918,true,false,SYN-P013,employer_overlap,1,false,,synthetic://dataset_v2/person/SYN-P137
t1-01994#0,t1-01994,Rosalind Vorir,SYN-P137,T1,eval,biographical_dates,In which year was Rosalind Vorir awarded the Foil Award?,1934,true,false,SYN-P013,employer_overlap,1,false,,synthetic://dataset_v2/person/SYN-P137
t1-01995#0,t1-01995,Rosalind Vorir,SYN-P137,T1,eval,location_linked,In which place was Rosalind Vorir born?,Nythhaven,true,false,SYN-P013,employer_overlap,1,false,,synthetic://dataset_v2/person/SYN-P137
t1-01996#0,t1-01996,Rosalind Vorir,SYN-P137,T1,eval,location_linked,In which country was Rosalind Vorir born?,Ostravia,true,false,SYN-P013,employer_overlap,1,false,,synthetic://dataset_v2/person/SYN-P137
t1-01997#0,t1-01997,Rosalind Vorir,SYN-P137,T1,eval,location_linked,In which city did Rosalind Vorir complete a doctorate?,Iskrfell,true,false,SYN-P013,employer_overlap,1,false,,synthetic://dataset_v2/person/SYN-P137
t1-01998#0,t1-01998,Rosalind Vorir,SYN-P137,T1,eval,location_linked,In which city did Rosalind Vorir chiefly work?,Kestrholm,true,false,SYN-P013,employer_overlap,1,false,,synthetic://dataset_v2/person/SYN-P137
t1-01999#0,t1-01999,Rosalind Vorir,SYN-P137,T1,eval,location_linked,In which city did Rosalind Vorir establish the Caldera Laboratory for Radiative Climatology?,Palewstead,true,false,SYN-P013,employer_overlap,1,false,,synthetic://dataset_v2/person/SYN-P137
t1-02000#0,t1-02000,Rosalind Vorir,SYN-P137,T1,eval,relational_associations,With which institution was Rosalind Vorir associated?,Meridian Foundation of Radiative Climatology,true,false,SYN-P013,employer_overlap,1,false,,synthetic://dataset_v2/person/SYN-P137
t1-02001#0,t1-02001,Rosalind Vorir,SYN-P137,T1,eval,relational_associations,Who was the doctoral advisor of Rosalind Vorir?,Sabine Novick,true,false,SYN-P013,employer_overlap,1,false,,synthetic://dataset_v2/person/SYN-P137
t1-02002#0,t1-02002,Rosalind Vorir,SYN-P137,T1,eval,relational_associations,Who was the doctoral student of Rosalind Vorir?,Eluned Haldine,true,false,SYN-P013,employer_overlap,1,false,,synthetic://dataset_v2/person/SYN-P137
t1-02003#0,t1-02003,Rosalind Vorir,SYN-P137,T1,eval,relational_associations,With whom did Rosalind Vorir collaborate?,Kirill Wynan,true,false,SYN-P013,employer_overlap,1,false,,synthetic://dataset_v2/person/SYN-P137
t1-02004#0,t1-02004,Rosalind Vorir,SYN-P137,T1,eval,names_aliases,What is the middle name of Rosalind Vorir?,Nessa,true,false,SYN-P013,employer_overlap,1,false,,synthetic://dataset_v2/person/SYN-P137
t1-02005#0,t1-02005,Emeric Pelane,SYN-P138,T1,eval,biographical_dates,On what date was Emeric Pelane born?,9 December 1856,true,false,SYN-P013,employer_overlap,1,false,,synthetic://dataset_v2/person/SYN-P138
t1-02006#0,t1-02006,Emeric Pelane,SYN-P138,T1,eval,biographical_dates,In which year did Emeric Pelane complete a doctorate?,1882,true,false,SYN-P013,employer_overlap,1,false,,synthetic://dataset_v2/person/SYN-P138
t1-02007#0,t1-02007,Emeric Pelane,SYN-P138,T1,eval,biographical_dates,In which year did Emeric Pelane take up a post at Meridian Foundation of Radiative Climatology?,1884,true,false,SYN-P013,employer_overlap,1,false,,synthetic://dataset_v2/person/SYN-P138
t1-02008#0,t1-02008,Emeric Pelane,SYN-P138,T1,eval,biographical_dates,In which year was Emeric Pelane awarded the Wayfarer Award?,1889,true,false,SYN-P013,employer_overlap,1,false,,synthetic://dataset_v2/person/SYN-P138
t1-02009#0,t1-02009,Emeric Pelane,SYN-P138,T1,eval,location_linked,In which place was Emeric Pelane born?,Lowmfell,true,false,SYN-P013,employer_overlap,1,false,,synthetic://dataset_v2/person/SYN-P138
t1-02010#0,t1-02010,Emeric Pelane,SYN-P138,T1,eval,location_linked,In which country was Emeric Pelane born?,Thessia,true,false,SYN-P013,employer_overlap,1,false,,synthetic://dataset_v2/person/SYN-P138
t1-02011#0,t1-02011,Emeric Pelane,SYN-P138,T1,eval,location_linked,In which city did Emeric Pelane complete a doctorate?,Verrholm,true,false,SYN-P013,employer_overlap,1,false,,synthetic://dataset_v2/person/SYN-P138
t1-02012#0,t1-02012,Emeric Pelane,SYN-P138,T1,eval,location_linked,In which city did Emeric Pelane chiefly work?,Kestrholm,true,false,SYN-P013,employer_overlap,1,false,,synthetic://dataset_v2/person/SYN-P138
t1-02013#0,t1-02013,Emeric Pelane,SYN-P138,T1,eval,location_linked,In which city did Emeric Pelane establish the Beacon Laboratory for Radiative Climatology?,Verrholm,true,false,SYN-P013,employer_overlap,1,false,,synthetic://dataset_v2/person/SYN-P138
t1-02014#0,t1-02014,Emeric Pelane,SYN-P138,T1,eval,relational_associations,With which institution was Emeric Pelane associated?,Meridian Foundation of Radiative Climatology,true,false,SYN-P013,employer_overlap,1,false,,synthetic://dataset_v2/person/SYN-P138
t1-02015#0,t1-02015,Emeric Pelane,SYN-P138,T1,eval,relational_associations,Who was the doctoral advisor of Emeric Pelane?,Perrin Iris,true,false,SYN-P013,employer_overlap,1,false,,synthetic://dataset_v2/person/SYN-P138
t1-02016#0,t1-02016,Emeric Pelane,SYN-P138,T1,eval,relational_associations,Who was the doctoral student of Emeric Pelane?,Liora Irine,true,false,SYN-P013,employer_overlap,1,false,,synthetic://dataset_v2/person/SYN-P138
t1-02017#0,t1-02017,Emeric Pelane,SYN-P138,T1,eval,relational_associations,With whom did Emeric Pelane collaborate?,Ilan Cororn,true,false,SYN-P013,employer_overlap,1,false,,synthetic://dataset_v2/person/SYN-P138
t1-02018#0,t1-02018,Emeric Pelane,SYN-P138,T1,eval,names_aliases,What is the middle name of Emeric Pelane?,Osric,true,false,SYN-P013,employer_overlap,1,false,,synthetic://dataset_v2/person/SYN-P138
t1-02019#0,t1-02019,Leon Ravine,SYN-P144,T1,eval,biographical_dates,On what date was Leon Ravine born?,14 October 1833,true,false,SYN-P013,research_partner,1,false,,synthetic://dataset_v2/person/SYN-P144
t1-02020#0,t1-02020,Leon Ravine,SYN-P144,T1,eval,biographical_dates,In which year did Leon Ravine complete a doctorate?,1856,true,false,SYN-P013,research_partner,1,false,,synthetic://dataset_v2/person/SYN-P144
t1-02021#0,t1-02021,Leon Ravine,SYN-P144,T1,eval,biographical_dates,In which year did Leon Ravine take up a post at Crucible Institute of Advanced Study of Cryogenic Photonics?,1862,true,false,SYN-P013,research_partner,1,false,,synthetic://dataset_v2/person/SYN-P144
t1-02022#0,t1-02022,Leon Ravine,SYN-P144,T1,eval,biographical_dates,In which year was Leon Ravine awarded the Dial Laureateship?,1882,true,false,SYN-P013,research_partner,1,false,,synthetic://dataset_v2/person/SYN-P144
t1-02023#0,t1-02023,Leon Ravine,SYN-P144,T1,eval,location_linked,In which place was Leon Ravine born?,Novaford,true,false,SYN-P013,research_partner,1,false,,synthetic://dataset_v2/person/SYN-P144
t1-02024#0,t1-02024,Leon Ravine,SYN-P144,T1,eval,location_linked,In which country was Leon Ravine born?,Ostravia,true,false,SYN-P013,research_partner,1,false,,synthetic://dataset_v2/person/SYN-P144
t1-02025#0,t1-02025,Leon Ravine,SYN-P144,T1,eval,location_linked,In which city did Leon Ravine complete a doctorate?,Kestrholm,true,false,SYN-P013,research_partner,1,false,,synthetic://dataset_v2/person/SYN-P144
t1-02026#0,t1-02026,Leon Ravine,SYN-P144,T1,eval,location_linked,In which city did Leon Ravine chiefly work?,Ordalhollow,true,false,SYN-P013,research_partner,1,false,,synthetic://dataset_v2/person/SYN-P144
t1-02027#0,t1-02027,Leon Ravine,SYN-P144,T1,eval,location_linked,In which city did Leon Ravine establish the Helix Laboratory for Cryogenic Photonics?,Mirrmarsh,true,false,SYN-P013,research_partner,1,false,,synthetic://dataset_v2/person/SYN-P144
t1-02028#0,t1-02028,Leon Ravine,SYN-P144,T1,eval,relational_associations,Who was the working partner of Leon Ravine?,Ivo Ashov,true,false,SYN-P013,research_partner,1,false,,synthetic://dataset_v2/person/SYN-P144
t1-02029#0,t1-02029,Leon Ravine,SYN-P144,T1,eval,relational_associations,Who was the doctoral advisor of Leon Ravine?,Lucan Silov,true,false,SYN-P013,research_partner,1,false,,synthetic://dataset_v2/person/SYN-P144
t1-02030#0,t1-02030,Leon Ravine,SYN-P144,T1,eval,relational_associations,Who was the doctoral student of Leon Ravine?,Yseult Joris,true,false,SYN-P013,research_partner,1,false,,synthetic://dataset_v2/person/SYN-P144
t1-02031#0,t1-02031,Leon Ravine,SYN-P144,T1,eval,relational_associations,With whom did Leon Ravine collaborate?,Fleur Silyn,true,false,SYN-P013,research_partner,1,false,,synthetic://dataset_v2/person/SYN-P144
t1-02032#0,t1-02032,Leon Ravine,SYN-P144,T1,eval,names_aliases,What is the middle name of Leon Ravine?,Aven,true,false,SYN-P013,research_partner,1,false,,synthetic://dataset_v2/person/SYN-P144
t1-02033#0,t1-02033,Katarin Ulrard,SYN-P148,T1,eval,biographical_dates,On what date was Katarin Ulrard born?,28 May 1845,true,false,SYN-P014,employer_overlap,1,false,,synthetic://dataset_v2/person/SYN-P148
t1-02034#0,t1-02034,Katarin Ulrard,SYN-P148,T1,eval,biographical_dates,On what date did Katarin Ulrard die?,11 May 1914,true,false,SYN-P014,employer_overlap,1,false,,synthetic://dataset_v2/person/SYN-P148
t1-02035#0,t1-02035,Katarin Ulrard,SYN-P148,T1,eval,biographical_dates,In which year did Katarin Ulrard complete a doctorate?,1873,true,false,SYN-P014,employer_overlap,1,false,,synthetic://dataset_v2/person/SYN-P148
t1-02036#0,t1-02036,Katarin Ulrard,SYN-P148,T1,eval,biographical_dates,In which year did Katarin Ulrard take up a post at Asterion Institute?,1874,true,false,SYN-P014,employer_overlap,1,false,,synthetic://dataset_v2/person/SYN-P148
t1-02037#0,t1-02037,Katarin Ulrard,SYN-P148,T1,eval,location_linked,In which place was Katarin Ulrard born?,Rhelmmarsh,true,false,SYN-P014,employer_overlap,1,false,,synthetic://dataset_v2/person/SYN-P148
t1-02038#0,t1-02038,Katarin Ulrard,SYN-P148,T1,eval,location_linked,In which country was Katarin Ulrard born?,Serevane,true,false,SYN-P014,employer_overlap,1,false,,synthetic://dataset_v2/person/SYN-P148
t1-02039#0,t1-02039,Katarin Ulrard,SYN-P148,T1,eval,location_linked,In which place did Katarin Ulrard die?,Harroholm,true,false,SYN-P014,employer_overlap,1,false,,synthetic://dataset_v2/person/SYN-P148
t1-02040#0,t1-02040,Katarin Ulrard,SYN-P148,T1,eval,location_linked,In which city did Katarin Ulrard complete a doctorate?,Emberis,true,false,SYN-P014,employer_overlap,1,false,,synthetic://dataset_v2/person/SYN-P148
t1-02041#0,t1-02041,Katarin Ulrard,SYN-P148,T1,eval,location_linked,In which city did Katarin Ulrard chiefly work?,Sorrhollow,true,false,SYN-P014,employer_overlap,1,false,,synthetic://dataset_v2/person/SYN-P148
t1-02042#0,t1-02042,Katarin Ulrard,SYN-P148,T1,eval,relational_associations,With which institution was Katarin Ulrard associated?,Asterion Institute,true,false,SYN-P014,employer_overlap,1,false,,synthetic://dataset_v2/person/SYN-P148
t1-02043#0,t1-02043,Katarin Ulrard,SYN-P148,T1,eval,relational_associations,Who was the doctoral advisor of Katarin Ulrard?,Wendel Branorn,true,false,SYN-P014,employer_overlap,1,false,,synthetic://dataset_v2/person/SYN-P148
t1-02044#0,t1-02044,Katarin Ulrard,SYN-P148,T1,eval,relational_associations,Who was the doctoral student of Katarin Ulrard?,Zoran Jorell,true,false,SYN-P014,employer_overlap,1,false,,synthetic://dataset_v2/person/SYN-P148
t1-02045#0,t1-02045,Katarin Ulrard,SYN-P148,T1,eval,relational_associations,With whom did Katarin Ulrard collaborate?,Esme Beless,true,false,SYN-P014,employer_overlap,1,false,,synthetic://dataset_v2/person/SYN-P148
t1-02046#0,t1-02046,Katarin Ulrard,SYN-P148,T1,eval,names_aliases,What is the middle name of Katarin Ulrard?,Alric,true,false,SYN-P014,employer_overlap,1,false,,synthetic://dataset_v2/person/SYN-P148
t1-02047#0,t1-02047,Florian Marec,SYN-P152,T1,eval,biographical_dates,On what date was Florian Marec born?,24 December 1928,true,false,SYN-P014,doctoral_advisor,1,false,,synthetic://dataset_v2/person/SYN-P152
t1-02048#0,t1-02048,Florian Marec,SYN-P152,T1,eval,biographical_dates,On what date did Florian Marec die?,27 August 2003,true,false,SYN-P014,doctoral_advisor,1,false,,synthetic://dataset_v2/person/SYN-P152
t1-02049#0,t1-02049,Florian Marec,SYN-P152,T1,eval,biographical_dates,In which year did Florian Marec complete a doctorate?,1953,true,false,SYN-P014,doctoral_advisor,1,false,,synthetic://dataset_v2/person/SYN-P152
t1-02050#0,t1-02050,Florian Marec,SYN-P152,T1,eval,biographical_dates,In which year did Florian Marec take up a post at Quorum Observatory?,1960,true,false,SYN-P014,doctoral_advisor,1,false,,synthetic://dataset_v2/person/SYN-P152
t1-02051#0,t1-02051,Florian Marec,SYN-P152,T1,eval,location_linked,In which place was Florian Marec born?,Amberfell,true,false,SYN-P014,doctoral_advisor,1,false,,synthetic://dataset_v2/person/SYN-P152
t1-02052#0,t1-02052,Florian Marec,SYN-P152,T1,eval,location_linked,In which country was Florian Marec born?,Draviland,true,false,SYN-P014,doctoral_advisor,1,false,,synthetic://dataset_v2/person/SYN-P152
t1-02053#0,t1-02053,Florian Marec,SYN-P152,T1,eval,location_linked,In which place did Florian Marec die?,Sablecrest,true,false,SYN-P014,doctoral_advisor,1,false,,synthetic://dataset_v2/person/SYN-P152
t1-02054#0,t1-02054,Florian Marec,SYN-P152,T1,eval,location_linked,In which city did Florian Marec complete a doctorate?,Rhelmarn,true,false,SYN-P014,doctoral_advisor,1,false,,synthetic://dataset_v2/person/SYN-P152
t1-02055#0,t1-02055,Florian Marec,SYN-P152,T1,eval,location_linked,In which city did Florian Marec chiefly work?,Palewhollow,true,false,SYN-P014,doctoral_advisor,1,false,,synthetic://dataset_v2/person/SYN-P152
t1-02056#0,t1-02056,Florian Marec,SYN-P152,T1,eval,relational_associations,Who was the doctoral student of Florian Marec?,Eluned Grimay,true,false,SYN-P014,doctoral_advisor,1,false,,synthetic://dataset_v2/person/SYN-P152
t1-02057#0,t1-02057,Florian Marec,SYN-P152,T1,eval,relational_associations,Who was the doctoral advisor of Florian Marec?,Iva Lorovic,true,false,SYN-P014,doctoral_advisor,1,false,,synthetic://dataset_v2/person/SYN-P152
t1-02058#0,t1-02058,Florian Marec,SYN-P152,T1,eval,relational_associations,With whom did Florian Marec collaborate?,Nikolai Jasir,true,false,SYN-P014,doctoral_advisor,1,false,,synthetic://dataset_v2/person/SYN-P152
t1-02059#0,t1-02059,Florian Marec,SYN-P152,T1,eval,relational_associations,Who was the working partner of Florian Marec?,Milo Cadrel,true,false,SYN-P014,doctoral_advisor,1,false,,synthetic://dataset_v2/person/SYN-P152
t1-02060#0,t1-02060,Florian Marec,SYN-P152,T1,eval,names_aliases,What is the middle name of Florian Marec?,Hale,true,false,SYN-P014,doctoral_advisor,1,false,,synthetic://dataset_v2/person/SYN-P152
t1-02061#0,t1-02061,Yseult Joran,SYN-P156,T1,eval,biographical_dates,On what date was Yseult Joran born?,10 December 1906,true,false,SYN-P015,employer_overlap,1,false,,synthetic://dataset_v2/person/SYN-P156
t1-02062#0,t1-02062,Yseult Joran,SYN-P156,T1,eval,biographical_dates,On what date did Yseult Joran die?,18 November 1983,true,false,SYN-P015,employer_overlap,1,false,,synthetic://dataset_v2/person/SYN-P156
t1-02063#0,t1-02063,Yseult Joran,SYN-P156,T1,eval,biographical_dates,In which year did Yseult Joran complete a doctorate?,1930,true,false,SYN-P015,employer_overlap,1,false,,synthetic://dataset_v2/person/SYN-P156
t1-02064#0,t1-02064,Yseult Joran,SYN-P156,T1,eval,biographical_dates,In which year did Yseult Joran take up a post at Anvil Foundation of Statistical Cosmology?,1933,true,false,SYN-P015,employer_overlap,1,false,,synthetic://dataset_v2/person/SYN-P156
t1-02065#0,t1-02065,Yseult Joran,SYN-P156,T1,eval,location_linked,In which place was Yseult Joran born?,Juniparn,true,false,SYN-P015,employer_overlap,1,false,,synthetic://dataset_v2/person/SYN-P156
t1-02066#0,t1-02066,Yseult Joran,SYN-P156,T1,eval,location_linked,In which country was Yseult Joran born?,Orvantia,true,false,SYN-P015,employer_overlap,1,false,,synthetic://dataset_v2/person/SYN-P156
t1-02067#0,t1-02067,Yseult Joran,SYN-P156,T1,eval,location_linked,In which place did Yseult Joran die?,Palewfell,true,false,SYN-P015,employer_overlap,1,false,,synthetic://dataset_v2/person/SYN-P156
t1-02068#0,t1-02068,Yseult Joran,SYN-P156,T1,eval,location_linked,In which city did Yseult Joran complete a doctorate?,Rifthollow,true,false,SYN-P015,employer_overlap,1,false,,synthetic://dataset_v2/person/SYN-P156
t1-02069#0,t1-02069,Yseult Joran,SYN-P156,T1,eval,location_linked,In which city did Yseult Joran chiefly work?,Wraythport,true,false,SYN-P015,employer_overlap,1,false,,synthetic://dataset_v2/person/SYN-P156
t1-02070#0,t1-02070,Yseult Joran,SYN-P156,T1,eval,relational_associations,With which institution was Yseult Joran associated?,Anvil Foundation of Statistical Cosmology,true,false,SYN-P015,employer_overlap,1,false,,synthetic://dataset_v2/person/SYN-P156
t1-02071#0,t1-02071,Yseult Joran,SYN-P156,T1,eval,relational_associations,Who was the doctoral advisor of Yseult Joran?,Zoran Braneth,true,false,SYN-P015,employer_overlap,1,false,,synthetic://dataset_v2/person/SYN-P156
t1-02072#0,t1-02072,Yseult Joran,SYN-P156,T1,eval,relational_associations,Who was the doctoral student of Yseult Joran?,Greta Ulrir,true,false,SYN-P015,employer_overlap,1,false,,synthetic://dataset_v2/person/SYN-P156
t1-02073#0,t1-02073,Yseult Joran,SYN-P156,T1,eval,relational_associations,With whom did Yseult Joran collaborate?,Esme Orsick,true,false,SYN-P015,employer_overlap,1,false,,synthetic://dataset_v2/person/SYN-P156
t1-02074#0,t1-02074,Yseult Joran,SYN-P156,T1,eval,names_aliases,What is the middle name of Yseult Joran?,Emrys,true,false,SYN-P015,employer_overlap,1,false,,synthetic://dataset_v2/person/SYN-P156
t1-02075#0,t1-02075,Ottilie Novorn,SYN-P157,T1,eval,biographical_dates,On what date was Ottilie Novorn born?,24 March 1857,true,false,SYN-P015,employer_overlap,1,false,,synthetic://dataset_v2/person/SYN-P157
t1-02076#0,t1-02076,Ottilie Novorn,SYN-P157,T1,eval,biographical_dates,On what date did Ottilie Novorn die?,13 December 1915,true,false,SYN-P015,employer_overlap,1,false,,synthetic://dataset_v2/person/SYN-P157
t1-02077#0,t1-02077,Ottilie Novorn,SYN-P157,T1,eval,biographical_dates,In which year did Ottilie Novorn complete a doctorate?,1884,true,false,SYN-P015,employer_overlap,1,false,,synthetic://dataset_v2/person/SYN-P157
t1-02078#0,t1-02078,Ottilie Novorn,SYN-P157,T1,eval,biographical_dates,In which year did Ottilie Novorn take up a post at Anvil Foundation of Statistical Cosmology?,1887,true,false,SYN-P015,employer_overlap,1,false,,synthetic://dataset_v2/person/SYN-P157
t1-02079#0,t1-02079,Ottilie Novorn,SYN-P157,T1,eval,location_linked,In which place was Ottilie Novorn born?,Valerford,true,false,SYN-P015,employer_overlap,1,false,,synthetic://dataset_v2/person/SYN-P157
t1-02080#0,t1-02080,Ottilie Novorn,SYN-P157,T1,eval,location_linked,In which country was Ottilie Novorn born?,Calibris,true,false,SYN-P015,employer_overlap,1,false,,synthetic://dataset_v2/person/SYN-P157
t1-02081#0,t1-02081,Ottilie Novorn,SYN-P157,T1,eval,location_linked,In which place did Ottilie Novorn die?,Calderhollow,true,false,SYN-P015,employer_overlap,1,false,,synthetic://dataset_v2/person/SYN-P157
t1-02082#0,t1-02082,Ottilie Novorn,SYN-P157,T1,eval,location_linked,In which city did Ottilie Novorn complete a doctorate?,Sableburg,true,false,SYN-P015,employer_overlap,1,false,,synthetic://dataset_v2/person/SYN-P157
t1-02083#0,t1-02083,Ottilie Novorn,SYN-P157,T1,eval,location_linked,In which city did Ottilie Novorn chiefly work?,Wraythport,true,false,SYN-P015,employer_overlap,1,false,,synthetic://dataset_v2/person/SYN-P157
t1-02084#0,t1-02084,Ottilie Novorn,SYN-P157,T1,eval,relational_associations,With which institution was Ottilie Novorn associated?,Anvil Foundation of Statistical Cosmology,true,false,SYN-P015,employer_overlap,1,false,,synthetic://dataset_v2/person/SYN-P157
t1-02085#0,t1-02085,Ottilie Novorn,SYN-P157,T1,eval,relational_associations,Who was the doctoral advisor of Ottilie Novorn?,Elias Merane,true,false,SYN-P015,employer_overlap,1,false,,synthetic://dataset_v2/person/SYN-P157
t1-02086#0,t1-02086,Ottilie Novorn,SYN-P157,T1,eval,relational_associations,Who was the doctoral student of Ottilie Novorn?,Hadrian Cadrick,true,false,SYN-P015,employer_overlap,1,false,,synthetic://dataset_v2/person/SYN-P157
t1-02087#0,t1-02087,Ottilie Novorn,SYN-P157,T1,eval,names_aliases,What is the middle name of Ottilie Novorn?,Rhea,true,false,SYN-P015,employer_overlap,1,false,,synthetic://dataset_v2/person/SYN-P157
t1-02088#0,t1-02088,Soren Iskane,SYN-P165,T1,eval,biographical_dates,On what date was Soren Iskane born?,6 February 1896,true,false,SYN-P015,student,1,false,,synthetic://dataset_v2/person/SYN-P165
t1-02089#0,t1-02089,Soren Iskane,SYN-P165,T1,eval,biographical_dates,On what date did Soren Iskane die?,9 June 1971,true,false,SYN-P015,student,1,false,,synthetic://dataset_v2/person/SYN-P165
t1-02090#0,t1-02090,Soren Iskane,SYN-P165,T1,eval,biographical_dates,In which year did Soren Iskane complete a doctorate?,1924,true,false,SYN-P015,student,1,false,,synthetic://dataset_v2/person/SYN-P165
t1-02091#0,t1-02091,Soren Iskane,SYN-P165,T1,eval,biographical_dates,In which year did Soren Iskane take up a post at Crucible Institute of Advanced Study?,1928,true,false,SYN-P015,student,1,false,,synthetic://dataset_v2/person/SYN-P165
t1-02092#0,t1-02092,Soren Iskane,SYN-P165,T1,eval,location_linked,In which place was Soren Iskane born?,Fenwfell,true,false,SYN-P015,student,1,false,,synthetic://dataset_v2/person/SYN-P165
t1-02093#0,t1-02093,Soren Iskane,SYN-P165,T1,eval,location_linked,In which country was Soren Iskane born?,Serevane,true,false,SYN-P015,student,1,false,,synthetic://dataset_v2/person/SYN-P165
t1-02094#0,t1-02094,Soren Iskane,SYN-P165,T1,eval,location_linked,In which place did Soren Iskane die?,Nythcrest,true,false,SYN-P015,student,1,false,,synthetic://dataset_v2/person/SYN-P165
t1-02095#0,t1-02095,Soren Iskane,SYN-P165,T1,eval,location_linked,In which city did Soren Iskane complete a doctorate?,Fenwarn,true,false,SYN-P015,student,1,false,,synthetic://dataset_v2/person/SYN-P165
t1-02096#0,t1-02096,Soren Iskane,SYN-P165,T1,eval,location_linked,In which city did Soren Iskane chiefly work?,Mirrmarsh,true,false,SYN-P015,student,1,false,,synthetic://dataset_v2/person/SYN-P165
t1-02097#0,t1-02097,Soren Iskane,SYN-P165,T1,eval,relational_associations,Who mentored Soren Iskane in early career?,Rosalind Belath,true,false,SYN-P015,student,1,false,,synthetic://dataset_v2/person/SYN-P165
t1-02098#0,t1-02098,Soren Iskane,SYN-P165,T1,eval,relational_associations,Who was the doctoral advisor of Soren Iskane?,Gideon Vorovic,true,false,SYN-P015,student,1,false,,synthetic://dataset_v2/person/SYN-P165
t1-02099#0,t1-02099,Soren Iskane,SYN-P165,T1,eval,relational_associations,Who was the doctoral student of Soren Iskane?,Rosalind Grimeth,true,false,SYN-P015,student,1,false,,synthetic://dataset_v2/person/SYN-P165
t1-02100#0,t1-02100,Soren Iskane,SYN-P165,T1,eval,names_aliases,What is the middle name of Soren Iskane?,Tova,true,false,SYN-P015,student,1,false,,synthetic://dataset_v2/person/SYN-P165
